{
  "Top": "nnet",
  "RtlTop": "nnet",
  "RtlPrefix": "",
  "RtlSubPrefix": "nnet_",
  "SourceLanguage": "cpp",
  "HostMachineBits": "64",
  "FunctionProtocol": "ap_ctrl_hs",
  "ResetStyle": "control",
  "Target": {
    "Family": "azynq",
    "Device": "xa7z030",
    "Package": "-fbg484",
    "Speed": "-1I",
    "Triple": "fpga64-xilinx-none"
  },
  "Args": {
    "in": {
      "index": "0",
      "direction": "in",
      "srcType": "stream<ap_fixed<24, 10, AP_RND, AP_WRAP, 0>, 0>&",
      "srcSize": "32",
      "hwRefs": [{
          "type": "interface",
          "interface": "in_r",
          "name": "",
          "usage": "data",
          "direction": "in"
        }]
    },
    "out": {
      "index": "1",
      "direction": "out",
      "srcType": "stream<ap_fixed<24, 10, AP_RND, AP_WRAP, 0>, 0>&",
      "srcSize": "32",
      "hwRefs": [{
          "type": "interface",
          "interface": "out_r",
          "name": "",
          "usage": "data",
          "direction": "out"
        }]
    }
  },
  "HlsSolution": {
    "FlowTarget": "vivado",
    "ConfigTcl": [
      "config_export -rtl=vhdl",
      "config_export -vivado_clock=10"
    ],
    "DirectiveTcl": [
      "set_directive_stream nnet in",
      "set_directive_stream nnet out",
      "set_directive_top nnet -name nnet",
      "set_directive_dataflow nnet ",
      "set_directive_pipeline fc\/fc_mul_weight_outer -II 1",
      "set_directive_top nnet -name nnet",
      "set_directive_top nnet -name nnet",
      "set_directive_top nnet -name nnet",
      "set_directive_top nnet -name nnet"
    ],
    "ProfileOption": "0",
    "ProfileType": "none",
    "KernelName": "nnet"
  },
  "ClockInfo": {
    "ClockName": "ap_clk",
    "ClockPeriod": "10",
    "Uncertainty": "2.7",
    "IsCombinational": "0",
    "II": "22439",
    "Latency": "22438"
  },
  "Xdc": {"OocClocks": ["create_clock -name ap_clk -period 10.000 [get_ports ap_clk]"]},
  "Ipx": {
    "Vendor": "xilinx.com",
    "Library": "hls",
    "Name": "nnet",
    "Version": "1.0",
    "DisplayName": "Nnet",
    "Revision": "",
    "Description": "An IP generated by Vitis HLS",
    "Taxonomy": "\/VITIS_HLS_IP",
    "AutoFamilySupport": "",
    "ZipFile": "xilinx_com_hls_nnet_1_0.zip"
  },
  "Files": {
    "CSource": [
      "..\/..\/layers.cpp",
      "..\/..\/fc_weights.cpp",
      "..\/..\/conv_weights.cpp",
      "..\/..\/activations.cpp"
    ],
    "Vhdl": [
      "impl\/vhdl\/conv.vhd",
      "impl\/vhdl\/conv_conv_Pipeline_conv_label5_conv_label4_conv_label3.vhd",
      "impl\/vhdl\/conv_conv_Pipeline_VITIS_LOOP_112_1.vhd",
      "impl\/vhdl\/conv_flow_control_loop_pipe_sequential_init.vhd",
      "impl\/vhdl\/conv_mul_mul_18s_18s_36_4_1.vhd",
      "impl\/vhdl\/conv_vla1_0_0_0_RAM_1WNR_AUTO_1R1W.vhd",
      "impl\/vhdl\/fc.vhd",
      "impl\/vhdl\/fc_dadd_64ns_64ns_64_7_full_dsp_1.vhd",
      "impl\/vhdl\/fc_dexp_64ns_64ns_64_18_full_dsp_1.vhd",
      "impl\/vhdl\/fc_dlog_64ns_64ns_64_31_full_dsp_1.vhd",
      "impl\/vhdl\/fc_exp_18_4_s.vhd",
      "impl\/vhdl\/fc_exp_18_4_s_exp_x_msb_1_table_V_ROM_AUTO_1R.vhd",
      "impl\/vhdl\/fc_exp_18_4_s_f_x_msb_2_table_V_ROM_AUTO_1R.vhd",
      "impl\/vhdl\/fc_exp_18_4_s_f_x_msb_3_table_V_ROM_AUTO_1R.vhd",
      "impl\/vhdl\/fc_exp_19_7_s.vhd",
      "impl\/vhdl\/fc_exp_19_7_s_exp_x_msb_1_table_V_ROM_AUTO_1R.vhd",
      "impl\/vhdl\/fc_exp_19_7_s_f_x_msb_2_table_V_ROM_AUTO_1R.vhd",
      "impl\/vhdl\/fc_exp_19_7_s_f_x_msb_3_table_V_ROM_AUTO_1R.vhd",
      "impl\/vhdl\/fc_faddfsub_32ns_32ns_32_5_full_dsp_1.vhd",
      "impl\/vhdl\/fc_fc_Pipeline_1.vhd",
      "impl\/vhdl\/fc_fc_Pipeline_fc_copy_tostream.vhd",
      "impl\/vhdl\/fc_fc_Pipeline_fc_mul_weight_outer.vhd",
      "impl\/vhdl\/fc_fc_Pipeline_softmax_exp.vhd",
      "impl\/vhdl\/fc_fc_Pipeline_softmax_sum.vhd",
      "impl\/vhdl\/fc_fc_Pipeline_VITIS_LOOP_9_1_VITIS_LOOP_11_2.vhd",
      "impl\/vhdl\/fc_fc_Pipeline_VITIS_LOOP_10_1.vhd",
      "impl\/vhdl\/fc_fc_Pipeline_VITIS_LOOP_15_3.vhd",
      "impl\/vhdl\/fc_fc_Pipeline_VITIS_LOOP_16_1.vhd",
      "impl\/vhdl\/fc_fc_Pipeline_VITIS_LOOP_17_3.vhd",
      "impl\/vhdl\/fc_fc_Pipeline_VITIS_LOOP_20_1.vhd",
      "impl\/vhdl\/fc_fc_Pipeline_VITIS_LOOP_23_2.vhd",
      "impl\/vhdl\/fc_fc_Pipeline_VITIS_LOOP_25_4.vhd",
      "impl\/vhdl\/fc_fc_Pipeline_VITIS_LOOP_28_3.vhd",
      "impl\/vhdl\/fc_fcmp_32ns_32ns_1_2_no_dsp_1.vhd",
      "impl\/vhdl\/fc_flow_control_loop_pipe_sequential_init.vhd",
      "impl\/vhdl\/fc_fmul_32ns_32ns_32_4_max_dsp_1.vhd",
      "impl\/vhdl\/fc_fpext_32ns_64_2_no_dsp_1.vhd",
      "impl\/vhdl\/fc_fptrunc_64ns_32_2_no_dsp_1.vhd",
      "impl\/vhdl\/fc_log_18_4_s.vhd",
      "impl\/vhdl\/fc_log_18_4_s_log_apfixed_reduce_log0_lut_table_ap_fixed_29_7_ap_q_mode_5_ap_o_mbkb.vhd",
      "impl\/vhdl\/fc_log_18_4_s_log_apfixed_reduce_log_inverse_lut_table_array_V_ROM_AUTO_1R.vhd",
      "impl\/vhdl\/fc_log_18_4_s_log_apfixed_reduce_log_lut_table_ap_fixed_29_7_ap_q_mode_5_ap_o_mocud.vhd",
      "impl\/vhdl\/fc_mac_mulsub_24ns_4ns_29ns_29_4_1.vhd",
      "impl\/vhdl\/fc_mul_5s_23ns_28_1_1.vhd",
      "impl\/vhdl\/fc_mul_9ns_9ns_18_1_1.vhd",
      "impl\/vhdl\/fc_mul_50ns_47ns_97_2_1.vhd",
      "impl\/vhdl\/fc_mul_50ns_50ns_100_2_1.vhd",
      "impl\/vhdl\/fc_mul_mul_18s_18s_36_4_1.vhd",
      "impl\/vhdl\/fc_mul_mul_24ns_6ns_30_4_1.vhd",
      "impl\/vhdl\/fc_output_RAM_AUTO_1R1W.vhd",
      "impl\/vhdl\/fc_output_V_RAM_AUTO_1R1W.vhd",
      "impl\/vhdl\/nnet_conv.vhd",
      "impl\/vhdl\/nnet_conv_buff_V_RAM_1WNR_AUTO_1R1W.vhd",
      "impl\/vhdl\/nnet_conv_conv_buff_V_RAM_1WNR_AUTO_1R1W.vhd",
      "impl\/vhdl\/nnet_conv_Pipeline_conv_label5_conv_label4_conv_label3.vhd",
      "impl\/vhdl\/nnet_conv_Pipeline_conv_label5_conv_label4_conv_label3_conv_bias_V_ROM_AUTO_1R.vhd",
      "impl\/vhdl\/nnet_conv_Pipeline_conv_label5_conv_label4_conv_label3_conv_weights_V_0_0_0_ROM_AUbkb.vhd",
      "impl\/vhdl\/nnet_conv_Pipeline_conv_label5_conv_label4_conv_label3_conv_weights_V_0_1_0_ROM_AUcud.vhd",
      "impl\/vhdl\/nnet_conv_Pipeline_conv_label5_conv_label4_conv_label3_conv_weights_V_0_2_0_ROM_AUdEe.vhd",
      "impl\/vhdl\/nnet_conv_Pipeline_conv_label5_conv_label4_conv_label3_conv_weights_V_1_0_0_ROM_AUeOg.vhd",
      "impl\/vhdl\/nnet_conv_Pipeline_conv_label5_conv_label4_conv_label3_conv_weights_V_1_1_0_ROM_AUfYi.vhd",
      "impl\/vhdl\/nnet_conv_Pipeline_conv_label5_conv_label4_conv_label3_conv_weights_V_1_2_0_ROM_AUg8j.vhd",
      "impl\/vhdl\/nnet_conv_Pipeline_conv_label5_conv_label4_conv_label3_conv_weights_V_2_0_0_ROM_AUhbi.vhd",
      "impl\/vhdl\/nnet_conv_Pipeline_conv_label5_conv_label4_conv_label3_conv_weights_V_2_1_0_ROM_AUibs.vhd",
      "impl\/vhdl\/nnet_conv_Pipeline_conv_label5_conv_label4_conv_label3_conv_weights_V_2_2_0_ROM_AUjbC.vhd",
      "impl\/vhdl\/nnet_conv_Pipeline_conv_read_input.vhd",
      "impl\/vhdl\/nnet_dcmp_64ns_64ns_1_2_no_dsp_1.vhd",
      "impl\/vhdl\/nnet_exp_18_4_s.vhd",
      "impl\/vhdl\/nnet_exp_18_4_s_exp_x_msb_1_table_V_ROM_AUTO_1R.vhd",
      "impl\/vhdl\/nnet_exp_18_4_s_f_x_msb_2_table_V_ROM_AUTO_1R.vhd",
      "impl\/vhdl\/nnet_exp_18_4_s_f_x_msb_3_table_V_ROM_AUTO_1R.vhd",
      "impl\/vhdl\/nnet_exp_19_5_s.vhd",
      "impl\/vhdl\/nnet_exp_19_5_s_exp_x_msb_1_table_V_ROM_AUTO_1R.vhd",
      "impl\/vhdl\/nnet_exp_19_5_s_f_x_msb_2_table_V_ROM_AUTO_1R.vhd",
      "impl\/vhdl\/nnet_exp_19_5_s_f_x_msb_3_table_V_ROM_AUTO_1R.vhd",
      "impl\/vhdl\/nnet_exp_19_7_s.vhd",
      "impl\/vhdl\/nnet_exp_19_7_s_exp_x_msb_1_table_V_ROM_AUTO_1R.vhd",
      "impl\/vhdl\/nnet_exp_19_7_s_f_x_msb_2_table_V_ROM_AUTO_1R.vhd",
      "impl\/vhdl\/nnet_exp_19_7_s_f_x_msb_3_table_V_ROM_AUTO_1R.vhd",
      "impl\/vhdl\/nnet_exp_24_10_s.vhd",
      "impl\/vhdl\/nnet_exp_24_10_s_exp_x_msb_1_table_V_ROM_AUTO_1R.vhd",
      "impl\/vhdl\/nnet_exp_24_10_s_f_x_msb_2_table_V_ROM_AUTO_1R.vhd",
      "impl\/vhdl\/nnet_exp_24_10_s_f_x_msb_3_table_V_ROM_AUTO_1R.vhd",
      "impl\/vhdl\/nnet_fc.vhd",
      "impl\/vhdl\/nnet_fc_output_V_RAM_AUTO_1R1W.vhd",
      "impl\/vhdl\/nnet_fc_Pipeline_fc_add_bias.vhd",
      "impl\/vhdl\/nnet_fc_Pipeline_fc_add_bias_fc_bias_V_ROM_AUTO_1R.vhd",
      "impl\/vhdl\/nnet_fc_Pipeline_fc_copy_tostream.vhd",
      "impl\/vhdl\/nnet_fc_Pipeline_fc_mul_weight_outer.vhd",
      "impl\/vhdl\/nnet_fc_Pipeline_fc_mul_weight_outer_fc_weights_V_0_ROM_AUTO_1R.vhd",
      "impl\/vhdl\/nnet_fc_Pipeline_fc_mul_weight_outer_fc_weights_V_1_ROM_AUTO_1R.vhd",
      "impl\/vhdl\/nnet_fc_Pipeline_fc_mul_weight_outer_fc_weights_V_2_ROM_AUTO_1R.vhd",
      "impl\/vhdl\/nnet_fc_Pipeline_fc_mul_weight_outer_fc_weights_V_3_ROM_AUTO_1R.vhd",
      "impl\/vhdl\/nnet_fc_Pipeline_fc_mul_weight_outer_fc_weights_V_4_ROM_AUTO_1R.vhd",
      "impl\/vhdl\/nnet_fc_Pipeline_fc_mul_weight_outer_fc_weights_V_5_ROM_AUTO_1R.vhd",
      "impl\/vhdl\/nnet_fc_Pipeline_fc_mul_weight_outer_fc_weights_V_6_ROM_AUTO_1R.vhd",
      "impl\/vhdl\/nnet_fc_Pipeline_fc_mul_weight_outer_fc_weights_V_7_ROM_AUTO_1R.vhd",
      "impl\/vhdl\/nnet_fc_Pipeline_fc_mul_weight_outer_fc_weights_V_8_ROM_AUTO_1R.vhd",
      "impl\/vhdl\/nnet_fc_Pipeline_fc_mul_weight_outer_fc_weights_V_9_ROM_AUTO_1R.vhd",
      "impl\/vhdl\/nnet_fc_Pipeline_softmax_exp.vhd",
      "impl\/vhdl\/nnet_fc_Pipeline_softmax_sum.vhd",
      "impl\/vhdl\/nnet_fc_Pipeline_VITIS_LOOP_20_1.vhd",
      "impl\/vhdl\/nnet_fc_Pipeline_VITIS_LOOP_20_1_fc_bias_V_ROM_AUTO_1R.vhd",
      "impl\/vhdl\/nnet_fc_Pipeline_VITIS_LOOP_22_2.vhd",
      "impl\/vhdl\/nnet_fc_Pipeline_VITIS_LOOP_23_2.vhd",
      "impl\/vhdl\/nnet_fifo_w18_d2_S.vhd",
      "impl\/vhdl\/nnet_fifo_w24_d2_S.vhd",
      "impl\/vhdl\/nnet_flow_control_loop_pipe.vhd",
      "impl\/vhdl\/nnet_flow_control_loop_pipe_sequential_init.vhd",
      "impl\/vhdl\/nnet_log_18_4_s.vhd",
      "impl\/vhdl\/nnet_log_18_4_s_log_apfixed_reduce_log0_lut_table_ap_fixed_29_7_ap_q_mode_5_ap_o_mkbM.vhd",
      "impl\/vhdl\/nnet_log_18_4_s_log_apfixed_reduce_log0_lut_table_ap_fixed_29_7_ap_q_mode_5_ap_o_mlbW.vhd",
      "impl\/vhdl\/nnet_log_18_4_s_log_apfixed_reduce_log_inverse_lut_table_array_V_ROM_AUTO_1R.vhd",
      "impl\/vhdl\/nnet_log_18_4_s_log_apfixed_reduce_log_lut_table_ap_fixed_29_7_ap_q_mode_5_ap_o_molbW.vhd",
      "impl\/vhdl\/nnet_log_18_4_s_log_apfixed_reduce_log_lut_table_ap_fixed_29_7_ap_q_mode_5_ap_o_momb6.vhd",
      "impl\/vhdl\/nnet_log_24_10_s.vhd",
      "impl\/vhdl\/nnet_log_24_10_s_log_apfixed_reduce_log0_lut_table_ap_fixed_29_7_ap_q_mode_5_ap_o_kbM.vhd",
      "impl\/vhdl\/nnet_log_24_10_s_log_apfixed_reduce_log_inverse_lut_table_array_V_ROM_AUTO_1R.vhd",
      "impl\/vhdl\/nnet_log_24_10_s_log_apfixed_reduce_log_lut_table_ap_fixed_29_7_ap_q_mode_5_ap_o_mlbW.vhd",
      "impl\/vhdl\/nnet_mac_mulsub_24ns_4ns_29ns_29_4_1.vhd",
      "impl\/vhdl\/nnet_mul_5s_23ns_28_1_1.vhd",
      "impl\/vhdl\/nnet_mul_9ns_9ns_18_1_1.vhd",
      "impl\/vhdl\/nnet_mul_30s_6ns_30_1_1.vhd",
      "impl\/vhdl\/nnet_mul_30s_6ns_30_2_1.vhd",
      "impl\/vhdl\/nnet_mul_50ns_47ns_97_2_1.vhd",
      "impl\/vhdl\/nnet_mul_50ns_47ns_97_5_1.vhd",
      "impl\/vhdl\/nnet_mul_50ns_50ns_100_2_1.vhd",
      "impl\/vhdl\/nnet_mul_50ns_50ns_100_5_1.vhd",
      "impl\/vhdl\/nnet_mul_mul_10s_18s_28_4_1.vhd",
      "impl\/vhdl\/nnet_mul_mul_11s_18s_29_4_1.vhd",
      "impl\/vhdl\/nnet_mul_mul_12s_18s_30_4_1.vhd",
      "impl\/vhdl\/nnet_mul_mul_13s_18s_31_4_1.vhd",
      "impl\/vhdl\/nnet_mul_mul_15s_18s_33_4_1.vhd",
      "impl\/vhdl\/nnet_mul_mul_15s_24s_39_4_1.vhd",
      "impl\/vhdl\/nnet_mul_mul_16s_18s_34_4_1.vhd",
      "impl\/vhdl\/nnet_mul_mul_16s_24s_40_4_1.vhd",
      "impl\/vhdl\/nnet_mul_mul_18s_12s_30_4_1.vhd",
      "impl\/vhdl\/nnet_mul_mul_18s_13s_31_4_1.vhd",
      "impl\/vhdl\/nnet_mul_mul_24ns_6ns_30_4_1.vhd",
      "impl\/vhdl\/nnet_mul_mul_24s_15s_39_4_1.vhd",
      "impl\/vhdl\/nnet_mul_mul_24s_16s_40_4_1.vhd",
      "impl\/vhdl\/nnet_nnet_Pipeline_conv_label5_conv_label4_conv_label3.vhd",
      "impl\/vhdl\/nnet_nnet_Pipeline_conv_label5_conv_label4_conv_label3_conv_bias_V_ROM_AUTO_1R.vhd",
      "impl\/vhdl\/nnet_nnet_Pipeline_conv_label5_conv_label4_conv_label3_conv_weights_V_0_0_0_ROM_AUbkb.vhd",
      "impl\/vhdl\/nnet_nnet_Pipeline_conv_label5_conv_label4_conv_label3_conv_weights_V_0_1_0_ROM_AUcud.vhd",
      "impl\/vhdl\/nnet_nnet_Pipeline_conv_label5_conv_label4_conv_label3_conv_weights_V_0_2_0_ROM_AUdEe.vhd",
      "impl\/vhdl\/nnet_nnet_Pipeline_conv_label5_conv_label4_conv_label3_conv_weights_V_1_0_0_ROM_AUeOg.vhd",
      "impl\/vhdl\/nnet_nnet_Pipeline_conv_label5_conv_label4_conv_label3_conv_weights_V_1_1_0_ROM_AUfYi.vhd",
      "impl\/vhdl\/nnet_nnet_Pipeline_conv_label5_conv_label4_conv_label3_conv_weights_V_1_2_0_ROM_AUg8j.vhd",
      "impl\/vhdl\/nnet_nnet_Pipeline_conv_label5_conv_label4_conv_label3_conv_weights_V_2_0_0_ROM_AUhbi.vhd",
      "impl\/vhdl\/nnet_nnet_Pipeline_conv_label5_conv_label4_conv_label3_conv_weights_V_2_1_0_ROM_AUibs.vhd",
      "impl\/vhdl\/nnet_nnet_Pipeline_conv_label5_conv_label4_conv_label3_conv_weights_V_2_2_0_ROM_AUjbC.vhd",
      "impl\/vhdl\/nnet_nnet_Pipeline_conv_read_input.vhd",
      "impl\/vhdl\/nnet_nnet_Pipeline_fc_copy_tostream.vhd",
      "impl\/vhdl\/nnet_nnet_Pipeline_fc_inner.vhd",
      "impl\/vhdl\/nnet_nnet_Pipeline_fc_inner_fc_weights_V_ROM_AUTO_1R.vhd",
      "impl\/vhdl\/nnet_nnet_Pipeline_fc_mul_weight_outer.vhd",
      "impl\/vhdl\/nnet_nnet_Pipeline_fc_mul_weight_outer_fc_weights_V_0_ROM_AUTO_1R.vhd",
      "impl\/vhdl\/nnet_nnet_Pipeline_fc_mul_weight_outer_fc_weights_V_1_ROM_AUTO_1R.vhd",
      "impl\/vhdl\/nnet_nnet_Pipeline_fc_mul_weight_outer_fc_weights_V_2_ROM_AUTO_1R.vhd",
      "impl\/vhdl\/nnet_nnet_Pipeline_fc_mul_weight_outer_fc_weights_V_3_ROM_AUTO_1R.vhd",
      "impl\/vhdl\/nnet_nnet_Pipeline_fc_mul_weight_outer_fc_weights_V_4_ROM_AUTO_1R.vhd",
      "impl\/vhdl\/nnet_nnet_Pipeline_fc_mul_weight_outer_fc_weights_V_5_ROM_AUTO_1R.vhd",
      "impl\/vhdl\/nnet_nnet_Pipeline_fc_mul_weight_outer_fc_weights_V_6_ROM_AUTO_1R.vhd",
      "impl\/vhdl\/nnet_nnet_Pipeline_fc_mul_weight_outer_fc_weights_V_7_ROM_AUTO_1R.vhd",
      "impl\/vhdl\/nnet_nnet_Pipeline_fc_mul_weight_outer_fc_weights_V_8_ROM_AUTO_1R.vhd",
      "impl\/vhdl\/nnet_nnet_Pipeline_fc_mul_weight_outer_fc_weights_V_9_ROM_AUTO_1R.vhd",
      "impl\/vhdl\/nnet_nnet_Pipeline_fc_outer.vhd",
      "impl\/vhdl\/nnet_nnet_Pipeline_fc_outer_fc_weights_V_0_ROM_AUTO_1R.vhd",
      "impl\/vhdl\/nnet_nnet_Pipeline_fc_outer_fc_weights_V_1_ROM_AUTO_1R.vhd",
      "impl\/vhdl\/nnet_nnet_Pipeline_fc_outer_fc_weights_V_2_ROM_AUTO_1R.vhd",
      "impl\/vhdl\/nnet_nnet_Pipeline_fc_outer_fc_weights_V_3_ROM_AUTO_1R.vhd",
      "impl\/vhdl\/nnet_nnet_Pipeline_fc_outer_fc_weights_V_4_ROM_AUTO_1R.vhd",
      "impl\/vhdl\/nnet_nnet_Pipeline_fc_outer_fc_weights_V_5_ROM_AUTO_1R.vhd",
      "impl\/vhdl\/nnet_nnet_Pipeline_fc_outer_fc_weights_V_6_ROM_AUTO_1R.vhd",
      "impl\/vhdl\/nnet_nnet_Pipeline_fc_outer_fc_weights_V_7_ROM_AUTO_1R.vhd",
      "impl\/vhdl\/nnet_nnet_Pipeline_fc_outer_fc_weights_V_8_ROM_AUTO_1R.vhd",
      "impl\/vhdl\/nnet_nnet_Pipeline_fc_outer_fc_weights_V_9_ROM_AUTO_1R.vhd",
      "impl\/vhdl\/nnet_nnet_Pipeline_pool_maxsearch5_pool_maxsearch3_pool_maxsearch2_pool_maxsearch1.vhd",
      "impl\/vhdl\/nnet_nnet_Pipeline_pool_maxsearch5_pool_maxsearch3_pool_maxsearch2_pool_maxsearch1fYi.vhd",
      "impl\/vhdl\/nnet_nnet_Pipeline_pool_maxsearch5_pool_maxsearch3_pool_maxsearch2_pool_maxsearch1kbM.vhd",
      "impl\/vhdl\/nnet_nnet_Pipeline_pool_stream_empty.vhd",
      "impl\/vhdl\/nnet_nnet_Pipeline_VITIS_LOOP_12_1.vhd",
      "impl\/vhdl\/nnet_nnet_Pipeline_VITIS_LOOP_12_1_fc_weights_V_0_ROM_AUTO_1R.vhd",
      "impl\/vhdl\/nnet_nnet_Pipeline_VITIS_LOOP_12_1_fc_weights_V_1_ROM_AUTO_1R.vhd",
      "impl\/vhdl\/nnet_nnet_Pipeline_VITIS_LOOP_12_1_fc_weights_V_2_ROM_AUTO_1R.vhd",
      "impl\/vhdl\/nnet_nnet_Pipeline_VITIS_LOOP_12_1_fc_weights_V_3_ROM_AUTO_1R.vhd",
      "impl\/vhdl\/nnet_nnet_Pipeline_VITIS_LOOP_12_1_fc_weights_V_4_ROM_AUTO_1R.vhd",
      "impl\/vhdl\/nnet_nnet_Pipeline_VITIS_LOOP_12_1_fc_weights_V_5_ROM_AUTO_1R.vhd",
      "impl\/vhdl\/nnet_nnet_Pipeline_VITIS_LOOP_12_1_fc_weights_V_6_ROM_AUTO_1R.vhd",
      "impl\/vhdl\/nnet_nnet_Pipeline_VITIS_LOOP_12_1_fc_weights_V_7_ROM_AUTO_1R.vhd",
      "impl\/vhdl\/nnet_nnet_Pipeline_VITIS_LOOP_12_1_fc_weights_V_8_ROM_AUTO_1R.vhd",
      "impl\/vhdl\/nnet_nnet_Pipeline_VITIS_LOOP_12_1_fc_weights_V_9_ROM_AUTO_1R.vhd",
      "impl\/vhdl\/nnet_nnet_Pipeline_VITIS_LOOP_23_2.vhd",
      "impl\/vhdl\/nnet_nnet_Pipeline_VITIS_LOOP_27_4.vhd",
      "impl\/vhdl\/nnet_nnet_Pipeline_VITIS_LOOP_44_1_VITIS_LOOP_46_3_VITIS_LOOP_47_4_VITIS_LOOP_48_5.vhd",
      "impl\/vhdl\/nnet_nnet_Pipeline_VITIS_LOOP_44_1_VITIS_LOOP_46_3_VITIS_LOOP_47_4_VITIS_LOOP_48_5fYi.vhd",
      "impl\/vhdl\/nnet_nnet_Pipeline_VITIS_LOOP_46_1_VITIS_LOOP_48_3_VITIS_LOOP_49_4_VITIS_LOOP_50_5.vhd",
      "impl\/vhdl\/nnet_nnet_Pipeline_VITIS_LOOP_46_1_VITIS_LOOP_48_3_VITIS_LOOP_49_4_VITIS_LOOP_50_5fYi.vhd",
      "impl\/vhdl\/nnet_nnet_Pipeline_VITIS_LOOP_47_1_VITIS_LOOP_49_3_VITIS_LOOP_50_4_VITIS_LOOP_51_5.vhd",
      "impl\/vhdl\/nnet_nnet_Pipeline_VITIS_LOOP_47_1_VITIS_LOOP_49_3_VITIS_LOOP_50_4_VITIS_LOOP_51_5fYi.vhd",
      "impl\/vhdl\/nnet_nnet_Pipeline_VITIS_LOOP_48_1_VITIS_LOOP_50_3_VITIS_LOOP_51_4_VITIS_LOOP_52_5.vhd",
      "impl\/vhdl\/nnet_nnet_Pipeline_VITIS_LOOP_48_1_VITIS_LOOP_50_3_VITIS_LOOP_51_4_VITIS_LOOP_52_5fYi.vhd",
      "impl\/vhdl\/nnet_nnet_Pipeline_VITIS_LOOP_82_11.vhd",
      "impl\/vhdl\/nnet_nnet_Pipeline_VITIS_LOOP_84_11.vhd",
      "impl\/vhdl\/nnet_nnet_Pipeline_VITIS_LOOP_85_11.vhd",
      "impl\/vhdl\/nnet_nnet_Pipeline_VITIS_LOOP_86_11.vhd",
      "impl\/vhdl\/nnet_nnet_Pipeline_VITIS_LOOP_93_4.vhd",
      "impl\/vhdl\/nnet_nnet_Pipeline_VITIS_LOOP_115_1.vhd",
      "impl\/vhdl\/nnet_nnet_Pipeline_VITIS_LOOP_117_1.vhd",
      "impl\/vhdl\/nnet_nnet_Pipeline_VITIS_LOOP_118_1.vhd",
      "impl\/vhdl\/nnet_nnet_Pipeline_VITIS_LOOP_119_1.vhd",
      "impl\/vhdl\/nnet_nnet_Pipeline_VITIS_LOOP_126_1.vhd",
      "impl\/vhdl\/nnet_output_V_RAM_AUTO_1R1W.vhd",
      "impl\/vhdl\/nnet_pool.vhd",
      "impl\/vhdl\/nnet_pool_buff_V_RAM_AUTO_1R1W.vhd",
      "impl\/vhdl\/nnet_pool_Pipeline_pool_maxsearch5_pool_maxsearch3_pool_maxsearch2_pool_maxsearch1.vhd",
      "impl\/vhdl\/nnet_pool_Pipeline_pool_maxsearch5_pool_maxsearch3_pool_maxsearch2_pool_maxsearch1fYi.vhd",
      "impl\/vhdl\/nnet_pool_Pipeline_pool_stream_empty.vhd",
      "impl\/vhdl\/nnet_pool_pool_buff_V_RAM_AUTO_1R1W.vhd",
      "impl\/vhdl\/nnet_softmax.vhd",
      "impl\/vhdl\/nnet_softmax_Pipeline_softmax_exp.vhd",
      "impl\/vhdl\/nnet_softmax_Pipeline_softmax_sum.vhd",
      "impl\/vhdl\/nnet_softmax_Pipeline_VITIS_LOOP_15_1.vhd",
      "impl\/vhdl\/nnet_start_for_fc_U0.vhd",
      "impl\/vhdl\/nnet_start_for_pool_U0.vhd",
      "impl\/vhdl\/pool.vhd",
      "impl\/vhdl\/pool_flow_control_loop_pipe_sequential_init.vhd",
      "impl\/vhdl\/pool_pool_Pipeline_VITIS_LOOP_37_1_VITIS_LOOP_39_3_VITIS_LOOP_40_4_VITIS_LOOP_41_5.vhd",
      "impl\/vhdl\/pool_pool_Pipeline_VITIS_LOOP_37_1_VITIS_LOOP_39_3_VITIS_LOOP_40_4_VITIS_LOOP_41_5bkb.vhd",
      "impl\/vhdl\/pool_pool_Pipeline_VITIS_LOOP_75_11.vhd",
      "impl\/vhdl\/nnet.vhd"
    ],
    "Verilog": [
      "impl\/verilog\/conv.v",
      "impl\/verilog\/conv_conv_Pipeline_conv_label5_conv_label4_conv_label3.v",
      "impl\/verilog\/conv_conv_Pipeline_VITIS_LOOP_112_1.v",
      "impl\/verilog\/conv_flow_control_loop_pipe_sequential_init.v",
      "impl\/verilog\/conv_mul_mul_18s_18s_36_4_1.v",
      "impl\/verilog\/conv_vla1_0_0_0_RAM_1WNR_AUTO_1R1W.v",
      "impl\/verilog\/fc.v",
      "impl\/verilog\/fc_dadd_64ns_64ns_64_7_full_dsp_1.v",
      "impl\/verilog\/fc_dexp_64ns_64ns_64_18_full_dsp_1.v",
      "impl\/verilog\/fc_dlog_64ns_64ns_64_31_full_dsp_1.v",
      "impl\/verilog\/fc_exp_18_4_s.v",
      "impl\/verilog\/fc_exp_18_4_s_exp_x_msb_1_table_V_ROM_AUTO_1R.dat",
      "impl\/verilog\/fc_exp_18_4_s_exp_x_msb_1_table_V_ROM_AUTO_1R.v",
      "impl\/verilog\/fc_exp_18_4_s_f_x_msb_2_table_V_ROM_AUTO_1R.dat",
      "impl\/verilog\/fc_exp_18_4_s_f_x_msb_2_table_V_ROM_AUTO_1R.v",
      "impl\/verilog\/fc_exp_18_4_s_f_x_msb_3_table_V_ROM_AUTO_1R.dat",
      "impl\/verilog\/fc_exp_18_4_s_f_x_msb_3_table_V_ROM_AUTO_1R.v",
      "impl\/verilog\/fc_exp_19_7_s.v",
      "impl\/verilog\/fc_exp_19_7_s_exp_x_msb_1_table_V_ROM_AUTO_1R.dat",
      "impl\/verilog\/fc_exp_19_7_s_exp_x_msb_1_table_V_ROM_AUTO_1R.v",
      "impl\/verilog\/fc_exp_19_7_s_f_x_msb_2_table_V_ROM_AUTO_1R.dat",
      "impl\/verilog\/fc_exp_19_7_s_f_x_msb_2_table_V_ROM_AUTO_1R.v",
      "impl\/verilog\/fc_exp_19_7_s_f_x_msb_3_table_V_ROM_AUTO_1R.dat",
      "impl\/verilog\/fc_exp_19_7_s_f_x_msb_3_table_V_ROM_AUTO_1R.v",
      "impl\/verilog\/fc_faddfsub_32ns_32ns_32_5_full_dsp_1.v",
      "impl\/verilog\/fc_fc_Pipeline_1.v",
      "impl\/verilog\/fc_fc_Pipeline_fc_copy_tostream.v",
      "impl\/verilog\/fc_fc_Pipeline_fc_mul_weight_outer.v",
      "impl\/verilog\/fc_fc_Pipeline_softmax_exp.v",
      "impl\/verilog\/fc_fc_Pipeline_softmax_sum.v",
      "impl\/verilog\/fc_fc_Pipeline_VITIS_LOOP_9_1_VITIS_LOOP_11_2.v",
      "impl\/verilog\/fc_fc_Pipeline_VITIS_LOOP_10_1.v",
      "impl\/verilog\/fc_fc_Pipeline_VITIS_LOOP_15_3.v",
      "impl\/verilog\/fc_fc_Pipeline_VITIS_LOOP_16_1.v",
      "impl\/verilog\/fc_fc_Pipeline_VITIS_LOOP_17_3.v",
      "impl\/verilog\/fc_fc_Pipeline_VITIS_LOOP_20_1.v",
      "impl\/verilog\/fc_fc_Pipeline_VITIS_LOOP_23_2.v",
      "impl\/verilog\/fc_fc_Pipeline_VITIS_LOOP_25_4.v",
      "impl\/verilog\/fc_fc_Pipeline_VITIS_LOOP_28_3.v",
      "impl\/verilog\/fc_fcmp_32ns_32ns_1_2_no_dsp_1.v",
      "impl\/verilog\/fc_flow_control_loop_pipe_sequential_init.v",
      "impl\/verilog\/fc_fmul_32ns_32ns_32_4_max_dsp_1.v",
      "impl\/verilog\/fc_fpext_32ns_64_2_no_dsp_1.v",
      "impl\/verilog\/fc_fptrunc_64ns_32_2_no_dsp_1.v",
      "impl\/verilog\/fc_log_18_4_s.v",
      "impl\/verilog\/fc_log_18_4_s_log_apfixed_reduce_log0_lut_table_ap_fixed_29_7_ap_q_mode_5_ap_o_mbkb.dat",
      "impl\/verilog\/fc_log_18_4_s_log_apfixed_reduce_log0_lut_table_ap_fixed_29_7_ap_q_mode_5_ap_o_mbkb.v",
      "impl\/verilog\/fc_log_18_4_s_log_apfixed_reduce_log_inverse_lut_table_array_V_ROM_AUTO_1R.dat",
      "impl\/verilog\/fc_log_18_4_s_log_apfixed_reduce_log_inverse_lut_table_array_V_ROM_AUTO_1R.v",
      "impl\/verilog\/fc_log_18_4_s_log_apfixed_reduce_log_lut_table_ap_fixed_29_7_ap_q_mode_5_ap_o_mocud.dat",
      "impl\/verilog\/fc_log_18_4_s_log_apfixed_reduce_log_lut_table_ap_fixed_29_7_ap_q_mode_5_ap_o_mocud.v",
      "impl\/verilog\/fc_mac_mulsub_24ns_4ns_29ns_29_4_1.v",
      "impl\/verilog\/fc_mul_5s_23ns_28_1_1.v",
      "impl\/verilog\/fc_mul_9ns_9ns_18_1_1.v",
      "impl\/verilog\/fc_mul_50ns_47ns_97_2_1.v",
      "impl\/verilog\/fc_mul_50ns_50ns_100_2_1.v",
      "impl\/verilog\/fc_mul_mul_18s_18s_36_4_1.v",
      "impl\/verilog\/fc_mul_mul_24ns_6ns_30_4_1.v",
      "impl\/verilog\/fc_output_RAM_AUTO_1R1W.v",
      "impl\/verilog\/fc_output_V_RAM_AUTO_1R1W.v",
      "impl\/verilog\/nnet_conv.v",
      "impl\/verilog\/nnet_conv_buff_V_RAM_1WNR_AUTO_1R1W.v",
      "impl\/verilog\/nnet_conv_conv_buff_V_RAM_1WNR_AUTO_1R1W.v",
      "impl\/verilog\/nnet_conv_Pipeline_conv_label5_conv_label4_conv_label3.v",
      "impl\/verilog\/nnet_conv_Pipeline_conv_label5_conv_label4_conv_label3_conv_bias_V_ROM_AUTO_1R.dat",
      "impl\/verilog\/nnet_conv_Pipeline_conv_label5_conv_label4_conv_label3_conv_bias_V_ROM_AUTO_1R.v",
      "impl\/verilog\/nnet_conv_Pipeline_conv_label5_conv_label4_conv_label3_conv_weights_V_0_0_0_ROM_AUbkb.dat",
      "impl\/verilog\/nnet_conv_Pipeline_conv_label5_conv_label4_conv_label3_conv_weights_V_0_0_0_ROM_AUbkb.v",
      "impl\/verilog\/nnet_conv_Pipeline_conv_label5_conv_label4_conv_label3_conv_weights_V_0_1_0_ROM_AUcud.dat",
      "impl\/verilog\/nnet_conv_Pipeline_conv_label5_conv_label4_conv_label3_conv_weights_V_0_1_0_ROM_AUcud.v",
      "impl\/verilog\/nnet_conv_Pipeline_conv_label5_conv_label4_conv_label3_conv_weights_V_0_2_0_ROM_AUdEe.dat",
      "impl\/verilog\/nnet_conv_Pipeline_conv_label5_conv_label4_conv_label3_conv_weights_V_0_2_0_ROM_AUdEe.v",
      "impl\/verilog\/nnet_conv_Pipeline_conv_label5_conv_label4_conv_label3_conv_weights_V_1_0_0_ROM_AUeOg.dat",
      "impl\/verilog\/nnet_conv_Pipeline_conv_label5_conv_label4_conv_label3_conv_weights_V_1_0_0_ROM_AUeOg.v",
      "impl\/verilog\/nnet_conv_Pipeline_conv_label5_conv_label4_conv_label3_conv_weights_V_1_1_0_ROM_AUfYi.dat",
      "impl\/verilog\/nnet_conv_Pipeline_conv_label5_conv_label4_conv_label3_conv_weights_V_1_1_0_ROM_AUfYi.v",
      "impl\/verilog\/nnet_conv_Pipeline_conv_label5_conv_label4_conv_label3_conv_weights_V_1_2_0_ROM_AUg8j.dat",
      "impl\/verilog\/nnet_conv_Pipeline_conv_label5_conv_label4_conv_label3_conv_weights_V_1_2_0_ROM_AUg8j.v",
      "impl\/verilog\/nnet_conv_Pipeline_conv_label5_conv_label4_conv_label3_conv_weights_V_2_0_0_ROM_AUhbi.dat",
      "impl\/verilog\/nnet_conv_Pipeline_conv_label5_conv_label4_conv_label3_conv_weights_V_2_0_0_ROM_AUhbi.v",
      "impl\/verilog\/nnet_conv_Pipeline_conv_label5_conv_label4_conv_label3_conv_weights_V_2_1_0_ROM_AUibs.dat",
      "impl\/verilog\/nnet_conv_Pipeline_conv_label5_conv_label4_conv_label3_conv_weights_V_2_1_0_ROM_AUibs.v",
      "impl\/verilog\/nnet_conv_Pipeline_conv_label5_conv_label4_conv_label3_conv_weights_V_2_2_0_ROM_AUjbC.dat",
      "impl\/verilog\/nnet_conv_Pipeline_conv_label5_conv_label4_conv_label3_conv_weights_V_2_2_0_ROM_AUjbC.v",
      "impl\/verilog\/nnet_conv_Pipeline_conv_read_input.v",
      "impl\/verilog\/nnet_dcmp_64ns_64ns_1_2_no_dsp_1.v",
      "impl\/verilog\/nnet_exp_18_4_s.v",
      "impl\/verilog\/nnet_exp_18_4_s_exp_x_msb_1_table_V_ROM_AUTO_1R.dat",
      "impl\/verilog\/nnet_exp_18_4_s_exp_x_msb_1_table_V_ROM_AUTO_1R.v",
      "impl\/verilog\/nnet_exp_18_4_s_f_x_msb_2_table_V_ROM_AUTO_1R.dat",
      "impl\/verilog\/nnet_exp_18_4_s_f_x_msb_2_table_V_ROM_AUTO_1R.v",
      "impl\/verilog\/nnet_exp_18_4_s_f_x_msb_3_table_V_ROM_AUTO_1R.dat",
      "impl\/verilog\/nnet_exp_18_4_s_f_x_msb_3_table_V_ROM_AUTO_1R.v",
      "impl\/verilog\/nnet_exp_19_5_s.v",
      "impl\/verilog\/nnet_exp_19_5_s_exp_x_msb_1_table_V_ROM_AUTO_1R.dat",
      "impl\/verilog\/nnet_exp_19_5_s_exp_x_msb_1_table_V_ROM_AUTO_1R.v",
      "impl\/verilog\/nnet_exp_19_5_s_f_x_msb_2_table_V_ROM_AUTO_1R.dat",
      "impl\/verilog\/nnet_exp_19_5_s_f_x_msb_2_table_V_ROM_AUTO_1R.v",
      "impl\/verilog\/nnet_exp_19_5_s_f_x_msb_3_table_V_ROM_AUTO_1R.dat",
      "impl\/verilog\/nnet_exp_19_5_s_f_x_msb_3_table_V_ROM_AUTO_1R.v",
      "impl\/verilog\/nnet_exp_19_7_s.v",
      "impl\/verilog\/nnet_exp_19_7_s_exp_x_msb_1_table_V_ROM_AUTO_1R.dat",
      "impl\/verilog\/nnet_exp_19_7_s_exp_x_msb_1_table_V_ROM_AUTO_1R.v",
      "impl\/verilog\/nnet_exp_19_7_s_f_x_msb_2_table_V_ROM_AUTO_1R.dat",
      "impl\/verilog\/nnet_exp_19_7_s_f_x_msb_2_table_V_ROM_AUTO_1R.v",
      "impl\/verilog\/nnet_exp_19_7_s_f_x_msb_3_table_V_ROM_AUTO_1R.dat",
      "impl\/verilog\/nnet_exp_19_7_s_f_x_msb_3_table_V_ROM_AUTO_1R.v",
      "impl\/verilog\/nnet_exp_24_10_s.v",
      "impl\/verilog\/nnet_exp_24_10_s_exp_x_msb_1_table_V_ROM_AUTO_1R.dat",
      "impl\/verilog\/nnet_exp_24_10_s_exp_x_msb_1_table_V_ROM_AUTO_1R.v",
      "impl\/verilog\/nnet_exp_24_10_s_f_x_msb_2_table_V_ROM_AUTO_1R.dat",
      "impl\/verilog\/nnet_exp_24_10_s_f_x_msb_2_table_V_ROM_AUTO_1R.v",
      "impl\/verilog\/nnet_exp_24_10_s_f_x_msb_3_table_V_ROM_AUTO_1R.dat",
      "impl\/verilog\/nnet_exp_24_10_s_f_x_msb_3_table_V_ROM_AUTO_1R.v",
      "impl\/verilog\/nnet_fc.v",
      "impl\/verilog\/nnet_fc_output_V_RAM_AUTO_1R1W.v",
      "impl\/verilog\/nnet_fc_Pipeline_fc_add_bias.v",
      "impl\/verilog\/nnet_fc_Pipeline_fc_add_bias_fc_bias_V_ROM_AUTO_1R.dat",
      "impl\/verilog\/nnet_fc_Pipeline_fc_add_bias_fc_bias_V_ROM_AUTO_1R.v",
      "impl\/verilog\/nnet_fc_Pipeline_fc_copy_tostream.v",
      "impl\/verilog\/nnet_fc_Pipeline_fc_mul_weight_outer.v",
      "impl\/verilog\/nnet_fc_Pipeline_fc_mul_weight_outer_fc_weights_V_0_ROM_AUTO_1R.dat",
      "impl\/verilog\/nnet_fc_Pipeline_fc_mul_weight_outer_fc_weights_V_0_ROM_AUTO_1R.v",
      "impl\/verilog\/nnet_fc_Pipeline_fc_mul_weight_outer_fc_weights_V_1_ROM_AUTO_1R.dat",
      "impl\/verilog\/nnet_fc_Pipeline_fc_mul_weight_outer_fc_weights_V_1_ROM_AUTO_1R.v",
      "impl\/verilog\/nnet_fc_Pipeline_fc_mul_weight_outer_fc_weights_V_2_ROM_AUTO_1R.dat",
      "impl\/verilog\/nnet_fc_Pipeline_fc_mul_weight_outer_fc_weights_V_2_ROM_AUTO_1R.v",
      "impl\/verilog\/nnet_fc_Pipeline_fc_mul_weight_outer_fc_weights_V_3_ROM_AUTO_1R.dat",
      "impl\/verilog\/nnet_fc_Pipeline_fc_mul_weight_outer_fc_weights_V_3_ROM_AUTO_1R.v",
      "impl\/verilog\/nnet_fc_Pipeline_fc_mul_weight_outer_fc_weights_V_4_ROM_AUTO_1R.dat",
      "impl\/verilog\/nnet_fc_Pipeline_fc_mul_weight_outer_fc_weights_V_4_ROM_AUTO_1R.v",
      "impl\/verilog\/nnet_fc_Pipeline_fc_mul_weight_outer_fc_weights_V_5_ROM_AUTO_1R.dat",
      "impl\/verilog\/nnet_fc_Pipeline_fc_mul_weight_outer_fc_weights_V_5_ROM_AUTO_1R.v",
      "impl\/verilog\/nnet_fc_Pipeline_fc_mul_weight_outer_fc_weights_V_6_ROM_AUTO_1R.dat",
      "impl\/verilog\/nnet_fc_Pipeline_fc_mul_weight_outer_fc_weights_V_6_ROM_AUTO_1R.v",
      "impl\/verilog\/nnet_fc_Pipeline_fc_mul_weight_outer_fc_weights_V_7_ROM_AUTO_1R.dat",
      "impl\/verilog\/nnet_fc_Pipeline_fc_mul_weight_outer_fc_weights_V_7_ROM_AUTO_1R.v",
      "impl\/verilog\/nnet_fc_Pipeline_fc_mul_weight_outer_fc_weights_V_8_ROM_AUTO_1R.dat",
      "impl\/verilog\/nnet_fc_Pipeline_fc_mul_weight_outer_fc_weights_V_8_ROM_AUTO_1R.v",
      "impl\/verilog\/nnet_fc_Pipeline_fc_mul_weight_outer_fc_weights_V_9_ROM_AUTO_1R.dat",
      "impl\/verilog\/nnet_fc_Pipeline_fc_mul_weight_outer_fc_weights_V_9_ROM_AUTO_1R.v",
      "impl\/verilog\/nnet_fc_Pipeline_softmax_exp.v",
      "impl\/verilog\/nnet_fc_Pipeline_softmax_sum.v",
      "impl\/verilog\/nnet_fc_Pipeline_VITIS_LOOP_20_1.v",
      "impl\/verilog\/nnet_fc_Pipeline_VITIS_LOOP_20_1_fc_bias_V_ROM_AUTO_1R.dat",
      "impl\/verilog\/nnet_fc_Pipeline_VITIS_LOOP_20_1_fc_bias_V_ROM_AUTO_1R.v",
      "impl\/verilog\/nnet_fc_Pipeline_VITIS_LOOP_22_2.v",
      "impl\/verilog\/nnet_fc_Pipeline_VITIS_LOOP_23_2.v",
      "impl\/verilog\/nnet_fifo_w18_d2_S.v",
      "impl\/verilog\/nnet_fifo_w24_d2_S.v",
      "impl\/verilog\/nnet_flow_control_loop_pipe.v",
      "impl\/verilog\/nnet_flow_control_loop_pipe_sequential_init.v",
      "impl\/verilog\/nnet_log_18_4_s.v",
      "impl\/verilog\/nnet_log_18_4_s_log_apfixed_reduce_log0_lut_table_ap_fixed_29_7_ap_q_mode_5_ap_o_mkbM.dat",
      "impl\/verilog\/nnet_log_18_4_s_log_apfixed_reduce_log0_lut_table_ap_fixed_29_7_ap_q_mode_5_ap_o_mkbM.v",
      "impl\/verilog\/nnet_log_18_4_s_log_apfixed_reduce_log0_lut_table_ap_fixed_29_7_ap_q_mode_5_ap_o_mlbW.dat",
      "impl\/verilog\/nnet_log_18_4_s_log_apfixed_reduce_log0_lut_table_ap_fixed_29_7_ap_q_mode_5_ap_o_mlbW.v",
      "impl\/verilog\/nnet_log_18_4_s_log_apfixed_reduce_log_inverse_lut_table_array_V_ROM_AUTO_1R.dat",
      "impl\/verilog\/nnet_log_18_4_s_log_apfixed_reduce_log_inverse_lut_table_array_V_ROM_AUTO_1R.v",
      "impl\/verilog\/nnet_log_18_4_s_log_apfixed_reduce_log_lut_table_ap_fixed_29_7_ap_q_mode_5_ap_o_molbW.dat",
      "impl\/verilog\/nnet_log_18_4_s_log_apfixed_reduce_log_lut_table_ap_fixed_29_7_ap_q_mode_5_ap_o_molbW.v",
      "impl\/verilog\/nnet_log_18_4_s_log_apfixed_reduce_log_lut_table_ap_fixed_29_7_ap_q_mode_5_ap_o_momb6.dat",
      "impl\/verilog\/nnet_log_18_4_s_log_apfixed_reduce_log_lut_table_ap_fixed_29_7_ap_q_mode_5_ap_o_momb6.v",
      "impl\/verilog\/nnet_log_24_10_s.v",
      "impl\/verilog\/nnet_log_24_10_s_log_apfixed_reduce_log0_lut_table_ap_fixed_29_7_ap_q_mode_5_ap_o_kbM.dat",
      "impl\/verilog\/nnet_log_24_10_s_log_apfixed_reduce_log0_lut_table_ap_fixed_29_7_ap_q_mode_5_ap_o_kbM.v",
      "impl\/verilog\/nnet_log_24_10_s_log_apfixed_reduce_log_inverse_lut_table_array_V_ROM_AUTO_1R.dat",
      "impl\/verilog\/nnet_log_24_10_s_log_apfixed_reduce_log_inverse_lut_table_array_V_ROM_AUTO_1R.v",
      "impl\/verilog\/nnet_log_24_10_s_log_apfixed_reduce_log_lut_table_ap_fixed_29_7_ap_q_mode_5_ap_o_mlbW.dat",
      "impl\/verilog\/nnet_log_24_10_s_log_apfixed_reduce_log_lut_table_ap_fixed_29_7_ap_q_mode_5_ap_o_mlbW.v",
      "impl\/verilog\/nnet_mac_mulsub_24ns_4ns_29ns_29_4_1.v",
      "impl\/verilog\/nnet_mul_5s_23ns_28_1_1.v",
      "impl\/verilog\/nnet_mul_9ns_9ns_18_1_1.v",
      "impl\/verilog\/nnet_mul_30s_6ns_30_1_1.v",
      "impl\/verilog\/nnet_mul_30s_6ns_30_2_1.v",
      "impl\/verilog\/nnet_mul_50ns_47ns_97_2_1.v",
      "impl\/verilog\/nnet_mul_50ns_47ns_97_5_1.v",
      "impl\/verilog\/nnet_mul_50ns_50ns_100_2_1.v",
      "impl\/verilog\/nnet_mul_50ns_50ns_100_5_1.v",
      "impl\/verilog\/nnet_mul_mul_10s_18s_28_4_1.v",
      "impl\/verilog\/nnet_mul_mul_11s_18s_29_4_1.v",
      "impl\/verilog\/nnet_mul_mul_12s_18s_30_4_1.v",
      "impl\/verilog\/nnet_mul_mul_13s_18s_31_4_1.v",
      "impl\/verilog\/nnet_mul_mul_15s_18s_33_4_1.v",
      "impl\/verilog\/nnet_mul_mul_15s_24s_39_4_1.v",
      "impl\/verilog\/nnet_mul_mul_16s_18s_34_4_1.v",
      "impl\/verilog\/nnet_mul_mul_16s_24s_40_4_1.v",
      "impl\/verilog\/nnet_mul_mul_18s_12s_30_4_1.v",
      "impl\/verilog\/nnet_mul_mul_18s_13s_31_4_1.v",
      "impl\/verilog\/nnet_mul_mul_24ns_6ns_30_4_1.v",
      "impl\/verilog\/nnet_mul_mul_24s_15s_39_4_1.v",
      "impl\/verilog\/nnet_mul_mul_24s_16s_40_4_1.v",
      "impl\/verilog\/nnet_nnet_Pipeline_conv_label5_conv_label4_conv_label3.v",
      "impl\/verilog\/nnet_nnet_Pipeline_conv_label5_conv_label4_conv_label3_conv_bias_V_ROM_AUTO_1R.dat",
      "impl\/verilog\/nnet_nnet_Pipeline_conv_label5_conv_label4_conv_label3_conv_bias_V_ROM_AUTO_1R.v",
      "impl\/verilog\/nnet_nnet_Pipeline_conv_label5_conv_label4_conv_label3_conv_weights_V_0_0_0_ROM_AUbkb.dat",
      "impl\/verilog\/nnet_nnet_Pipeline_conv_label5_conv_label4_conv_label3_conv_weights_V_0_0_0_ROM_AUbkb.v",
      "impl\/verilog\/nnet_nnet_Pipeline_conv_label5_conv_label4_conv_label3_conv_weights_V_0_1_0_ROM_AUcud.dat",
      "impl\/verilog\/nnet_nnet_Pipeline_conv_label5_conv_label4_conv_label3_conv_weights_V_0_1_0_ROM_AUcud.v",
      "impl\/verilog\/nnet_nnet_Pipeline_conv_label5_conv_label4_conv_label3_conv_weights_V_0_2_0_ROM_AUdEe.dat",
      "impl\/verilog\/nnet_nnet_Pipeline_conv_label5_conv_label4_conv_label3_conv_weights_V_0_2_0_ROM_AUdEe.v",
      "impl\/verilog\/nnet_nnet_Pipeline_conv_label5_conv_label4_conv_label3_conv_weights_V_1_0_0_ROM_AUeOg.dat",
      "impl\/verilog\/nnet_nnet_Pipeline_conv_label5_conv_label4_conv_label3_conv_weights_V_1_0_0_ROM_AUeOg.v",
      "impl\/verilog\/nnet_nnet_Pipeline_conv_label5_conv_label4_conv_label3_conv_weights_V_1_1_0_ROM_AUfYi.dat",
      "impl\/verilog\/nnet_nnet_Pipeline_conv_label5_conv_label4_conv_label3_conv_weights_V_1_1_0_ROM_AUfYi.v",
      "impl\/verilog\/nnet_nnet_Pipeline_conv_label5_conv_label4_conv_label3_conv_weights_V_1_2_0_ROM_AUg8j.dat",
      "impl\/verilog\/nnet_nnet_Pipeline_conv_label5_conv_label4_conv_label3_conv_weights_V_1_2_0_ROM_AUg8j.v",
      "impl\/verilog\/nnet_nnet_Pipeline_conv_label5_conv_label4_conv_label3_conv_weights_V_2_0_0_ROM_AUhbi.dat",
      "impl\/verilog\/nnet_nnet_Pipeline_conv_label5_conv_label4_conv_label3_conv_weights_V_2_0_0_ROM_AUhbi.v",
      "impl\/verilog\/nnet_nnet_Pipeline_conv_label5_conv_label4_conv_label3_conv_weights_V_2_1_0_ROM_AUibs.dat",
      "impl\/verilog\/nnet_nnet_Pipeline_conv_label5_conv_label4_conv_label3_conv_weights_V_2_1_0_ROM_AUibs.v",
      "impl\/verilog\/nnet_nnet_Pipeline_conv_label5_conv_label4_conv_label3_conv_weights_V_2_2_0_ROM_AUjbC.dat",
      "impl\/verilog\/nnet_nnet_Pipeline_conv_label5_conv_label4_conv_label3_conv_weights_V_2_2_0_ROM_AUjbC.v",
      "impl\/verilog\/nnet_nnet_Pipeline_conv_read_input.v",
      "impl\/verilog\/nnet_nnet_Pipeline_fc_copy_tostream.v",
      "impl\/verilog\/nnet_nnet_Pipeline_fc_inner.v",
      "impl\/verilog\/nnet_nnet_Pipeline_fc_inner_fc_weights_V_ROM_AUTO_1R.dat",
      "impl\/verilog\/nnet_nnet_Pipeline_fc_inner_fc_weights_V_ROM_AUTO_1R.v",
      "impl\/verilog\/nnet_nnet_Pipeline_fc_mul_weight_outer.v",
      "impl\/verilog\/nnet_nnet_Pipeline_fc_mul_weight_outer_fc_weights_V_0_ROM_AUTO_1R.dat",
      "impl\/verilog\/nnet_nnet_Pipeline_fc_mul_weight_outer_fc_weights_V_0_ROM_AUTO_1R.v",
      "impl\/verilog\/nnet_nnet_Pipeline_fc_mul_weight_outer_fc_weights_V_1_ROM_AUTO_1R.dat",
      "impl\/verilog\/nnet_nnet_Pipeline_fc_mul_weight_outer_fc_weights_V_1_ROM_AUTO_1R.v",
      "impl\/verilog\/nnet_nnet_Pipeline_fc_mul_weight_outer_fc_weights_V_2_ROM_AUTO_1R.dat",
      "impl\/verilog\/nnet_nnet_Pipeline_fc_mul_weight_outer_fc_weights_V_2_ROM_AUTO_1R.v",
      "impl\/verilog\/nnet_nnet_Pipeline_fc_mul_weight_outer_fc_weights_V_3_ROM_AUTO_1R.dat",
      "impl\/verilog\/nnet_nnet_Pipeline_fc_mul_weight_outer_fc_weights_V_3_ROM_AUTO_1R.v",
      "impl\/verilog\/nnet_nnet_Pipeline_fc_mul_weight_outer_fc_weights_V_4_ROM_AUTO_1R.dat",
      "impl\/verilog\/nnet_nnet_Pipeline_fc_mul_weight_outer_fc_weights_V_4_ROM_AUTO_1R.v",
      "impl\/verilog\/nnet_nnet_Pipeline_fc_mul_weight_outer_fc_weights_V_5_ROM_AUTO_1R.dat",
      "impl\/verilog\/nnet_nnet_Pipeline_fc_mul_weight_outer_fc_weights_V_5_ROM_AUTO_1R.v",
      "impl\/verilog\/nnet_nnet_Pipeline_fc_mul_weight_outer_fc_weights_V_6_ROM_AUTO_1R.dat",
      "impl\/verilog\/nnet_nnet_Pipeline_fc_mul_weight_outer_fc_weights_V_6_ROM_AUTO_1R.v",
      "impl\/verilog\/nnet_nnet_Pipeline_fc_mul_weight_outer_fc_weights_V_7_ROM_AUTO_1R.dat",
      "impl\/verilog\/nnet_nnet_Pipeline_fc_mul_weight_outer_fc_weights_V_7_ROM_AUTO_1R.v",
      "impl\/verilog\/nnet_nnet_Pipeline_fc_mul_weight_outer_fc_weights_V_8_ROM_AUTO_1R.dat",
      "impl\/verilog\/nnet_nnet_Pipeline_fc_mul_weight_outer_fc_weights_V_8_ROM_AUTO_1R.v",
      "impl\/verilog\/nnet_nnet_Pipeline_fc_mul_weight_outer_fc_weights_V_9_ROM_AUTO_1R.dat",
      "impl\/verilog\/nnet_nnet_Pipeline_fc_mul_weight_outer_fc_weights_V_9_ROM_AUTO_1R.v",
      "impl\/verilog\/nnet_nnet_Pipeline_fc_outer.v",
      "impl\/verilog\/nnet_nnet_Pipeline_fc_outer_fc_weights_V_0_ROM_AUTO_1R.dat",
      "impl\/verilog\/nnet_nnet_Pipeline_fc_outer_fc_weights_V_0_ROM_AUTO_1R.v",
      "impl\/verilog\/nnet_nnet_Pipeline_fc_outer_fc_weights_V_1_ROM_AUTO_1R.dat",
      "impl\/verilog\/nnet_nnet_Pipeline_fc_outer_fc_weights_V_1_ROM_AUTO_1R.v",
      "impl\/verilog\/nnet_nnet_Pipeline_fc_outer_fc_weights_V_2_ROM_AUTO_1R.dat",
      "impl\/verilog\/nnet_nnet_Pipeline_fc_outer_fc_weights_V_2_ROM_AUTO_1R.v",
      "impl\/verilog\/nnet_nnet_Pipeline_fc_outer_fc_weights_V_3_ROM_AUTO_1R.dat",
      "impl\/verilog\/nnet_nnet_Pipeline_fc_outer_fc_weights_V_3_ROM_AUTO_1R.v",
      "impl\/verilog\/nnet_nnet_Pipeline_fc_outer_fc_weights_V_4_ROM_AUTO_1R.dat",
      "impl\/verilog\/nnet_nnet_Pipeline_fc_outer_fc_weights_V_4_ROM_AUTO_1R.v",
      "impl\/verilog\/nnet_nnet_Pipeline_fc_outer_fc_weights_V_5_ROM_AUTO_1R.dat",
      "impl\/verilog\/nnet_nnet_Pipeline_fc_outer_fc_weights_V_5_ROM_AUTO_1R.v",
      "impl\/verilog\/nnet_nnet_Pipeline_fc_outer_fc_weights_V_6_ROM_AUTO_1R.dat",
      "impl\/verilog\/nnet_nnet_Pipeline_fc_outer_fc_weights_V_6_ROM_AUTO_1R.v",
      "impl\/verilog\/nnet_nnet_Pipeline_fc_outer_fc_weights_V_7_ROM_AUTO_1R.dat",
      "impl\/verilog\/nnet_nnet_Pipeline_fc_outer_fc_weights_V_7_ROM_AUTO_1R.v",
      "impl\/verilog\/nnet_nnet_Pipeline_fc_outer_fc_weights_V_8_ROM_AUTO_1R.dat",
      "impl\/verilog\/nnet_nnet_Pipeline_fc_outer_fc_weights_V_8_ROM_AUTO_1R.v",
      "impl\/verilog\/nnet_nnet_Pipeline_fc_outer_fc_weights_V_9_ROM_AUTO_1R.dat",
      "impl\/verilog\/nnet_nnet_Pipeline_fc_outer_fc_weights_V_9_ROM_AUTO_1R.v",
      "impl\/verilog\/nnet_nnet_Pipeline_pool_maxsearch5_pool_maxsearch3_pool_maxsearch2_pool_maxsearch1.v",
      "impl\/verilog\/nnet_nnet_Pipeline_pool_maxsearch5_pool_maxsearch3_pool_maxsearch2_pool_maxsearch1fYi.v",
      "impl\/verilog\/nnet_nnet_Pipeline_pool_maxsearch5_pool_maxsearch3_pool_maxsearch2_pool_maxsearch1kbM.v",
      "impl\/verilog\/nnet_nnet_Pipeline_pool_stream_empty.v",
      "impl\/verilog\/nnet_nnet_Pipeline_VITIS_LOOP_12_1.v",
      "impl\/verilog\/nnet_nnet_Pipeline_VITIS_LOOP_12_1_fc_weights_V_0_ROM_AUTO_1R.dat",
      "impl\/verilog\/nnet_nnet_Pipeline_VITIS_LOOP_12_1_fc_weights_V_0_ROM_AUTO_1R.v",
      "impl\/verilog\/nnet_nnet_Pipeline_VITIS_LOOP_12_1_fc_weights_V_1_ROM_AUTO_1R.dat",
      "impl\/verilog\/nnet_nnet_Pipeline_VITIS_LOOP_12_1_fc_weights_V_1_ROM_AUTO_1R.v",
      "impl\/verilog\/nnet_nnet_Pipeline_VITIS_LOOP_12_1_fc_weights_V_2_ROM_AUTO_1R.dat",
      "impl\/verilog\/nnet_nnet_Pipeline_VITIS_LOOP_12_1_fc_weights_V_2_ROM_AUTO_1R.v",
      "impl\/verilog\/nnet_nnet_Pipeline_VITIS_LOOP_12_1_fc_weights_V_3_ROM_AUTO_1R.dat",
      "impl\/verilog\/nnet_nnet_Pipeline_VITIS_LOOP_12_1_fc_weights_V_3_ROM_AUTO_1R.v",
      "impl\/verilog\/nnet_nnet_Pipeline_VITIS_LOOP_12_1_fc_weights_V_4_ROM_AUTO_1R.dat",
      "impl\/verilog\/nnet_nnet_Pipeline_VITIS_LOOP_12_1_fc_weights_V_4_ROM_AUTO_1R.v",
      "impl\/verilog\/nnet_nnet_Pipeline_VITIS_LOOP_12_1_fc_weights_V_5_ROM_AUTO_1R.dat",
      "impl\/verilog\/nnet_nnet_Pipeline_VITIS_LOOP_12_1_fc_weights_V_5_ROM_AUTO_1R.v",
      "impl\/verilog\/nnet_nnet_Pipeline_VITIS_LOOP_12_1_fc_weights_V_6_ROM_AUTO_1R.dat",
      "impl\/verilog\/nnet_nnet_Pipeline_VITIS_LOOP_12_1_fc_weights_V_6_ROM_AUTO_1R.v",
      "impl\/verilog\/nnet_nnet_Pipeline_VITIS_LOOP_12_1_fc_weights_V_7_ROM_AUTO_1R.dat",
      "impl\/verilog\/nnet_nnet_Pipeline_VITIS_LOOP_12_1_fc_weights_V_7_ROM_AUTO_1R.v",
      "impl\/verilog\/nnet_nnet_Pipeline_VITIS_LOOP_12_1_fc_weights_V_8_ROM_AUTO_1R.dat",
      "impl\/verilog\/nnet_nnet_Pipeline_VITIS_LOOP_12_1_fc_weights_V_8_ROM_AUTO_1R.v",
      "impl\/verilog\/nnet_nnet_Pipeline_VITIS_LOOP_12_1_fc_weights_V_9_ROM_AUTO_1R.dat",
      "impl\/verilog\/nnet_nnet_Pipeline_VITIS_LOOP_12_1_fc_weights_V_9_ROM_AUTO_1R.v",
      "impl\/verilog\/nnet_nnet_Pipeline_VITIS_LOOP_23_2.v",
      "impl\/verilog\/nnet_nnet_Pipeline_VITIS_LOOP_27_4.v",
      "impl\/verilog\/nnet_nnet_Pipeline_VITIS_LOOP_44_1_VITIS_LOOP_46_3_VITIS_LOOP_47_4_VITIS_LOOP_48_5.v",
      "impl\/verilog\/nnet_nnet_Pipeline_VITIS_LOOP_44_1_VITIS_LOOP_46_3_VITIS_LOOP_47_4_VITIS_LOOP_48_5fYi.v",
      "impl\/verilog\/nnet_nnet_Pipeline_VITIS_LOOP_46_1_VITIS_LOOP_48_3_VITIS_LOOP_49_4_VITIS_LOOP_50_5.v",
      "impl\/verilog\/nnet_nnet_Pipeline_VITIS_LOOP_46_1_VITIS_LOOP_48_3_VITIS_LOOP_49_4_VITIS_LOOP_50_5fYi.v",
      "impl\/verilog\/nnet_nnet_Pipeline_VITIS_LOOP_47_1_VITIS_LOOP_49_3_VITIS_LOOP_50_4_VITIS_LOOP_51_5.v",
      "impl\/verilog\/nnet_nnet_Pipeline_VITIS_LOOP_47_1_VITIS_LOOP_49_3_VITIS_LOOP_50_4_VITIS_LOOP_51_5fYi.v",
      "impl\/verilog\/nnet_nnet_Pipeline_VITIS_LOOP_48_1_VITIS_LOOP_50_3_VITIS_LOOP_51_4_VITIS_LOOP_52_5.v",
      "impl\/verilog\/nnet_nnet_Pipeline_VITIS_LOOP_48_1_VITIS_LOOP_50_3_VITIS_LOOP_51_4_VITIS_LOOP_52_5fYi.v",
      "impl\/verilog\/nnet_nnet_Pipeline_VITIS_LOOP_82_11.v",
      "impl\/verilog\/nnet_nnet_Pipeline_VITIS_LOOP_84_11.v",
      "impl\/verilog\/nnet_nnet_Pipeline_VITIS_LOOP_85_11.v",
      "impl\/verilog\/nnet_nnet_Pipeline_VITIS_LOOP_86_11.v",
      "impl\/verilog\/nnet_nnet_Pipeline_VITIS_LOOP_93_4.v",
      "impl\/verilog\/nnet_nnet_Pipeline_VITIS_LOOP_115_1.v",
      "impl\/verilog\/nnet_nnet_Pipeline_VITIS_LOOP_117_1.v",
      "impl\/verilog\/nnet_nnet_Pipeline_VITIS_LOOP_118_1.v",
      "impl\/verilog\/nnet_nnet_Pipeline_VITIS_LOOP_119_1.v",
      "impl\/verilog\/nnet_nnet_Pipeline_VITIS_LOOP_126_1.v",
      "impl\/verilog\/nnet_output_V_RAM_AUTO_1R1W.v",
      "impl\/verilog\/nnet_pool.v",
      "impl\/verilog\/nnet_pool_buff_V_RAM_AUTO_1R1W.v",
      "impl\/verilog\/nnet_pool_Pipeline_pool_maxsearch5_pool_maxsearch3_pool_maxsearch2_pool_maxsearch1.v",
      "impl\/verilog\/nnet_pool_Pipeline_pool_maxsearch5_pool_maxsearch3_pool_maxsearch2_pool_maxsearch1fYi.v",
      "impl\/verilog\/nnet_pool_Pipeline_pool_stream_empty.v",
      "impl\/verilog\/nnet_pool_pool_buff_V_RAM_AUTO_1R1W.v",
      "impl\/verilog\/nnet_softmax.v",
      "impl\/verilog\/nnet_softmax_Pipeline_softmax_exp.v",
      "impl\/verilog\/nnet_softmax_Pipeline_softmax_sum.v",
      "impl\/verilog\/nnet_softmax_Pipeline_VITIS_LOOP_15_1.v",
      "impl\/verilog\/nnet_start_for_fc_U0.v",
      "impl\/verilog\/nnet_start_for_pool_U0.v",
      "impl\/verilog\/pool.v",
      "impl\/verilog\/pool_flow_control_loop_pipe_sequential_init.v",
      "impl\/verilog\/pool_pool_Pipeline_VITIS_LOOP_37_1_VITIS_LOOP_39_3_VITIS_LOOP_40_4_VITIS_LOOP_41_5.v",
      "impl\/verilog\/pool_pool_Pipeline_VITIS_LOOP_37_1_VITIS_LOOP_39_3_VITIS_LOOP_40_4_VITIS_LOOP_41_5bkb.v",
      "impl\/verilog\/pool_pool_Pipeline_VITIS_LOOP_75_11.v",
      "impl\/verilog\/nnet.v"
    ],
    "IpMisc": ["impl\/misc\/logo.png"],
    "Subcore": [
      "impl\/misc\/fc_dadd_64ns_64ns_64_7_full_dsp_1_ip.tcl",
      "impl\/misc\/fc_dexp_64ns_64ns_64_18_full_dsp_1_ip.tcl",
      "impl\/misc\/fc_dlog_64ns_64ns_64_31_full_dsp_1_ip.tcl",
      "impl\/misc\/fc_faddfsub_32ns_32ns_32_5_full_dsp_1_ip.tcl",
      "impl\/misc\/fc_fcmp_32ns_32ns_1_2_no_dsp_1_ip.tcl",
      "impl\/misc\/fc_fmul_32ns_32ns_32_4_max_dsp_1_ip.tcl",
      "impl\/misc\/fc_fpext_32ns_64_2_no_dsp_1_ip.tcl",
      "impl\/misc\/fc_fptrunc_64ns_32_2_no_dsp_1_ip.tcl",
      "impl\/misc\/nnet_dcmp_64ns_64ns_1_2_no_dsp_1_ip.tcl"
    ],
    "CsynthXml": "syn\/report\/csynth.xml",
    "DebugDir": ".debug",
    "KernelXml": ".autopilot\/db\/kernel.internal.xml",
    "Xo": "",
    "XoHlsDir": "",
    "ProtoInst": [
      ".debug\/conv.protoinst",
      ".debug\/nnet.protoinst",
      ".debug\/fc.protoinst",
      ".debug\/pool.protoinst"
    ]
  },
  "SubcoreInfo": {
    "HasXpmMemory": false,
    "HasClockedDsp": false,
    "Ip": [
      {
        "Name": "fc_dadd_64ns_64ns_64_7_full_dsp_1_ip",
        "Vlnv": "xilinx.com:ip:floating_point:7.1",
        "Params": "CONFIG.a_precision_type Double CONFIG.a_tuser_width 1 CONFIG.add_sub_value Add CONFIG.b_tuser_width 1 CONFIG.c_a_exponent_width 11 CONFIG.c_a_fraction_width 53 CONFIG.c_compare_operation Programmable CONFIG.c_has_divide_by_zero false CONFIG.c_has_invalid_op false CONFIG.c_has_overflow false CONFIG.c_has_underflow false CONFIG.c_latency 5 CONFIG.c_mult_usage Full_Usage CONFIG.c_optimization Speed_Optimized CONFIG.c_rate 1 CONFIG.c_result_exponent_width 11 CONFIG.c_result_fraction_width 53 CONFIG.component_name fc_dadd_64ns_64ns_64_7_full_dsp_1_ip CONFIG.flow_control NonBlocking CONFIG.has_a_tlast false CONFIG.has_a_tuser false CONFIG.has_aclken true CONFIG.has_aresetn false CONFIG.has_b_tlast false CONFIG.has_b_tuser false CONFIG.has_operation_tlast false CONFIG.has_operation_tuser false CONFIG.has_result_tready false CONFIG.maximum_latency false CONFIG.operation_tuser_width 1 CONFIG.operation_type Add_Subtract CONFIG.result_precision_type Double CONFIG.result_tlast_behv Null"
      },
      {
        "Name": "fc_dexp_64ns_64ns_64_18_full_dsp_1_ip",
        "Vlnv": "xilinx.com:ip:floating_point:7.1",
        "Params": "CONFIG.a_precision_type Double CONFIG.a_tuser_width 1 CONFIG.add_sub_value Both CONFIG.b_tuser_width 1 CONFIG.c_a_exponent_width 11 CONFIG.c_a_fraction_width 53 CONFIG.c_compare_operation Programmable CONFIG.c_has_divide_by_zero false CONFIG.c_has_invalid_op false CONFIG.c_has_overflow false CONFIG.c_has_underflow false CONFIG.c_latency 16 CONFIG.c_mult_usage Full_Usage CONFIG.c_optimization Speed_Optimized CONFIG.c_rate 1 CONFIG.c_result_exponent_width 11 CONFIG.c_result_fraction_width 53 CONFIG.component_name fc_dexp_64ns_64ns_64_18_full_dsp_1_ip CONFIG.flow_control NonBlocking CONFIG.has_a_tlast false CONFIG.has_a_tuser false CONFIG.has_aclken true CONFIG.has_aresetn false CONFIG.has_b_tlast false CONFIG.has_b_tuser false CONFIG.has_operation_tlast false CONFIG.has_operation_tuser false CONFIG.has_result_tready false CONFIG.maximum_latency false CONFIG.operation_tuser_width 1 CONFIG.operation_type Exponential CONFIG.result_precision_type Double CONFIG.result_tlast_behv Null"
      },
      {
        "Name": "fc_dlog_64ns_64ns_64_31_full_dsp_1_ip",
        "Vlnv": "xilinx.com:ip:floating_point:7.1",
        "Params": "CONFIG.a_precision_type Double CONFIG.a_tuser_width 1 CONFIG.add_sub_value Both CONFIG.b_tuser_width 1 CONFIG.c_a_exponent_width 11 CONFIG.c_a_fraction_width 53 CONFIG.c_compare_operation Programmable CONFIG.c_has_divide_by_zero false CONFIG.c_has_invalid_op false CONFIG.c_has_overflow false CONFIG.c_has_underflow false CONFIG.c_latency 29 CONFIG.c_mult_usage Full_Usage CONFIG.c_optimization Speed_Optimized CONFIG.c_rate 1 CONFIG.c_result_exponent_width 11 CONFIG.c_result_fraction_width 53 CONFIG.component_name fc_dlog_64ns_64ns_64_31_full_dsp_1_ip CONFIG.flow_control NonBlocking CONFIG.has_a_tlast false CONFIG.has_a_tuser false CONFIG.has_aclken true CONFIG.has_aresetn false CONFIG.has_b_tlast false CONFIG.has_b_tuser false CONFIG.has_operation_tlast false CONFIG.has_operation_tuser false CONFIG.has_result_tready false CONFIG.maximum_latency false CONFIG.operation_tuser_width 1 CONFIG.operation_type Logarithm CONFIG.result_precision_type Double CONFIG.result_tlast_behv Null"
      },
      {
        "Name": "fc_faddfsub_32ns_32ns_32_5_full_dsp_1_ip",
        "Vlnv": "xilinx.com:ip:floating_point:7.1",
        "Params": "CONFIG.a_precision_type Single CONFIG.a_tuser_width 1 CONFIG.add_sub_value Both CONFIG.b_tuser_width 1 CONFIG.c_a_exponent_width 8 CONFIG.c_a_fraction_width 24 CONFIG.c_compare_operation Programmable CONFIG.c_has_divide_by_zero false CONFIG.c_has_invalid_op false CONFIG.c_has_overflow false CONFIG.c_has_underflow false CONFIG.c_latency 3 CONFIG.c_mult_usage Full_Usage CONFIG.c_optimization Speed_Optimized CONFIG.c_rate 1 CONFIG.c_result_exponent_width 8 CONFIG.c_result_fraction_width 24 CONFIG.component_name fc_faddfsub_32ns_32ns_32_5_full_dsp_1_ip CONFIG.flow_control NonBlocking CONFIG.has_a_tlast false CONFIG.has_a_tuser false CONFIG.has_aclken true CONFIG.has_aresetn false CONFIG.has_b_tlast false CONFIG.has_b_tuser false CONFIG.has_operation_tlast false CONFIG.has_operation_tuser false CONFIG.has_result_tready false CONFIG.maximum_latency false CONFIG.operation_tuser_width 1 CONFIG.operation_type Add_Subtract CONFIG.result_precision_type Single CONFIG.result_tlast_behv Null"
      },
      {
        "Name": "fc_fcmp_32ns_32ns_1_2_no_dsp_1_ip",
        "Vlnv": "xilinx.com:ip:floating_point:7.1",
        "Params": "CONFIG.a_precision_type Single CONFIG.a_tuser_width 1 CONFIG.add_sub_value Both CONFIG.b_tuser_width 1 CONFIG.c_a_exponent_width 8 CONFIG.c_a_fraction_width 24 CONFIG.c_compare_operation Programmable CONFIG.c_has_divide_by_zero false CONFIG.c_has_invalid_op false CONFIG.c_has_overflow false CONFIG.c_has_underflow false CONFIG.c_latency 0 CONFIG.c_mult_usage No_Usage CONFIG.c_optimization Speed_Optimized CONFIG.c_rate 1 CONFIG.c_result_exponent_width 1 CONFIG.c_result_fraction_width 0 CONFIG.component_name fc_fcmp_32ns_32ns_1_2_no_dsp_1_ip CONFIG.flow_control NonBlocking CONFIG.has_a_tlast false CONFIG.has_a_tuser false CONFIG.has_aclken false CONFIG.has_aresetn false CONFIG.has_b_tlast false CONFIG.has_b_tuser false CONFIG.has_operation_tlast false CONFIG.has_operation_tuser false CONFIG.has_result_tready false CONFIG.maximum_latency false CONFIG.operation_tuser_width 1 CONFIG.operation_type Compare CONFIG.result_precision_type Single CONFIG.result_tlast_behv Null"
      },
      {
        "Name": "fc_fmul_32ns_32ns_32_4_max_dsp_1_ip",
        "Vlnv": "xilinx.com:ip:floating_point:7.1",
        "Params": "CONFIG.a_precision_type Single CONFIG.a_tuser_width 1 CONFIG.add_sub_value Both CONFIG.b_tuser_width 1 CONFIG.c_a_exponent_width 8 CONFIG.c_a_fraction_width 24 CONFIG.c_compare_operation Programmable CONFIG.c_has_divide_by_zero false CONFIG.c_has_invalid_op false CONFIG.c_has_overflow false CONFIG.c_has_underflow false CONFIG.c_latency 2 CONFIG.c_mult_usage Max_Usage CONFIG.c_optimization Speed_Optimized CONFIG.c_rate 1 CONFIG.c_result_exponent_width 8 CONFIG.c_result_fraction_width 24 CONFIG.component_name fc_fmul_32ns_32ns_32_4_max_dsp_1_ip CONFIG.flow_control NonBlocking CONFIG.has_a_tlast false CONFIG.has_a_tuser false CONFIG.has_aclken true CONFIG.has_aresetn false CONFIG.has_b_tlast false CONFIG.has_b_tuser false CONFIG.has_operation_tlast false CONFIG.has_operation_tuser false CONFIG.has_result_tready false CONFIG.maximum_latency false CONFIG.operation_tuser_width 1 CONFIG.operation_type Multiply CONFIG.result_precision_type Single CONFIG.result_tlast_behv Null"
      },
      {
        "Name": "fc_fpext_32ns_64_2_no_dsp_1_ip",
        "Vlnv": "xilinx.com:ip:floating_point:7.1",
        "Params": "CONFIG.a_precision_type Single CONFIG.a_tuser_width 1 CONFIG.add_sub_value Both CONFIG.b_tuser_width 1 CONFIG.c_a_exponent_width 8 CONFIG.c_a_fraction_width 24 CONFIG.c_compare_operation Programmable CONFIG.c_has_divide_by_zero false CONFIG.c_has_invalid_op false CONFIG.c_has_overflow false CONFIG.c_has_underflow false CONFIG.c_latency 0 CONFIG.c_mult_usage No_Usage CONFIG.c_optimization Speed_Optimized CONFIG.c_rate 1 CONFIG.c_result_exponent_width 11 CONFIG.c_result_fraction_width 53 CONFIG.component_name fc_fpext_32ns_64_2_no_dsp_1_ip CONFIG.flow_control NonBlocking CONFIG.has_a_tlast false CONFIG.has_a_tuser false CONFIG.has_aclken false CONFIG.has_aresetn false CONFIG.has_b_tlast false CONFIG.has_b_tuser false CONFIG.has_operation_tlast false CONFIG.has_operation_tuser false CONFIG.has_result_tready false CONFIG.maximum_latency false CONFIG.operation_tuser_width 1 CONFIG.operation_type Float_to_Float CONFIG.result_precision_type Double CONFIG.result_tlast_behv Null"
      },
      {
        "Name": "fc_fptrunc_64ns_32_2_no_dsp_1_ip",
        "Vlnv": "xilinx.com:ip:floating_point:7.1",
        "Params": "CONFIG.a_precision_type Double CONFIG.a_tuser_width 1 CONFIG.add_sub_value Both CONFIG.b_tuser_width 1 CONFIG.c_a_exponent_width 11 CONFIG.c_a_fraction_width 53 CONFIG.c_compare_operation Programmable CONFIG.c_has_divide_by_zero false CONFIG.c_has_invalid_op false CONFIG.c_has_overflow false CONFIG.c_has_underflow false CONFIG.c_latency 0 CONFIG.c_mult_usage No_Usage CONFIG.c_optimization Speed_Optimized CONFIG.c_rate 1 CONFIG.c_result_exponent_width 8 CONFIG.c_result_fraction_width 24 CONFIG.component_name fc_fptrunc_64ns_32_2_no_dsp_1_ip CONFIG.flow_control NonBlocking CONFIG.has_a_tlast false CONFIG.has_a_tuser false CONFIG.has_aclken false CONFIG.has_aresetn false CONFIG.has_b_tlast false CONFIG.has_b_tuser false CONFIG.has_operation_tlast false CONFIG.has_operation_tuser false CONFIG.has_result_tready false CONFIG.maximum_latency false CONFIG.operation_tuser_width 1 CONFIG.operation_type Float_to_Float CONFIG.result_precision_type Single CONFIG.result_tlast_behv Null"
      },
      {
        "Name": "nnet_dcmp_64ns_64ns_1_2_no_dsp_1_ip",
        "Vlnv": "xilinx.com:ip:floating_point:7.1",
        "Params": "CONFIG.a_precision_type Double CONFIG.a_tuser_width 1 CONFIG.add_sub_value Both CONFIG.b_tuser_width 1 CONFIG.c_a_exponent_width 11 CONFIG.c_a_fraction_width 53 CONFIG.c_compare_operation Programmable CONFIG.c_has_divide_by_zero false CONFIG.c_has_invalid_op false CONFIG.c_has_overflow false CONFIG.c_has_underflow false CONFIG.c_latency 0 CONFIG.c_mult_usage No_Usage CONFIG.c_optimization Speed_Optimized CONFIG.c_rate 1 CONFIG.c_result_exponent_width 1 CONFIG.c_result_fraction_width 0 CONFIG.component_name nnet_dcmp_64ns_64ns_1_2_no_dsp_1_ip CONFIG.flow_control NonBlocking CONFIG.has_a_tlast false CONFIG.has_a_tuser false CONFIG.has_aclken false CONFIG.has_aresetn false CONFIG.has_b_tlast false CONFIG.has_b_tuser false CONFIG.has_operation_tlast false CONFIG.has_operation_tuser false CONFIG.has_result_tready false CONFIG.maximum_latency false CONFIG.operation_tuser_width 1 CONFIG.operation_type Compare CONFIG.result_precision_type Double CONFIG.result_tlast_behv Null"
      }
    ]
  },
  "Interfaces": {
    "ap_clk": {
      "type": "clock",
      "busTypeName": "clock",
      "mode": "slave",
      "busParams": {"ASSOCIATED_RESET": "ap_rst"},
      "portMap": {"ap_clk": "CLK"},
      "ports": ["ap_clk"]
    },
    "ap_rst": {
      "type": "reset",
      "busTypeName": "reset",
      "mode": "slave",
      "busParams": {"POLARITY": "ACTIVE_HIGH"},
      "portMap": {"ap_rst": "RST"},
      "ports": ["ap_rst"]
    },
    "ap_ctrl": {
      "type": "ap_ctrl",
      "busTypeName": "acc_handshake",
      "mode": "slave",
      "portMap": {
        "ap_start": "start",
        "ap_done": "done",
        "ap_ready": "ready",
        "ap_idle": "idle"
      },
      "ports": [
        "ap_done",
        "ap_idle",
        "ap_ready",
        "ap_start"
      ]
    },
    "in_r": {
      "type": "ap_fifo",
      "busTypeName": "acc_fifo_read",
      "mode": "master",
      "dataWidth": "24",
      "portPrefix": "in_r_",
      "portMap": {
        "in_r_dout": "RD_DATA",
        "in_r_empty_n": "EMPTY_N",
        "in_r_read": "RD_EN"
      },
      "ports": [
        "in_r_dout",
        "in_r_empty_n",
        "in_r_read"
      ],
      "constraints": [{
          "constraint_type": "pragma interface",
          "mode": "ap_fifo",
          "register_option": "0",
          "argName": "in"
        }]
    },
    "out_r": {
      "type": "ap_fifo",
      "busTypeName": "acc_fifo_write",
      "mode": "master",
      "dataWidth": "24",
      "portPrefix": "out_r_",
      "portMap": {
        "out_r_din": "WR_DATA",
        "out_r_full_n": "FULL_N",
        "out_r_write": "WR_EN"
      },
      "ports": [
        "out_r_din",
        "out_r_full_n",
        "out_r_write"
      ],
      "constraints": [{
          "constraint_type": "pragma interface",
          "mode": "ap_fifo",
          "register_option": "0",
          "argName": "out"
        }]
    }
  },
  "RtlPorts": {
    "ap_local_block": {
      "dir": "out",
      "width": "1",
      "isVector": "true"
    },
    "ap_local_deadlock": {
      "dir": "out",
      "width": "1",
      "isVector": "true"
    },
    "ap_clk": {
      "dir": "in",
      "width": "1"
    },
    "ap_rst": {
      "dir": "in",
      "width": "1"
    },
    "ap_start": {
      "dir": "in",
      "width": "1"
    },
    "ap_done": {
      "dir": "out",
      "width": "1"
    },
    "ap_ready": {
      "dir": "out",
      "width": "1"
    },
    "ap_idle": {
      "dir": "out",
      "width": "1"
    },
    "in_r_dout": {
      "dir": "in",
      "width": "24"
    },
    "in_r_empty_n": {
      "dir": "in",
      "width": "1"
    },
    "in_r_read": {
      "dir": "out",
      "width": "1"
    },
    "out_r_din": {
      "dir": "out",
      "width": "24"
    },
    "out_r_full_n": {
      "dir": "in",
      "width": "1"
    },
    "out_r_write": {
      "dir": "out",
      "width": "1"
    }
  },
  "ModuleInfo": {
    "Hierarchy": {
      "ModuleName": "nnet",
      "Instances": [
        {
          "ModuleName": "conv",
          "InstanceName": "conv_U0",
          "Instances": [
            {
              "ModuleName": "conv_Pipeline_conv_read_input",
              "InstanceName": "grp_conv_Pipeline_conv_read_input_fu_44"
            },
            {
              "ModuleName": "conv_Pipeline_conv_label5_conv_label4_conv_label3",
              "InstanceName": "grp_conv_Pipeline_conv_label5_conv_label4_conv_label3_fu_52"
            }
          ]
        },
        {
          "ModuleName": "pool",
          "InstanceName": "pool_U0"
        },
        {
          "ModuleName": "fc",
          "InstanceName": "fc_U0",
          "Instances": [
            {
              "ModuleName": "fc_Pipeline_fc_mul_weight_outer",
              "InstanceName": "grp_fc_Pipeline_fc_mul_weight_outer_fu_209"
            },
            {
              "ModuleName": "fc_Pipeline_VITIS_LOOP_20_1",
              "InstanceName": "grp_fc_Pipeline_VITIS_LOOP_20_1_fu_245"
            },
            {
              "ModuleName": "softmax",
              "InstanceName": "grp_softmax_fu_252",
              "Instances": [
                {
                  "ModuleName": "softmax_Pipeline_VITIS_LOOP_15_1",
                  "InstanceName": "grp_softmax_Pipeline_VITIS_LOOP_15_1_fu_120"
                },
                {
                  "ModuleName": "softmax_Pipeline_softmax_sum",
                  "InstanceName": "grp_softmax_Pipeline_softmax_sum_fu_128",
                  "Instances": [{
                      "ModuleName": "exp_24_10_s",
                      "InstanceName": "grp_exp_24_10_s_fu_80"
                    }]
                },
                {
                  "ModuleName": "log_24_10_s",
                  "InstanceName": "grp_log_24_10_s_fu_142"
                },
                {
                  "ModuleName": "softmax_Pipeline_softmax_exp",
                  "InstanceName": "grp_softmax_Pipeline_softmax_exp_fu_153",
                  "Instances": [{
                      "ModuleName": "exp_24_10_s",
                      "InstanceName": "grp_exp_24_10_s_fu_67"
                    }]
                }
              ]
            },
            {
              "ModuleName": "fc_Pipeline_fc_copy_tostream",
              "InstanceName": "grp_fc_Pipeline_fc_copy_tostream_fu_269"
            }
          ]
        }
      ]
    },
    "Info": {
      "conv_Pipeline_conv_read_input": {
        "FunctionProtocol": "ap_ctrl_hs",
        "isTaskLevelControl": "0",
        "isPipelined": "1",
        "isCombinational": "0",
        "isOneStateSeq": "0"
      },
      "conv_Pipeline_conv_label5_conv_label4_conv_label3": {
        "FunctionProtocol": "ap_ctrl_hs",
        "isTaskLevelControl": "0",
        "isPipelined": "1",
        "isCombinational": "0",
        "isOneStateSeq": "0"
      },
      "conv": {
        "FunctionProtocol": "ap_ctrl_hs",
        "isTaskLevelControl": "0",
        "isPipelined": "0",
        "isCombinational": "0",
        "isOneStateSeq": "0"
      },
      "pool": {
        "FunctionProtocol": "ap_ctrl_hs",
        "isTaskLevelControl": "0",
        "isPipelined": "1",
        "isCombinational": "0",
        "isOneStateSeq": "0"
      },
      "fc_Pipeline_fc_mul_weight_outer": {
        "FunctionProtocol": "ap_ctrl_hs",
        "isTaskLevelControl": "0",
        "isPipelined": "1",
        "isCombinational": "0",
        "isOneStateSeq": "0"
      },
      "fc_Pipeline_VITIS_LOOP_20_1": {
        "FunctionProtocol": "ap_ctrl_hs",
        "isTaskLevelControl": "0",
        "isPipelined": "1",
        "isCombinational": "0",
        "isOneStateSeq": "0"
      },
      "softmax_Pipeline_VITIS_LOOP_15_1": {
        "FunctionProtocol": "ap_ctrl_hs",
        "isTaskLevelControl": "0",
        "isPipelined": "1",
        "isCombinational": "0",
        "isOneStateSeq": "0"
      },
      "exp_24_10_s": {
        "FunctionProtocol": "ap_ctrl_hs",
        "isTaskLevelControl": "0",
        "isPipelined": "1",
        "isCombinational": "0",
        "isOneStateSeq": "0"
      },
      "softmax_Pipeline_softmax_sum": {
        "FunctionProtocol": "ap_ctrl_hs",
        "isTaskLevelControl": "0",
        "isPipelined": "1",
        "isCombinational": "0",
        "isOneStateSeq": "0"
      },
      "log_24_10_s": {
        "FunctionProtocol": "ap_ctrl_hs",
        "isTaskLevelControl": "0",
        "isPipelined": "1",
        "isCombinational": "0",
        "isOneStateSeq": "0"
      },
      "softmax_Pipeline_softmax_exp": {
        "FunctionProtocol": "ap_ctrl_hs",
        "isTaskLevelControl": "0",
        "isPipelined": "1",
        "isCombinational": "0",
        "isOneStateSeq": "0"
      },
      "softmax": {
        "FunctionProtocol": "ap_ctrl_hs",
        "isTaskLevelControl": "0",
        "isPipelined": "0",
        "isCombinational": "0",
        "isOneStateSeq": "0"
      },
      "fc_Pipeline_fc_copy_tostream": {
        "FunctionProtocol": "ap_ctrl_hs",
        "isTaskLevelControl": "0",
        "isPipelined": "1",
        "isCombinational": "0",
        "isOneStateSeq": "0"
      },
      "fc": {
        "FunctionProtocol": "ap_ctrl_hs",
        "isTaskLevelControl": "0",
        "isPipelined": "0",
        "isCombinational": "0",
        "isOneStateSeq": "0"
      },
      "nnet": {
        "FunctionProtocol": "ap_ctrl_hs",
        "isTaskLevelControl": "0",
        "isPipelined": "1",
        "isCombinational": "0",
        "isOneStateSeq": "0"
      }
    },
    "Metrics": {
      "conv_Pipeline_conv_read_input": {
        "Latency": {
          "LatencyBest": "786",
          "LatencyAvg": "786",
          "LatencyWorst": "786",
          "PipelineII": "786",
          "PipelineDepth": "",
          "PipelineType": "no"
        },
        "Timing": {
          "Target": "10.00",
          "Uncertainty": "2.70",
          "Estimate": "6.731"
        },
        "Loops": [{
            "Name": "conv_read_input",
            "TripCount": "784",
            "Latency": "784",
            "PipelineII": "1",
            "PipelineDepth": "2"
          }],
        "Area": {
          "FF": "23",
          "AVAIL_FF": "157200",
          "UTIL_FF": "~0",
          "LUT": "73",
          "AVAIL_LUT": "78600",
          "UTIL_LUT": "~0",
          "BRAM_18K": "0",
          "AVAIL_BRAM": "530",
          "UTIL_BRAM": "0",
          "DSP": "0",
          "AVAIL_DSP": "400",
          "UTIL_DSP": "0",
          "URAM": "0",
          "AVAIL_URAM": "0",
          "UTIL_URAM": "0"
        }
      },
      "conv_Pipeline_conv_label5_conv_label4_conv_label3": {
        "Latency": {
          "LatencyBest": "21648",
          "LatencyAvg": "21648",
          "LatencyWorst": "21648",
          "PipelineII": "21648",
          "PipelineDepth": "",
          "PipelineType": "no"
        },
        "Timing": {
          "Target": "10.00",
          "Uncertainty": "2.70",
          "Estimate": "7.005"
        },
        "Loops": [{
            "Name": "conv_label5_conv_label4_conv_label3",
            "TripCount": "21632",
            "Latency": "21646",
            "PipelineII": "1",
            "PipelineDepth": "16"
          }],
        "Area": {
          "BRAM_18K": "0",
          "AVAIL_BRAM": "530",
          "UTIL_BRAM": "0",
          "DSP": "9",
          "AVAIL_DSP": "400",
          "UTIL_DSP": "2",
          "FF": "1804",
          "AVAIL_FF": "157200",
          "UTIL_FF": "1",
          "LUT": "1942",
          "AVAIL_LUT": "78600",
          "UTIL_LUT": "2",
          "URAM": "0",
          "AVAIL_URAM": "0",
          "UTIL_URAM": "0"
        }
      },
      "conv": {
        "Latency": {
          "LatencyBest": "22438",
          "LatencyAvg": "22438",
          "LatencyWorst": "22438",
          "PipelineII": "22438",
          "PipelineDepth": "",
          "PipelineType": "no"
        },
        "Timing": {
          "Target": "10.00",
          "Uncertainty": "2.70",
          "Estimate": "7.005"
        },
        "Area": {
          "BRAM_18K": "16",
          "AVAIL_BRAM": "530",
          "UTIL_BRAM": "3",
          "DSP": "9",
          "AVAIL_DSP": "400",
          "UTIL_DSP": "2",
          "FF": "1836",
          "AVAIL_FF": "157200",
          "UTIL_FF": "1",
          "LUT": "2193",
          "AVAIL_LUT": "78600",
          "UTIL_LUT": "2",
          "URAM": "0",
          "AVAIL_URAM": "0",
          "UTIL_URAM": "0"
        }
      },
      "pool": {
        "Latency": {
          "LatencyBest": "21638",
          "LatencyAvg": "21638",
          "LatencyWorst": "21638",
          "PipelineII": "21638",
          "PipelineDepth": "",
          "PipelineType": "no"
        },
        "Timing": {
          "Target": "10.00",
          "Uncertainty": "2.70",
          "Estimate": "7.204"
        },
        "Loops": [{
            "Name": "pool_maxsearch5_pool_maxsearch3_pool_maxsearch2_pool_maxsearch1",
            "TripCount": "21632",
            "Latency": "21636",
            "PipelineII": "1",
            "PipelineDepth": "6"
          }],
        "Area": {
          "BRAM_18K": "1",
          "AVAIL_BRAM": "530",
          "UTIL_BRAM": "~0",
          "FF": "357",
          "AVAIL_FF": "157200",
          "UTIL_FF": "~0",
          "LUT": "741",
          "AVAIL_LUT": "78600",
          "UTIL_LUT": "~0",
          "URAM": "0",
          "AVAIL_URAM": "0",
          "UTIL_URAM": "0",
          "DSP": "0",
          "AVAIL_DSP": "400",
          "UTIL_DSP": "0"
        }
      },
      "fc_Pipeline_fc_mul_weight_outer": {
        "Latency": {
          "LatencyBest": "5414",
          "LatencyAvg": "5414",
          "LatencyWorst": "5414",
          "PipelineII": "5414",
          "PipelineDepth": "",
          "PipelineType": "no"
        },
        "Timing": {
          "Target": "10.00",
          "Uncertainty": "2.70",
          "Estimate": "6.699"
        },
        "Loops": [{
            "Name": "fc_mul_weight_outer",
            "TripCount": "5408",
            "Latency": "5412",
            "PipelineII": "1",
            "PipelineDepth": "6"
          }],
        "Area": {
          "BRAM_18K": "80",
          "AVAIL_BRAM": "530",
          "UTIL_BRAM": "15",
          "DSP": "10",
          "AVAIL_DSP": "400",
          "UTIL_DSP": "2",
          "FF": "719",
          "AVAIL_FF": "157200",
          "UTIL_FF": "~0",
          "LUT": "957",
          "AVAIL_LUT": "78600",
          "UTIL_LUT": "1",
          "URAM": "0",
          "AVAIL_URAM": "0",
          "UTIL_URAM": "0"
        }
      },
      "fc_Pipeline_VITIS_LOOP_20_1": {
        "Latency": {
          "LatencyBest": "12",
          "LatencyAvg": "12",
          "LatencyWorst": "12",
          "PipelineII": "12",
          "PipelineDepth": "",
          "PipelineType": "no"
        },
        "Timing": {
          "Target": "10.00",
          "Uncertainty": "2.70",
          "Estimate": "6.958"
        },
        "Loops": [{
            "Name": "VITIS_LOOP_20_1",
            "TripCount": "10",
            "Latency": "10",
            "PipelineII": "1",
            "PipelineDepth": "2"
          }],
        "Area": {
          "BRAM_18K": "0",
          "AVAIL_BRAM": "530",
          "UTIL_BRAM": "0",
          "FF": "25",
          "AVAIL_FF": "157200",
          "UTIL_FF": "~0",
          "LUT": "94",
          "AVAIL_LUT": "78600",
          "UTIL_LUT": "~0",
          "DSP": "0",
          "AVAIL_DSP": "400",
          "UTIL_DSP": "0",
          "URAM": "0",
          "AVAIL_URAM": "0",
          "UTIL_URAM": "0"
        }
      },
      "softmax_Pipeline_VITIS_LOOP_15_1": {
        "Latency": {
          "LatencyBest": "12",
          "LatencyAvg": "12",
          "LatencyWorst": "12",
          "PipelineII": "12",
          "PipelineDepth": "",
          "PipelineType": "no"
        },
        "Timing": {
          "Target": "10.00",
          "Uncertainty": "2.70",
          "Estimate": "7.055"
        },
        "Loops": [{
            "Name": "VITIS_LOOP_15_1",
            "TripCount": "10",
            "Latency": "10",
            "PipelineII": "1",
            "PipelineDepth": "2"
          }],
        "Area": {
          "FF": "31",
          "AVAIL_FF": "157200",
          "UTIL_FF": "~0",
          "LUT": "108",
          "AVAIL_LUT": "78600",
          "UTIL_LUT": "~0",
          "BRAM_18K": "0",
          "AVAIL_BRAM": "530",
          "UTIL_BRAM": "0",
          "DSP": "0",
          "AVAIL_DSP": "400",
          "UTIL_DSP": "0",
          "URAM": "0",
          "AVAIL_URAM": "0",
          "UTIL_URAM": "0"
        }
      },
      "exp_24_10_s": {
        "Latency": {
          "LatencyBest": "14",
          "LatencyAvg": "14",
          "LatencyWorst": "14",
          "PipelineII": "1",
          "PipelineDepth": "15",
          "PipelineType": "yes"
        },
        "Timing": {
          "Target": "10.00",
          "Uncertainty": "2.70",
          "Estimate": "7.188"
        },
        "Area": {
          "BRAM_18K": "5",
          "AVAIL_BRAM": "530",
          "UTIL_BRAM": "~0",
          "DSP": "8",
          "AVAIL_DSP": "400",
          "UTIL_DSP": "2",
          "FF": "1588",
          "AVAIL_FF": "157200",
          "UTIL_FF": "1",
          "LUT": "770",
          "AVAIL_LUT": "78600",
          "UTIL_LUT": "~0",
          "URAM": "0",
          "AVAIL_URAM": "0",
          "UTIL_URAM": "0"
        }
      },
      "softmax_Pipeline_softmax_sum": {
        "Latency": {
          "LatencyBest": "27",
          "LatencyAvg": "27",
          "LatencyWorst": "27",
          "PipelineII": "27",
          "PipelineDepth": "",
          "PipelineType": "no"
        },
        "Timing": {
          "Target": "10.00",
          "Uncertainty": "2.70",
          "Estimate": "7.188"
        },
        "Loops": [{
            "Name": "softmax_sum",
            "TripCount": "10",
            "Latency": "25",
            "PipelineII": "1",
            "PipelineDepth": "17"
          }],
        "Area": {
          "FF": "151",
          "AVAIL_FF": "157200",
          "UTIL_FF": "~0",
          "LUT": "163",
          "AVAIL_LUT": "78600",
          "UTIL_LUT": "~0",
          "BRAM_18K": "0",
          "AVAIL_BRAM": "530",
          "UTIL_BRAM": "0",
          "DSP": "0",
          "AVAIL_DSP": "400",
          "UTIL_DSP": "0",
          "URAM": "0",
          "AVAIL_URAM": "0",
          "UTIL_URAM": "0"
        }
      },
      "log_24_10_s": {
        "Latency": {
          "LatencyBest": "11",
          "LatencyAvg": "11",
          "LatencyWorst": "11",
          "PipelineII": "1",
          "PipelineDepth": "12",
          "PipelineType": "yes"
        },
        "Timing": {
          "Target": "10.00",
          "Uncertainty": "2.70",
          "Estimate": "6.912"
        },
        "Area": {
          "BRAM_18K": "1",
          "AVAIL_BRAM": "530",
          "UTIL_BRAM": "~0",
          "DSP": "3",
          "AVAIL_DSP": "400",
          "UTIL_DSP": "~0",
          "FF": "1019",
          "AVAIL_FF": "157200",
          "UTIL_FF": "~0",
          "LUT": "1307",
          "AVAIL_LUT": "78600",
          "UTIL_LUT": "1",
          "URAM": "0",
          "AVAIL_URAM": "0",
          "UTIL_URAM": "0"
        }
      },
      "softmax_Pipeline_softmax_exp": {
        "Latency": {
          "LatencyBest": "27",
          "LatencyAvg": "27",
          "LatencyWorst": "27",
          "PipelineII": "27",
          "PipelineDepth": "",
          "PipelineType": "no"
        },
        "Timing": {
          "Target": "10.00",
          "Uncertainty": "2.70",
          "Estimate": "7.188"
        },
        "Loops": [{
            "Name": "softmax_exp",
            "TripCount": "10",
            "Latency": "25",
            "PipelineII": "1",
            "PipelineDepth": "17"
          }],
        "Area": {
          "FF": "130",
          "AVAIL_FF": "157200",
          "UTIL_FF": "~0",
          "LUT": "123",
          "AVAIL_LUT": "78600",
          "UTIL_LUT": "~0",
          "BRAM_18K": "0",
          "AVAIL_BRAM": "530",
          "UTIL_BRAM": "0",
          "DSP": "0",
          "AVAIL_DSP": "400",
          "UTIL_DSP": "0",
          "URAM": "0",
          "AVAIL_URAM": "0",
          "UTIL_URAM": "0"
        }
      },
      "softmax": {
        "Latency": {
          "LatencyBest": "90",
          "LatencyAvg": "90",
          "LatencyWorst": "90",
          "PipelineII": "90",
          "PipelineDepth": "",
          "PipelineType": "no"
        },
        "Timing": {
          "Target": "10.00",
          "Uncertainty": "2.70",
          "Estimate": "7.188"
        },
        "Area": {
          "BRAM_18K": "6",
          "AVAIL_BRAM": "530",
          "UTIL_BRAM": "1",
          "DSP": "11",
          "AVAIL_DSP": "400",
          "UTIL_DSP": "2",
          "FF": "3301",
          "AVAIL_FF": "157200",
          "UTIL_FF": "2",
          "LUT": "3730",
          "AVAIL_LUT": "78600",
          "UTIL_LUT": "4",
          "URAM": "0",
          "AVAIL_URAM": "0",
          "UTIL_URAM": "0"
        }
      },
      "fc_Pipeline_fc_copy_tostream": {
        "Latency": {
          "LatencyBest": "12",
          "LatencyAvg": "12",
          "LatencyWorst": "12",
          "PipelineII": "12",
          "PipelineDepth": "",
          "PipelineType": "no"
        },
        "Timing": {
          "Target": "10.00",
          "Uncertainty": "2.70",
          "Estimate": "5.799"
        },
        "Loops": [{
            "Name": "fc_copy_tostream",
            "TripCount": "10",
            "Latency": "10",
            "PipelineII": "1",
            "PipelineDepth": "2"
          }],
        "Area": {
          "FF": "7",
          "AVAIL_FF": "157200",
          "UTIL_FF": "~0",
          "LUT": "71",
          "AVAIL_LUT": "78600",
          "UTIL_LUT": "~0",
          "BRAM_18K": "0",
          "AVAIL_BRAM": "530",
          "UTIL_BRAM": "0",
          "DSP": "0",
          "AVAIL_DSP": "400",
          "UTIL_DSP": "0",
          "URAM": "0",
          "AVAIL_URAM": "0",
          "UTIL_URAM": "0"
        }
      },
      "fc": {
        "Latency": {
          "LatencyBest": "5540",
          "LatencyAvg": "5540",
          "LatencyWorst": "5540",
          "PipelineII": "5540",
          "PipelineDepth": "",
          "PipelineType": "no"
        },
        "Timing": {
          "Target": "10.00",
          "Uncertainty": "2.70",
          "Estimate": "7.188"
        },
        "Area": {
          "BRAM_18K": "86",
          "AVAIL_BRAM": "530",
          "UTIL_BRAM": "16",
          "DSP": "21",
          "AVAIL_DSP": "400",
          "UTIL_DSP": "5",
          "FF": "4118",
          "AVAIL_FF": "157200",
          "UTIL_FF": "2",
          "LUT": "5178",
          "AVAIL_LUT": "78600",
          "UTIL_LUT": "6",
          "URAM": "0",
          "AVAIL_URAM": "0",
          "UTIL_URAM": "0"
        }
      },
      "nnet": {
        "Latency": {
          "LatencyBest": "22438",
          "LatencyAvg": "22438",
          "LatencyWorst": "22438",
          "PipelineII": "22439",
          "PipelineDepth": "",
          "PipelineType": "dataflow"
        },
        "Timing": {
          "Target": "10.00",
          "Uncertainty": "2.70",
          "Estimate": "7.204"
        },
        "Area": {
          "BRAM_18K": "103",
          "AVAIL_BRAM": "530",
          "UTIL_BRAM": "19",
          "DSP": "30",
          "AVAIL_DSP": "400",
          "UTIL_DSP": "7",
          "FF": "6509",
          "AVAIL_FF": "157200",
          "UTIL_FF": "4",
          "LUT": "8250",
          "AVAIL_LUT": "78600",
          "UTIL_LUT": "10",
          "URAM": "0",
          "AVAIL_URAM": "0",
          "UTIL_URAM": "0"
        }
      }
    }
  },
  "GenerateBdFiles": "0",
  "GenData": {
    "DataVersion": "0.2",
    "Time": "2022-05-04 11:56:16 CEST",
    "ToolName": "vitis_hls",
    "ToolVersion": "2021.2"
  }
}
