<?xml version="1.0" encoding="UTF-8"?>
<vivadoHLSLog:LogRoot xmlns:vivadoHLSLog="www.xilinx.com/vivadoHLSLog">
  <errorLogs>
    <logs>
      <synLog/>
      <simLog/>
      <mgLog/>
      <packageLog/>
      <csimLog/>
    </logs>
  </errorLogs>
  <warningLogs>
    <logs>
      <synLog>
        <logs message="WARNING: [SYN 201-103] Legalizing function name 'log&lt;24, 10>' to 'log_24_10_s'." projectName="CNN-HLS" solutionName="solution1" date="2022-05-04T11:56:00.963+0200" type="Warning"/>
        <logs message="WARNING: [SYN 201-103] Legalizing function name 'exp&lt;24, 10>' to 'exp_24_10_s'." projectName="CNN-HLS" solutionName="solution1" date="2022-05-04T11:56:00.938+0200" type="Warning"/>
        <logs message="WARNING: [HLS 200-786] Detected dataflow-on-top in function  'nnet' (layers.cpp:220:1)  with default interface mode 'ap_ctrl_hs'. Overlapped execution of successive kernel calls will not happen unless interface mode 'ap_ctrl_chain' is used (or 'ap_ctrl_none' for a purely data-driven design).&#xA;Resolution: For help on HLS 200-786 see www.xilinx.com/cgi-bin/docs/rdoc?v=2021.2;t=hls+guidance;d=200-786.html" projectName="CNN-HLS" solutionName="solution1" date="2022-05-04T11:55:59.966+0200" type="Warning"/>
        <logs message="WARNING: [HLS 200-805] An internal stream 'pool_out' (layers.cpp:221) with default size can result in deadlock. Please consider resizing the stream using the directive 'set_directive_stream' or the 'HLS stream' pragma." projectName="CNN-HLS" solutionName="solution1" date="2022-05-04T11:55:59.961+0200" type="Warning"/>
        <logs message="WARNING: [HLS 200-805] An internal stream 'conv_out' (layers.cpp:220) with default size can result in deadlock. Please consider resizing the stream using the directive 'set_directive_stream' or the 'HLS stream' pragma." projectName="CNN-HLS" solutionName="solution1" date="2022-05-04T11:55:59.958+0200" type="Warning"/>
        <logs message="WARNING: [SYNCHK 200-23] /tools/Xilinx/Vitis_HLS/2021.2/common/technology/autopilot/ap_fixed_base.h:950: variable-indexed range selection may cause suboptimal QoR." projectName="CNN-HLS" solutionName="solution1" date="2022-05-04T11:55:59.469+0200" type="Warning"/>
        <logs message="WARNING: [HLS 214-191] The stream pragma on function argument, in 'call' is unsupported (layers.cpp:220:9)" projectName="CNN-HLS" solutionName="solution1" date="2022-05-04T11:55:58.710+0200" type="Warning"/>
        <logs message="WARNING: [HLS 214-191] The stream pragma on function argument, in 'call' is unsupported (layers.cpp:219:99)" projectName="CNN-HLS" solutionName="solution1" date="2022-05-04T11:55:58.705+0200" type="Warning"/>
        <logs message="WARNING: [HLS 200-471] Dataflow form checks found 5 issue(s) in file layers.cpp&#xA;Resolution: For help on HLS 200-471 see www.xilinx.com/cgi-bin/docs/rdoc?v=2021.2;t=hls+guidance;d=200-471.html" projectName="CNN-HLS" solutionName="solution1" date="2022-05-04T11:54:42.969+0200" type="Warning"/>
        <logs message="WARNING: [HLS 214-114] Since the only kind of statements allowed in a canonical dataflow region are variable declarations and function calls, the compiler may not be able to correctly handle the region (layers.cpp:220:9)&#xA;Resolution: For help on HLS 214-114 see www.xilinx.com/cgi-bin/docs/rdoc?v=2021.2;t=hls+guidance;d=214-114.html" projectName="CNN-HLS" solutionName="solution1" date="2022-05-04T11:54:40.535+0200" type="Warning"/>
        <logs message="WARNING: [HLS 214-113] Either use an argument of the function or declare the variable inside the dataflow loop body (layers.cpp:225:32)&#xA;Resolution: For help on HLS 214-113 see www.xilinx.com/cgi-bin/docs/rdoc?v=2021.2;t=hls+guidance;d=214-113.html" projectName="CNN-HLS" solutionName="solution1" date="2022-05-04T11:54:40.530+0200" type="Warning"/>
        <logs message="WARNING: [HLS 214-113] Either use an argument of the function or declare the variable inside the dataflow loop body (layers.cpp:225:20)&#xA;Resolution: For help on HLS 214-113 see www.xilinx.com/cgi-bin/docs/rdoc?v=2021.2;t=hls+guidance;d=214-113.html" projectName="CNN-HLS" solutionName="solution1" date="2022-05-04T11:54:40.524+0200" type="Warning"/>
        <logs message="WARNING: [HLS 214-113] Either use an argument of the function or declare the variable inside the dataflow loop body (layers.cpp:223:35)&#xA;Resolution: For help on HLS 214-113 see www.xilinx.com/cgi-bin/docs/rdoc?v=2021.2;t=hls+guidance;d=214-113.html" projectName="CNN-HLS" solutionName="solution1" date="2022-05-04T11:54:40.521+0200" type="Warning"/>
        <logs message="WARNING: [HLS 214-113] Either use an argument of the function or declare the variable inside the dataflow loop body (layers.cpp:223:21)&#xA;Resolution: For help on HLS 214-113 see www.xilinx.com/cgi-bin/docs/rdoc?v=2021.2;t=hls+guidance;d=214-113.html" projectName="CNN-HLS" solutionName="solution1" date="2022-05-04T11:54:40.517+0200" type="Warning"/>
      </synLog>
      <simLog/>
      <mgLog/>
      <packageLog/>
      <csimLog/>
    </logs>
  </warningLogs>
</vivadoHLSLog:LogRoot>
