<?xml version="1.0" encoding="utf-8"?>
<Messages>
	<Message severity="INFO" prefix="[HLS 200-111]" key="HLS_111_966" tag="RUNTIME" content="Finished File checks and directory preparation: CPU user time: 0.01 seconds. CPU system time: 0 seconds. Elapsed time: 0 seconds; current allocated memory: 1.036 GB." resolution=""/>
	<Message severity="INFO" prefix="[HLS 200-10]" key="HLS_10_1312" tag="" content="Analyzing design file &apos;layers.cpp&apos; ..." resolution=""/>
	<Message severity="WARNING" prefix="[HLS 214-113]" key="HLS 214-113" tag="DATAFLOW,VITIS_THROUGHPUT" content="Either use an argument of the function or declare the variable inside the dataflow loop body (layers.cpp:223:21)" resolution="http://www.xilinx.com/cgi-bin/docs/rdoc?v=2021.2;t=hls+guidance;d=214-113.html"/>
	<Message severity="WARNING" prefix="[HLS 214-113]" key="HLS 214-113" tag="DATAFLOW,VITIS_THROUGHPUT" content="Either use an argument of the function or declare the variable inside the dataflow loop body (layers.cpp:223:35)" resolution="http://www.xilinx.com/cgi-bin/docs/rdoc?v=2021.2;t=hls+guidance;d=214-113.html"/>
	<Message severity="WARNING" prefix="[HLS 214-113]" key="HLS 214-113" tag="DATAFLOW,VITIS_THROUGHPUT" content="Either use an argument of the function or declare the variable inside the dataflow loop body (layers.cpp:225:20)" resolution="http://www.xilinx.com/cgi-bin/docs/rdoc?v=2021.2;t=hls+guidance;d=214-113.html"/>
	<Message severity="WARNING" prefix="[HLS 214-113]" key="HLS 214-113" tag="DATAFLOW,VITIS_THROUGHPUT" content="Either use an argument of the function or declare the variable inside the dataflow loop body (layers.cpp:225:32)" resolution="http://www.xilinx.com/cgi-bin/docs/rdoc?v=2021.2;t=hls+guidance;d=214-113.html"/>
	<Message severity="WARNING" prefix="[HLS 214-114]" key="HLS 214-114" tag="DATAFLOW,VITIS_THROUGHPUT" content="Since the only kind of statements allowed in a canonical dataflow region are variable declarations and function calls, the compiler may not be able to correctly handle the region (layers.cpp:220:9)" resolution="http://www.xilinx.com/cgi-bin/docs/rdoc?v=2021.2;t=hls+guidance;d=214-114.html"/>
	<Message severity="WARNING" prefix="[HLS 200-471]" key="HLS 200-471" tag="DATAFLOW,VITIS_THROUGHPUT" content="Dataflow form checks found 5 issue(s) in file layers.cpp" resolution="http://www.xilinx.com/cgi-bin/docs/rdoc?v=2021.2;t=hls+guidance;d=200-471.html"/>
	<Message severity="INFO" prefix="[HLS 200-10]" key="HLS_10_1312" tag="" content="Analyzing design file &apos;fc_weights.cpp&apos; ..." resolution=""/>
	<Message severity="INFO" prefix="[HLS 200-10]" key="HLS_10_1312" tag="" content="Analyzing design file &apos;conv_weights.cpp&apos; ..." resolution=""/>
	<Message severity="INFO" prefix="[HLS 200-10]" key="HLS_10_1312" tag="" content="Analyzing design file &apos;activations.cpp&apos; ..." resolution=""/>
	<Message severity="INFO" prefix="[HLS 200-111]" key="HLS_111_966" tag="RUNTIME" content="Finished Source Code Analysis and Preprocessing: CPU user time: 67.81 seconds. CPU system time: 2.65 seconds. Elapsed time: 70.59 seconds; current allocated memory: 129.676 MB." resolution=""/>
	<Message severity="INFO" prefix="[HLS 200-777]" key="HLS 200-777" tag="" content="Using interface defaults for &apos;Vivado&apos; flow target." resolution=""/>
	<Message severity="INFO" prefix="[HLS 214-284]" key="HLS 214-284" tag="" content="Auto array partition mode is set into default." resolution=""/>
	<Message severity="WARNING" prefix="[HLS 214-191]" key="HLS 214-191" tag="" content="The stream pragma on function argument, in &apos;call&apos; is unsupported (layers.cpp:219:99)" resolution=""/>
	<Message severity="WARNING" prefix="[HLS 214-191]" key="HLS 214-191" tag="" content="The stream pragma on function argument, in &apos;call&apos; is unsupported (layers.cpp:220:9)" resolution=""/>
	<Message severity="INFO" prefix="[HLS 214-291]" key="HLS 214-291" tag="" content="Loop &apos;fc_mul_weight_inner&apos; is marked as complete unroll implied by the pipeline pragma (layers.cpp:16:9)" resolution=""/>
	<Message severity="INFO" prefix="[HLS 214-291]" key="HLS 214-291" tag="" content="Loop &apos;VITIS_LOOP_729_1&apos; is marked as complete unroll implied by the pipeline pragma (/tools/Xilinx/Vitis_HLS/2021.2/common/technology/autopilot/hls_log_apfixed.h:729:31)" resolution=""/>
	<Message severity="INFO" prefix="[HLS 214-291]" key="HLS 214-291" tag="" content="Loop &apos;VITIS_LOOP_541_16&apos; is marked as complete unroll implied by the pipeline pragma (/tools/Xilinx/Vitis_HLS/2021.2/common/technology/autopilot/hls_exp_apfixed.h:541:36)" resolution=""/>
	<Message severity="INFO" prefix="[HLS 214-291]" key="HLS 214-291" tag="" content="Loop &apos;VITIS_LOOP_537_15&apos; is marked as complete unroll implied by the pipeline pragma (/tools/Xilinx/Vitis_HLS/2021.2/common/technology/autopilot/hls_exp_apfixed.h:537:36)" resolution=""/>
	<Message severity="INFO" prefix="[HLS 214-291]" key="HLS 214-291" tag="" content="Loop &apos;VITIS_LOOP_531_14&apos; is marked as complete unroll implied by the pipeline pragma (/tools/Xilinx/Vitis_HLS/2021.2/common/technology/autopilot/hls_exp_apfixed.h:531:32)" resolution=""/>
	<Message severity="INFO" prefix="[HLS 214-291]" key="HLS 214-291" tag="" content="Loop &apos;VITIS_LOOP_302_13&apos; is marked as complete unroll implied by the pipeline pragma (/tools/Xilinx/Vitis_HLS/2021.2/common/technology/autopilot/hls_exp_apfixed.h:302:36)" resolution=""/>
	<Message severity="INFO" prefix="[HLS 214-291]" key="HLS 214-291" tag="" content="Loop &apos;VITIS_LOOP_294_12&apos; is marked as complete unroll implied by the pipeline pragma (/tools/Xilinx/Vitis_HLS/2021.2/common/technology/autopilot/hls_exp_apfixed.h:294:28)" resolution=""/>
	<Message severity="INFO" prefix="[HLS 214-186]" key="HLS 214-186" tag="" content="Unrolling loop &apos;fc_mul_weight_inner&apos; (layers.cpp:16:9) in function &apos;fc&apos; completely with a factor of 10 (layers.cpp:6:0)" resolution=""/>
	<Message severity="INFO" prefix="[HLS 214-186]" key="HLS 214-186" tag="" content="Unrolling loop &apos;VITIS_LOOP_729_1&apos; (/tools/Xilinx/Vitis_HLS/2021.2/common/technology/autopilot/hls_log_apfixed.h:729:31) in function &apos;log_apfixed_reduce::log&lt;24, 10&gt;&apos; completely with a factor of 24 (/tools/Xilinx/Vitis_HLS/2021.2/common/technology/autopilot/hls_log_apfixed.h:500:0)" resolution=""/>
	<Message severity="INFO" prefix="[HLS 214-186]" key="HLS 214-186" tag="" content="Unrolling loop &apos;VITIS_LOOP_541_16&apos; (/tools/Xilinx/Vitis_HLS/2021.2/common/technology/autopilot/hls_exp_apfixed.h:541:36) in function &apos;exp_reduce::exp&lt;24, 10&gt;&apos; completely with a factor of 32 (/tools/Xilinx/Vitis_HLS/2021.2/common/technology/autopilot/hls_exp_apfixed.h:40:0)" resolution=""/>
	<Message severity="INFO" prefix="[HLS 214-186]" key="HLS 214-186" tag="" content="Unrolling loop &apos;VITIS_LOOP_537_15&apos; (/tools/Xilinx/Vitis_HLS/2021.2/common/technology/autopilot/hls_exp_apfixed.h:537:36) in function &apos;exp_reduce::exp&lt;24, 10&gt;&apos; completely with a factor of 14 (/tools/Xilinx/Vitis_HLS/2021.2/common/technology/autopilot/hls_exp_apfixed.h:40:0)" resolution=""/>
	<Message severity="INFO" prefix="[HLS 214-186]" key="HLS 214-186" tag="" content="Unrolling loop &apos;VITIS_LOOP_531_14&apos; (/tools/Xilinx/Vitis_HLS/2021.2/common/technology/autopilot/hls_exp_apfixed.h:531:32) in function &apos;exp_reduce::exp&lt;24, 10&gt;&apos; completely with a factor of 14 (/tools/Xilinx/Vitis_HLS/2021.2/common/technology/autopilot/hls_exp_apfixed.h:40:0)" resolution=""/>
	<Message severity="INFO" prefix="[HLS 214-186]" key="HLS 214-186" tag="" content="Unrolling loop &apos;VITIS_LOOP_302_13&apos; (/tools/Xilinx/Vitis_HLS/2021.2/common/technology/autopilot/hls_exp_apfixed.h:302:36) in function &apos;exp_reduce::exp&lt;24, 10&gt;&apos; completely with a factor of 46 (/tools/Xilinx/Vitis_HLS/2021.2/common/technology/autopilot/hls_exp_apfixed.h:40:0)" resolution=""/>
	<Message severity="INFO" prefix="[HLS 214-186]" key="HLS 214-186" tag="" content="Unrolling loop &apos;VITIS_LOOP_294_12&apos; (/tools/Xilinx/Vitis_HLS/2021.2/common/technology/autopilot/hls_exp_apfixed.h:294:28) in function &apos;exp_reduce::exp&lt;24, 10&gt;&apos; completely with a factor of 19 (/tools/Xilinx/Vitis_HLS/2021.2/common/technology/autopilot/hls_exp_apfixed.h:40:0)" resolution=""/>
	<Message severity="INFO" prefix="[HLS 214-178]" key="HLS 214-178" tag="" content="Inlining function &apos;relu(ap_fixed&lt;24, 10, (ap_q_mode)0, (ap_o_mode)3, 0&gt;)&apos; into &apos;conv(hls::stream&lt;ap_fixed&lt;24, 10, (ap_q_mode)0, (ap_o_mode)3, 0&gt;, 0&gt;&amp;, hls::stream&lt;ap_fixed&lt;24, 10, (ap_q_mode)0, (ap_o_mode)3, 0&gt;, 0&gt;&amp;, ap_fixed&lt;24, 10, (ap_q_mode)0, (ap_o_mode)3, 0&gt; (*) [3][1][32], ap_fixed&lt;24, 10, (ap_q_mode)0, (ap_o_mode)3, 0&gt;*)&apos; (layers.cpp:111:0)" resolution=""/>
	<Message severity="INFO" prefix="[HLS 214-178]" key="HLS 214-178" tag="" content="Inlining function &apos;void log_apfixed_reduce::range_reduce&lt;ap_fixed&lt;29, 7, (ap_q_mode)5, (ap_o_mode)3, 0&gt;, 4, 4, 24, 15&gt;(ap_ufixed&lt;24, -(4), (ap_q_mode)5, (ap_o_mode)3, 0&gt;, ap_fixed&lt;29, 7, (ap_q_mode)5, (ap_o_mode)3, 0&gt;&amp;, ap_ufixed&lt;15, -(((4) + (4)) - (1)), (ap_q_mode)5, (ap_o_mode)3, 0&gt;&amp;)&apos; into &apos;ap_ufixed&lt;15, -7, (ap_q_mode)5, (ap_o_mode)3, 0&gt; log_apfixed_reduce::log_traits&lt;2&gt;::range_reduction&lt;24&gt;(ap_ufixed&lt;24, -4, (ap_q_mode)5, (ap_o_mode)3, 0&gt;, ap_fixed&lt;29, 7, (ap_q_mode)5, (ap_o_mode)3, 0&gt;&amp;)&apos; (/tools/Xilinx/Vitis_HLS/2021.2/common/technology/autopilot/hls_log_apfixed.h:249:0)" resolution=""/>
	<Message severity="INFO" prefix="[HLS 214-178]" key="HLS 214-178" tag="" content="Inlining function &apos;ap_ufixed&lt;15, -7, (ap_q_mode)5, (ap_o_mode)3, 0&gt; log_apfixed_reduce::log_traits&lt;2&gt;::range_reduction&lt;24&gt;(ap_ufixed&lt;24, -4, (ap_q_mode)5, (ap_o_mode)3, 0&gt;, ap_fixed&lt;29, 7, (ap_q_mode)5, (ap_o_mode)3, 0&gt;&amp;)&apos; into &apos;ap_fixed&lt;24, 10, (ap_q_mode)5, (ap_o_mode)3, 0&gt; log_apfixed_reduce::log&lt;24, 10&gt;(ap_fixed&lt;24, 10, (ap_q_mode)5, (ap_o_mode)3, 0&gt;)&apos; (/tools/Xilinx/Vitis_HLS/2021.2/common/technology/autopilot/hls_log_apfixed.h:500:0)" resolution=""/>
	<Message severity="INFO" prefix="[HLS 214-178]" key="HLS 214-178" tag="" content="Inlining function &apos;ap_fixed&lt;24, 10, (ap_q_mode)5, (ap_o_mode)3, 0&gt; hls::exp&lt;24, 10&gt;(ap_fixed&lt;24, 10, (ap_q_mode)5, (ap_o_mode)3, 0&gt;)&apos; into &apos;softmax(ap_fixed&lt;24, 10, (ap_q_mode)0, (ap_o_mode)3, 0&gt;*, unsigned long)&apos; (activations.cpp:7:0)" resolution=""/>
	<Message severity="INFO" prefix="[HLS 214-178]" key="HLS 214-178" tag="" content="Inlining function &apos;ap_fixed&lt;24, 10, (ap_q_mode)5, (ap_o_mode)3, 0&gt; hls::log&lt;24, 10&gt;(ap_fixed&lt;24, 10, (ap_q_mode)5, (ap_o_mode)3, 0&gt;)&apos; into &apos;softmax(ap_fixed&lt;24, 10, (ap_q_mode)0, (ap_o_mode)3, 0&gt;*, unsigned long)&apos; (activations.cpp:7:0)" resolution=""/>
	<Message severity="INFO" prefix="[HLS 214-241]" key="HLS 214-241" tag="" content="Aggregating fifo (hls::stream) variable &apos;out&apos; with compact=bit mode in 24-bits (layers.cpp:219:0)" resolution=""/>
	<Message severity="INFO" prefix="[HLS 214-241]" key="HLS 214-241" tag="" content="Aggregating fifo (hls::stream) variable &apos;in&apos; with compact=bit mode in 24-bits (layers.cpp:219:0)" resolution=""/>
	<Message severity="INFO" prefix="[HLS 214-270]" key="HLS 214-270" tag="" content="Starting automatic array partition analysis..." resolution=""/>
	<Message severity="INFO" prefix="[HLS 214-270]" key="HLS 214-270" tag="" content="Inferring complete partitioning for array &apos;fc_weights&apos; on dimension 2 (fc_weights.cpp:4:0)" resolution=""/>
	<Message severity="INFO" prefix="[HLS 214-131]" key="HLS 214-131" tag="" content="Inlining function &apos;_llvm.fpga.pack.none.i24.s_struct.ssdm_int&lt;24, true&gt;s&apos; into &apos;_llvm.fpga.unpack.bits.s_struct.ap_fixed&lt;24, 10, AP_RND, AP_WRAP, 0&gt;s.i24.1&apos;" resolution=""/>
	<Message severity="INFO" prefix="[HLS 214-131]" key="HLS 214-131" tag="" content="Inlining function &apos;_llvm.fpga.unpack.bits.s_struct.ap_fixed&lt;24, 10, AP_RND, AP_WRAP, 0&gt;s.i24.1&apos; into &apos;conv(hls::stream&lt;ap_fixed&lt;24, 10, (ap_q_mode)0, (ap_o_mode)3, 0&gt;, 0&gt;&amp;, hls::stream&lt;ap_fixed&lt;24, 10, (ap_q_mode)0, (ap_o_mode)3, 0&gt;, 0&gt;&amp;, ap_fixed&lt;24, 10, (ap_q_mode)0, (ap_o_mode)3, 0&gt; (*) [3][1][32], ap_fixed&lt;24, 10, (ap_q_mode)0, (ap_o_mode)3, 0&gt;*) (.1)&apos; (/tools/Xilinx/Vitis_HLS/2021.2/common/technology/autopilot/hls_stream_39.h:144:9)" resolution=""/>
	<Message severity="INFO" prefix="[HLS 214-131]" key="HLS 214-131" tag="" content="Inlining function &apos;_llvm.fpga.pack.none.i24.s_struct.ap_fixed&lt;24, 10, AP_RND, AP_WRAP, 0&gt;s&apos; into &apos;conv(hls::stream&lt;ap_fixed&lt;24, 10, (ap_q_mode)0, (ap_o_mode)3, 0&gt;, 0&gt;&amp;, hls::stream&lt;ap_fixed&lt;24, 10, (ap_q_mode)0, (ap_o_mode)3, 0&gt;, 0&gt;&amp;, ap_fixed&lt;24, 10, (ap_q_mode)0, (ap_o_mode)3, 0&gt; (*) [3][1][32], ap_fixed&lt;24, 10, (ap_q_mode)0, (ap_o_mode)3, 0&gt;*) (.1)&apos; (/tools/Xilinx/Vitis_HLS/2021.2/common/technology/autopilot/hls_stream_39.h:173:9)" resolution=""/>
	<Message severity="INFO" prefix="[HLS 214-131]" key="HLS 214-131" tag="" content="Inlining function &apos;_llvm.fpga.pack.none.i24.s_struct.ap_fixed&lt;24, 10, AP_RND, AP_WRAP, 0&gt;s&apos; into &apos;pool(hls::stream&lt;ap_fixed&lt;24, 10, (ap_q_mode)0, (ap_o_mode)3, 0&gt;, 0&gt;&amp;, hls::stream&lt;ap_fixed&lt;24, 10, (ap_q_mode)0, (ap_o_mode)3, 0&gt;, 0&gt;&amp;) (.1)&apos; (/tools/Xilinx/Vitis_HLS/2021.2/common/technology/autopilot/hls_stream_39.h:173:9)" resolution=""/>
	<Message severity="INFO" prefix="[HLS 214-131]" key="HLS 214-131" tag="" content="Inlining function &apos;_llvm.fpga.pack.none.i24.s_struct.ap_fixed&lt;24, 10, AP_RND, AP_WRAP, 0&gt;s&apos; into &apos;fc(hls::stream&lt;ap_fixed&lt;24, 10, (ap_q_mode)0, (ap_o_mode)3, 0&gt;, 0&gt;&amp;, hls::stream&lt;ap_fixed&lt;24, 10, (ap_q_mode)0, (ap_o_mode)3, 0&gt;, 0&gt;&amp;, ap_fixed&lt;24, 10, (ap_q_mode)0, (ap_o_mode)3, 0&gt; (*) [10], ap_fixed&lt;24, 10, (ap_q_mode)0, (ap_o_mode)3, 0&gt;*) (.1)&apos; (/tools/Xilinx/Vitis_HLS/2021.2/common/technology/autopilot/hls_stream_39.h:173:9)" resolution=""/>
	<Message severity="INFO" prefix="[HLS 214-131]" key="HLS 214-131" tag="" content="Inlining function &apos;_llvm.fpga.pack.bits.i24.s_struct.ap_fixed&lt;24, 10, AP_RND, AP_WRAP, 0&gt;s.1&apos; into &apos;fc(hls::stream&lt;ap_fixed&lt;24, 10, (ap_q_mode)0, (ap_o_mode)3, 0&gt;, 0&gt;&amp;, hls::stream&lt;ap_fixed&lt;24, 10, (ap_q_mode)0, (ap_o_mode)3, 0&gt;, 0&gt;&amp;, ap_fixed&lt;24, 10, (ap_q_mode)0, (ap_o_mode)3, 0&gt; (*) [10], ap_fixed&lt;24, 10, (ap_q_mode)0, (ap_o_mode)3, 0&gt;*) (.1)&apos; (/tools/Xilinx/Vitis_HLS/2021.2/common/technology/autopilot/hls_stream_39.h:173:9)" resolution=""/>
	<Message severity="INFO" prefix="[HLS 200-111]" key="HLS_111_966" tag="RUNTIME" content="Finished Compiling Optimization and Transform: CPU user time: 22.41 seconds. CPU system time: 1.95 seconds. Elapsed time: 25.21 seconds; current allocated memory: 130.562 MB." resolution=""/>
	<Message severity="INFO" prefix="[HLS 200-111]" key="HLS_111_966" tag="RUNTIME" content="Finished Checking Pragmas: CPU user time: 0 seconds. CPU system time: 0 seconds. Elapsed time: 0 seconds; current allocated memory: 130.562 MB." resolution=""/>
	<Message severity="INFO" prefix="[HLS 200-10]" key="HLS_10_1467" tag="" content="Starting code transformations ..." resolution=""/>
	<Message severity="INFO" prefix="[HLS 200-111]" key="HLS_111_966" tag="RUNTIME" content="Finished Standard Transforms: CPU user time: 0.28 seconds. CPU system time: 0.03 seconds. Elapsed time: 0.35 seconds; current allocated memory: 175.762 MB." resolution=""/>
	<Message severity="INFO" prefix="[HLS 200-10]" key="HLS_10_1472" tag="" content="Checking synthesizability ..." resolution=""/>
	<Message severity="WARNING" prefix="[SYNCHK 200-23]" key="SYNCHK_VAR_INDEX_RANGE_359" tag="" content="/tools/Xilinx/Vitis_HLS/2021.2/common/technology/autopilot/ap_fixed_base.h:950: variable-indexed range selection may cause suboptimal QoR." resolution=""/>
	<Message severity="INFO" prefix="[SYNCHK 200-10]" key="SYNCHK_SYNCHK_SUMMARY_377" tag="" content="0 error(s), 1 warning(s)." resolution=""/>
	<Message severity="INFO" prefix="[HLS 200-111]" key="HLS_111_966" tag="RUNTIME" content="Finished Checking Synthesizability: CPU user time: 0.41 seconds. CPU system time: 0.02 seconds. Elapsed time: 0.43 seconds; current allocated memory: 239.633 MB." resolution=""/>
	<Message severity="INFO" prefix="[XFORM 203-510]" key="XFORM_AUTO_PIPELINE_STATUS_244" tag="" content="Pipelining loop &apos;VITIS_LOOP_15_1&apos; (activations.cpp:11) in function &apos;softmax&apos; automatically." resolution=""/>
	<Message severity="INFO" prefix="[XFORM 203-510]" key="XFORM_AUTO_PIPELINE_STATUS_244" tag="" content="Pipelining loop &apos;softmax_sum&apos; (activations.cpp:11) in function &apos;softmax&apos; automatically." resolution=""/>
	<Message severity="INFO" prefix="[XFORM 203-510]" key="XFORM_AUTO_PIPELINE_STATUS_244" tag="" content="Pipelining loop &apos;softmax_exp&apos; (activations.cpp:10) in function &apos;softmax&apos; automatically." resolution=""/>
	<Message severity="INFO" prefix="[XFORM 203-510]" key="XFORM_AUTO_PIPELINE_STATUS_244" tag="" content="Pipelining loop &apos;pool_maxsearch1&apos; (/tools/Xilinx/Vitis_HLS/2021.2/common/technology/autopilot/hls_stream_39.h:0) in function &apos;pool&apos; automatically." resolution=""/>
	<Message severity="INFO" prefix="[XFORM 203-510]" key="XFORM_AUTO_PIPELINE_STATUS_244" tag="" content="Pipelining loop &apos;VITIS_LOOP_20_1&apos; (layers.cpp:20) in function &apos;fc&apos; automatically." resolution=""/>
	<Message severity="INFO" prefix="[XFORM 203-510]" key="XFORM_AUTO_PIPELINE_STATUS_244" tag="" content="Pipelining loop &apos;fc_copy_tostream&apos; (layers.cpp:38) in function &apos;fc&apos; automatically." resolution=""/>
	<Message severity="INFO" prefix="[XFORM 203-510]" key="XFORM_AUTO_PIPELINE_STATUS_244" tag="" content="Pipelining loop &apos;conv_read_input&apos; (layers.cpp:112) in function &apos;conv&apos; automatically." resolution=""/>
	<Message severity="INFO" prefix="[XFORM 203-510]" key="XFORM_AUTO_PIPELINE_STATUS_244" tag="" content="Pipelining loop &apos;conv_label3&apos; (layers.cpp:112) in function &apos;conv&apos; automatically." resolution=""/>
	<Message severity="INFO" prefix="[XFORM 203-502]" key="XFORM_AUTO_UNROLL_STATUS_246" tag="" content="Unrolling all sub-loops inside loop &apos;conv_label3&apos; (layers.cpp:112) in function &apos;conv&apos; for pipelining." resolution=""/>
	<Message severity="INFO" prefix="[HLS 200-489]" key="HLS 200-489" tag="" content="Unrolling loop &apos;conv_label2&apos; (layers.cpp:113) in function &apos;conv&apos; completely with a factor of 3." resolution=""/>
	<Message severity="INFO" prefix="[HLS 200-489]" key="HLS 200-489" tag="" content="Unrolling loop &apos;conv_label1&apos; (layers.cpp:113) in function &apos;conv&apos; completely with a factor of 3." resolution=""/>
	<Message severity="INFO" prefix="[XFORM 203-102]" key="XFORM_AUTO_PARTITION_STATUS_121" tag="" content="Partitioning array &apos;conv_weights.V&apos; in dimension 1 automatically." resolution=""/>
	<Message severity="INFO" prefix="[XFORM 203-102]" key="XFORM_AUTO_PARTITION_STATUS_121" tag="" content="Partitioning array &apos;conv_weights.V.0&apos; in dimension 1 automatically." resolution=""/>
	<Message severity="INFO" prefix="[XFORM 203-102]" key="XFORM_AUTO_PARTITION_STATUS_121" tag="" content="Partitioning array &apos;conv_weights.V.0.0&apos; in dimension 1 automatically." resolution=""/>
	<Message severity="INFO" prefix="[XFORM 203-102]" key="XFORM_AUTO_PARTITION_STATUS_121" tag="" content="Partitioning array &apos;conv_weights.V.0.1&apos; in dimension 1 automatically." resolution=""/>
	<Message severity="INFO" prefix="[XFORM 203-102]" key="XFORM_AUTO_PARTITION_STATUS_121" tag="" content="Partitioning array &apos;conv_weights.V.0.2&apos; in dimension 1 automatically." resolution=""/>
	<Message severity="INFO" prefix="[XFORM 203-102]" key="XFORM_AUTO_PARTITION_STATUS_121" tag="" content="Partitioning array &apos;conv_weights.V.1&apos; in dimension 1 automatically." resolution=""/>
	<Message severity="INFO" prefix="[XFORM 203-102]" key="XFORM_AUTO_PARTITION_STATUS_121" tag="" content="Partitioning array &apos;conv_weights.V.1.0&apos; in dimension 1 automatically." resolution=""/>
	<Message severity="INFO" prefix="[XFORM 203-102]" key="XFORM_AUTO_PARTITION_STATUS_121" tag="" content="Partitioning array &apos;conv_weights.V.1.1&apos; in dimension 1 automatically." resolution=""/>
	<Message severity="INFO" prefix="[XFORM 203-102]" key="XFORM_AUTO_PARTITION_STATUS_121" tag="" content="Partitioning array &apos;conv_weights.V.1.2&apos; in dimension 1 automatically." resolution=""/>
	<Message severity="INFO" prefix="[XFORM 203-102]" key="XFORM_AUTO_PARTITION_STATUS_121" tag="" content="Partitioning array &apos;conv_weights.V.2&apos; in dimension 1 automatically." resolution=""/>
	<Message severity="INFO" prefix="[XFORM 203-102]" key="XFORM_AUTO_PARTITION_STATUS_121" tag="" content="Partitioning array &apos;conv_weights.V.2.0&apos; in dimension 1 automatically." resolution=""/>
	<Message severity="INFO" prefix="[XFORM 203-102]" key="XFORM_AUTO_PARTITION_STATUS_121" tag="" content="Partitioning array &apos;conv_weights.V.2.1&apos; in dimension 1 automatically." resolution=""/>
	<Message severity="INFO" prefix="[XFORM 203-102]" key="XFORM_AUTO_PARTITION_STATUS_121" tag="" content="Partitioning array &apos;conv_weights.V.2.2&apos; in dimension 1 automatically." resolution=""/>
	<Message severity="INFO" prefix="[XFORM 203-101]" key="XFORM_PARTITION_STATUS_116" tag="" content="Partitioning array &apos;fc_weights.V&apos;  in dimension 2 completely." resolution=""/>
	<Message severity="WARNING" prefix="[HLS 200-805]" key="HLS 200-805" tag="" content="An internal stream &apos;conv_out&apos; (layers.cpp:220) with default size can result in deadlock. Please consider resizing the stream using the directive &apos;set_directive_stream&apos; or the &apos;HLS stream&apos; pragma." resolution=""/>
	<Message severity="WARNING" prefix="[HLS 200-805]" key="HLS 200-805" tag="" content="An internal stream &apos;pool_out&apos; (layers.cpp:221) with default size can result in deadlock. Please consider resizing the stream using the directive &apos;set_directive_stream&apos; or the &apos;HLS stream&apos; pragma." resolution=""/>
	<Message severity="WARNING" prefix="[HLS 200-786]" key="HLS 200-786" tag="DATAFLOW,VITIS_THROUGHPUT" content="Detected dataflow-on-top in function  &apos;nnet&apos; (layers.cpp:220:1)  with default interface mode &apos;ap_ctrl_hs&apos;. Overlapped execution of successive kernel calls will not happen unless interface mode &apos;ap_ctrl_chain&apos; is used (or &apos;ap_ctrl_none&apos; for a purely data-driven design)." resolution="http://www.xilinx.com/cgi-bin/docs/rdoc?v=2021.2;t=hls+guidance;d=200-786.html"/>
	<Message severity="INFO" prefix="[XFORM 203-712]" key="XFORM_DATAFLOW_TRANSFORM_230" tag="DATAFLOW" content="Applying dataflow to function &apos;nnet&apos; (layers.cpp:220:1), detected/extracted 3 process function(s): 
	 &apos;conv&apos;
	 &apos;pool&apos;
	 &apos;fc&apos;." resolution=""/>
	<Message severity="INFO" prefix="[XFORM 203-401]" key="XFORM_IFCONV_STATUS_239" tag="" content="Performing if-conversion on hyperblock to (activations.cpp:30:5) in function &apos;softmax&apos;... converting 10 basic blocks." resolution=""/>
	<Message severity="INFO" prefix="[XFORM 203-401]" key="XFORM_IFCONV_STATUS_239" tag="" content="Performing if-conversion on hyperblock from (/tools/Xilinx/Vitis_HLS/2021.2/common/technology/autopilot/hls_stream_39.h:0) to (layers.cpp:76:42) in function &apos;pool&apos;... converting 3 basic blocks." resolution=""/>
	<Message severity="INFO" prefix="[XFORM 203-401]" key="XFORM_IFCONV_STATUS_239" tag="" content="Performing if-conversion on hyperblock to (/tools/Xilinx/Vitis_HLS/2021.2/common/technology/autopilot/hls_log_apfixed.h:748:17) in function &apos;log_apfixed_reduce::log&lt;24, 10&gt;&apos;... converting 25 basic blocks." resolution=""/>
	<Message severity="INFO" prefix="[XFORM 203-401]" key="XFORM_IFCONV_STATUS_239" tag="" content="Performing if-conversion on hyperblock from (/tools/Xilinx/Vitis_HLS/2021.2/common/technology/autopilot/hls_exp_apfixed.h:39:37) to (/tools/Xilinx/Vitis_HLS/2021.2/common/technology/autopilot/hls_exp_apfixed.h:953:1) in function &apos;exp_reduce::exp&lt;24, 10&gt;&apos;... converting 5 basic blocks." resolution=""/>
	<Message severity="INFO" prefix="[XFORM 203-11]" key="XFORM_EXPR_BALANCE_STATUS_178" tag="" content="Balancing expressions in function &apos;log_apfixed_reduce::log&lt;24, 10&gt;&apos; (/tools/Xilinx/Vitis_HLS/2021.2/common/technology/autopilot/hls_log_apfixed.h:186:6)...3 expression(s) balanced." resolution=""/>
	<Message severity="INFO" prefix="[XFORM 203-11]" key="XFORM_EXPR_BALANCE_STATUS_178" tag="" content="Balancing expressions in function &apos;exp_reduce::exp&lt;24, 10&gt;&apos; (/tools/Xilinx/Vitis_HLS/2021.2/common/technology/autopilot/hls_exp_apfixed.h:39:1)...17 expression(s) balanced." resolution=""/>
	<Message severity="INFO" prefix="[HLS 200-111]" key="HLS_111_966" tag="RUNTIME" content="Finished Loop, function and other optimizations: CPU user time: 0.82 seconds. CPU system time: 0.03 seconds. Elapsed time: 0.87 seconds; current allocated memory: 330.844 MB." resolution=""/>
	<Message severity="INFO" prefix="[XFORM 203-541]" key="XFORM_LOOPFLAT_STATUS_218" tag="" content="Flattening a loop nest &apos;pool_maxsearch2&apos; (layers.cpp:46:21) in function &apos;pool&apos;." resolution=""/>
	<Message severity="INFO" prefix="[XFORM 203-541]" key="XFORM_LOOPFLAT_STATUS_218" tag="" content="Flattening a loop nest &apos;pool_maxsearch3&apos; (layers.cpp:46:12) in function &apos;pool&apos;." resolution=""/>
	<Message severity="INFO" prefix="[XFORM 203-541]" key="XFORM_LOOPFLAT_STATUS_218" tag="" content="Flattening a loop nest &apos;pool_maxsearch4&apos; (layers.cpp:46:18) in function &apos;pool&apos;." resolution=""/>
	<Message severity="INFO" prefix="[XFORM 203-541]" key="XFORM_LOOPFLAT_STATUS_218" tag="" content="Flattening a loop nest &apos;pool_maxsearch5&apos; (layers.cpp:46:9) in function &apos;pool&apos;." resolution=""/>
	<Message severity="INFO" prefix="[XFORM 203-541]" key="XFORM_LOOPFLAT_STATUS_218" tag="" content="Flattening a loop nest &apos;conv_label4&apos; (layers.cpp:112:12) in function &apos;conv&apos;." resolution=""/>
	<Message severity="INFO" prefix="[XFORM 203-541]" key="XFORM_LOOPFLAT_STATUS_218" tag="" content="Flattening a loop nest &apos;conv_label5&apos; (layers.cpp:112:9) in function &apos;conv&apos;." resolution=""/>
	<Message severity="INFO" prefix="[HLS 200-472]" key="HLS 200-472" tag="" content="Inferring partial write operation for &apos;pool_buff.V&apos;" resolution=""/>
	<Message severity="INFO" prefix="[HLS 200-472]" key="HLS 200-472" tag="" content="Inferring partial write operation for &apos;output.V&apos;" resolution=""/>
	<Message severity="INFO" prefix="[HLS 200-472]" key="HLS 200-472" tag="" content="Inferring partial write operation for &apos;input&apos; (activations.cpp:31:18)" resolution=""/>
	<Message severity="INFO" prefix="[HLS 200-472]" key="HLS 200-472" tag="" content="Inferring partial write operation for &apos;output.V&apos;" resolution=""/>
	<Message severity="INFO" prefix="[HLS 200-472]" key="HLS 200-472" tag="" content="Inferring partial write operation for &apos;conv_buff.V&apos; (/tools/Xilinx/Vitis_HLS/2021.2/common/technology/autopilot/hls_stream_39.h:144:9)" resolution=""/>
	<Message severity="INFO" prefix="[HLS 200-111]" key="HLS_111_966" tag="RUNTIME" content="Finished Architecture Synthesis: CPU user time: 0.42 seconds. CPU system time: 0.03 seconds. Elapsed time: 0.47 seconds; current allocated memory: 475.211 MB." resolution=""/>
	<Message severity="INFO" prefix="[HLS 200-10]" key="HLS_10_1317" tag="" content="Starting hardware synthesis ..." resolution=""/>
	<Message severity="INFO" prefix="[HLS 200-10]" key="HLS_10_1385" tag="" content="Synthesizing &apos;nnet&apos; ..." resolution=""/>
	<Message severity="WARNING" prefix="[SYN 201-103]" key="SYN_MODULE_NAME_ILLEGAL_445" tag="" content="Legalizing function name &apos;exp&lt;24, 10&gt;&apos; to &apos;exp_24_10_s&apos;." resolution=""/>
	<Message severity="WARNING" prefix="[SYN 201-103]" key="SYN_MODULE_NAME_ILLEGAL_445" tag="" content="Legalizing function name &apos;log&lt;24, 10&gt;&apos; to &apos;log_24_10_s&apos;." resolution=""/>
	<Message severity="INFO" prefix="[HLS 200-10]" key="HLS_10_1477" tag="" content="----------------------------------------------------------------" resolution=""/>
	<Message severity="INFO" prefix="[HLS 200-42]" key="HLS_42_1438" tag="" content="-- Implementing module &apos;conv_Pipeline_conv_read_input&apos;" resolution=""/>
	<Message severity="INFO" prefix="[HLS 200-10]" key="HLS_10_1478" tag="" content="----------------------------------------------------------------" resolution=""/>
	<Message severity="INFO" prefix="[SCHED 204-11]" key="SCHED_SCHED_STATUS_597" tag="" content="Starting scheduling ..." resolution=""/>
	<Message severity="INFO" prefix="[HLS 200-1457]" key="HLS 200-1457" tag="" content="Automatically inferring inferring RAM_1WNR storage type for array &apos;conv_buff_V&apos;. Use bind_storage pragma to override this type." resolution=""/>
	<Message severity="INFO" prefix="[SCHED 204-61]" key="SCHED_PIPELINING_STATUS_41" tag="" content="Pipelining loop &apos;conv_read_input&apos;." resolution=""/>
	<Message severity="INFO" prefix="[HLS 200-1470]" key="HLS 200-1470" tag="SCHEDULE,VITIS_THROUGHPUT" content="Pipelining result : Target II = NA, Final II = 1, Depth = 2, loop &apos;conv_read_input&apos;" resolution=""/>
	<Message severity="INFO" prefix="[SCHED 204-11]" key="SCHED_SCHED_STATUS_596" tag="" content="Finished scheduling." resolution=""/>
	<Message severity="INFO" prefix="[HLS 200-111]" key="HLS_111_966" tag="RUNTIME" content="Finished Scheduling: CPU user time: 0.12 seconds. CPU system time: 0.02 seconds. Elapsed time: 0.18 seconds; current allocated memory: 476.953 MB." resolution=""/>
	<Message severity="INFO" prefix="[BIND 205-100]" key="BIND_100_926" tag="" content="Starting micro-architecture generation ..." resolution=""/>
	<Message severity="INFO" prefix="[BIND 205-101]" key="BIND_101_698" tag="" content="Performing variable lifetime analysis." resolution=""/>
	<Message severity="INFO" prefix="[BIND 205-101]" key="BIND_101_697" tag="" content="Exploring resource sharing." resolution=""/>
	<Message severity="INFO" prefix="[BIND 205-101]" key="BIND_101_693" tag="" content="Binding ..." resolution=""/>
	<Message severity="INFO" prefix="[BIND 205-100]" key="BIND_100_925" tag="" content="Finished micro-architecture generation." resolution=""/>
	<Message severity="INFO" prefix="[HLS 200-111]" key="HLS_111_966" tag="RUNTIME" content="Finished Binding: CPU user time: 0.03 seconds. CPU system time: 0 seconds. Elapsed time: 0.03 seconds; current allocated memory: 476.953 MB." resolution=""/>
	<Message severity="INFO" prefix="[HLS 200-10]" key="HLS_10_1477" tag="" content="----------------------------------------------------------------" resolution=""/>
	<Message severity="INFO" prefix="[HLS 200-42]" key="HLS_42_1438" tag="" content="-- Implementing module &apos;conv_Pipeline_conv_label5_conv_label4_conv_label3&apos;" resolution=""/>
	<Message severity="INFO" prefix="[HLS 200-10]" key="HLS_10_1478" tag="" content="----------------------------------------------------------------" resolution=""/>
	<Message severity="INFO" prefix="[SCHED 204-11]" key="SCHED_SCHED_STATUS_597" tag="" content="Starting scheduling ..." resolution=""/>
	<Message severity="INFO" prefix="[HLS 200-486]" key="HLS 200-486" tag="" content="Changing DSP latency (root=mul_ln1171_8) to 3 in order to utilize available DSP registers." resolution=""/>
	<Message severity="INFO" prefix="[HLS 200-486]" key="HLS 200-486" tag="" content="Changing DSP latency (root=mul_ln1171_7) to 3 in order to utilize available DSP registers." resolution=""/>
	<Message severity="INFO" prefix="[HLS 200-486]" key="HLS 200-486" tag="" content="Changing DSP latency (root=mul_ln1171_6) to 3 in order to utilize available DSP registers." resolution=""/>
	<Message severity="INFO" prefix="[HLS 200-486]" key="HLS 200-486" tag="" content="Changing DSP latency (root=mul_ln1171_5) to 3 in order to utilize available DSP registers." resolution=""/>
	<Message severity="INFO" prefix="[HLS 200-486]" key="HLS 200-486" tag="" content="Changing DSP latency (root=mul_ln1171_4) to 3 in order to utilize available DSP registers." resolution=""/>
	<Message severity="INFO" prefix="[HLS 200-486]" key="HLS 200-486" tag="" content="Changing DSP latency (root=mul_ln1171_3) to 3 in order to utilize available DSP registers." resolution=""/>
	<Message severity="INFO" prefix="[HLS 200-486]" key="HLS 200-486" tag="" content="Changing DSP latency (root=mul_ln1171_2) to 3 in order to utilize available DSP registers." resolution=""/>
	<Message severity="INFO" prefix="[HLS 200-486]" key="HLS 200-486" tag="" content="Changing DSP latency (root=mul_ln1171_1) to 3 in order to utilize available DSP registers." resolution=""/>
	<Message severity="INFO" prefix="[HLS 200-486]" key="HLS 200-486" tag="" content="Changing DSP latency (root=mul_ln1171) to 3 in order to utilize available DSP registers." resolution=""/>
	<Message severity="INFO" prefix="[HLS 200-1457]" key="HLS 200-1457" tag="" content="Automatically inferring inferring RAM_1WNR storage type for array &apos;conv_buff_V&apos;. Use bind_storage pragma to override this type." resolution=""/>
	<Message severity="INFO" prefix="[SCHED 204-61]" key="SCHED_PIPELINING_STATUS_41" tag="" content="Pipelining loop &apos;conv_label5_conv_label4_conv_label3&apos;." resolution=""/>
	<Message severity="INFO" prefix="[HLS 200-1470]" key="HLS 200-1470" tag="SCHEDULE,VITIS_THROUGHPUT" content="Pipelining result : Target II = NA, Final II = 1, Depth = 16, loop &apos;conv_label5_conv_label4_conv_label3&apos;" resolution=""/>
	<Message severity="INFO" prefix="[SCHED 204-11]" key="SCHED_SCHED_STATUS_596" tag="" content="Finished scheduling." resolution=""/>
	<Message severity="INFO" prefix="[HLS 200-111]" key="HLS_111_966" tag="RUNTIME" content="Finished Scheduling: CPU user time: 0.16 seconds. CPU system time: 0 seconds. Elapsed time: 0.17 seconds; current allocated memory: 479.484 MB." resolution=""/>
	<Message severity="INFO" prefix="[BIND 205-100]" key="BIND_100_926" tag="" content="Starting micro-architecture generation ..." resolution=""/>
	<Message severity="INFO" prefix="[BIND 205-101]" key="BIND_101_698" tag="" content="Performing variable lifetime analysis." resolution=""/>
	<Message severity="INFO" prefix="[BIND 205-101]" key="BIND_101_697" tag="" content="Exploring resource sharing." resolution=""/>
	<Message severity="INFO" prefix="[BIND 205-101]" key="BIND_101_693" tag="" content="Binding ..." resolution=""/>
	<Message severity="INFO" prefix="[BIND 205-100]" key="BIND_100_925" tag="" content="Finished micro-architecture generation." resolution=""/>
	<Message severity="INFO" prefix="[HLS 200-111]" key="HLS_111_966" tag="RUNTIME" content="Finished Binding: CPU user time: 0.17 seconds. CPU system time: 0.01 seconds. Elapsed time: 0.21 seconds; current allocated memory: 479.484 MB." resolution=""/>
	<Message severity="INFO" prefix="[HLS 200-10]" key="HLS_10_1477" tag="" content="----------------------------------------------------------------" resolution=""/>
	<Message severity="INFO" prefix="[HLS 200-42]" key="HLS_42_1438" tag="" content="-- Implementing module &apos;conv&apos;" resolution=""/>
	<Message severity="INFO" prefix="[HLS 200-10]" key="HLS_10_1478" tag="" content="----------------------------------------------------------------" resolution=""/>
	<Message severity="INFO" prefix="[SCHED 204-11]" key="SCHED_SCHED_STATUS_597" tag="" content="Starting scheduling ..." resolution=""/>
	<Message severity="INFO" prefix="[SCHED 204-11]" key="SCHED_SCHED_STATUS_596" tag="" content="Finished scheduling." resolution=""/>
	<Message severity="INFO" prefix="[HLS 200-111]" key="HLS_111_966" tag="RUNTIME" content="Finished Scheduling: CPU user time: 0.25 seconds. CPU system time: 0.01 seconds. Elapsed time: 0.26 seconds; current allocated memory: 479.484 MB." resolution=""/>
	<Message severity="INFO" prefix="[BIND 205-100]" key="BIND_100_926" tag="" content="Starting micro-architecture generation ..." resolution=""/>
	<Message severity="INFO" prefix="[BIND 205-101]" key="BIND_101_698" tag="" content="Performing variable lifetime analysis." resolution=""/>
	<Message severity="INFO" prefix="[BIND 205-101]" key="BIND_101_697" tag="" content="Exploring resource sharing." resolution=""/>
	<Message severity="INFO" prefix="[BIND 205-101]" key="BIND_101_693" tag="" content="Binding ..." resolution=""/>
	<Message severity="INFO" prefix="[BIND 205-100]" key="BIND_100_925" tag="" content="Finished micro-architecture generation." resolution=""/>
	<Message severity="INFO" prefix="[HLS 200-111]" key="HLS_111_966" tag="RUNTIME" content="Finished Binding: CPU user time: 0.08 seconds. CPU system time: 0 seconds. Elapsed time: 0.07 seconds; current allocated memory: 479.484 MB." resolution=""/>
	<Message severity="INFO" prefix="[HLS 200-10]" key="HLS_10_1477" tag="" content="----------------------------------------------------------------" resolution=""/>
	<Message severity="INFO" prefix="[HLS 200-42]" key="HLS_42_1438" tag="" content="-- Implementing module &apos;pool&apos;" resolution=""/>
	<Message severity="INFO" prefix="[HLS 200-10]" key="HLS_10_1478" tag="" content="----------------------------------------------------------------" resolution=""/>
	<Message severity="INFO" prefix="[SCHED 204-11]" key="SCHED_SCHED_STATUS_597" tag="" content="Starting scheduling ..." resolution=""/>
	<Message severity="INFO" prefix="[SCHED 204-61]" key="SCHED_PIPELINING_STATUS_41" tag="" content="Pipelining loop &apos;pool_maxsearch5_pool_maxsearch3_pool_maxsearch2_pool_maxsearch1&apos;." resolution=""/>
	<Message severity="INFO" prefix="[HLS 200-1470]" key="HLS 200-1470" tag="SCHEDULE,VITIS_THROUGHPUT" content="Pipelining result : Target II = NA, Final II = 1, Depth = 6, loop &apos;pool_maxsearch5_pool_maxsearch3_pool_maxsearch2_pool_maxsearch1&apos;" resolution=""/>
	<Message severity="INFO" prefix="[SCHED 204-11]" key="SCHED_SCHED_STATUS_596" tag="" content="Finished scheduling." resolution=""/>
	<Message severity="INFO" prefix="[HLS 200-111]" key="HLS_111_966" tag="RUNTIME" content="Finished Scheduling: CPU user time: 0.22 seconds. CPU system time: 0 seconds. Elapsed time: 0.23 seconds; current allocated memory: 480.703 MB." resolution=""/>
	<Message severity="INFO" prefix="[BIND 205-100]" key="BIND_100_926" tag="" content="Starting micro-architecture generation ..." resolution=""/>
	<Message severity="INFO" prefix="[BIND 205-101]" key="BIND_101_698" tag="" content="Performing variable lifetime analysis." resolution=""/>
	<Message severity="INFO" prefix="[BIND 205-101]" key="BIND_101_697" tag="" content="Exploring resource sharing." resolution=""/>
	<Message severity="INFO" prefix="[BIND 205-101]" key="BIND_101_693" tag="" content="Binding ..." resolution=""/>
	<Message severity="INFO" prefix="[BIND 205-100]" key="BIND_100_925" tag="" content="Finished micro-architecture generation." resolution=""/>
	<Message severity="INFO" prefix="[HLS 200-111]" key="HLS_111_966" tag="RUNTIME" content="Finished Binding: CPU user time: 0.09 seconds. CPU system time: 0 seconds. Elapsed time: 0.1 seconds; current allocated memory: 480.703 MB." resolution=""/>
	<Message severity="INFO" prefix="[HLS 200-10]" key="HLS_10_1477" tag="" content="----------------------------------------------------------------" resolution=""/>
	<Message severity="INFO" prefix="[HLS 200-42]" key="HLS_42_1438" tag="" content="-- Implementing module &apos;fc_Pipeline_fc_mul_weight_outer&apos;" resolution=""/>
	<Message severity="INFO" prefix="[HLS 200-10]" key="HLS_10_1478" tag="" content="----------------------------------------------------------------" resolution=""/>
	<Message severity="INFO" prefix="[SCHED 204-11]" key="SCHED_SCHED_STATUS_597" tag="" content="Starting scheduling ..." resolution=""/>
	<Message severity="INFO" prefix="[HLS 200-486]" key="HLS 200-486" tag="" content="Changing DSP latency (root=r_V_72) to 3 in order to utilize available DSP registers." resolution=""/>
	<Message severity="INFO" prefix="[HLS 200-486]" key="HLS 200-486" tag="" content="Changing DSP latency (root=r_V_70) to 3 in order to utilize available DSP registers." resolution=""/>
	<Message severity="INFO" prefix="[HLS 200-486]" key="HLS 200-486" tag="" content="Changing DSP latency (root=r_V_68) to 3 in order to utilize available DSP registers." resolution=""/>
	<Message severity="INFO" prefix="[HLS 200-486]" key="HLS 200-486" tag="" content="Changing DSP latency (root=r_V_66) to 3 in order to utilize available DSP registers." resolution=""/>
	<Message severity="INFO" prefix="[HLS 200-486]" key="HLS 200-486" tag="" content="Changing DSP latency (root=r_V_64) to 3 in order to utilize available DSP registers." resolution=""/>
	<Message severity="INFO" prefix="[HLS 200-486]" key="HLS 200-486" tag="" content="Changing DSP latency (root=r_V_62) to 3 in order to utilize available DSP registers." resolution=""/>
	<Message severity="INFO" prefix="[HLS 200-486]" key="HLS 200-486" tag="" content="Changing DSP latency (root=r_V_60) to 3 in order to utilize available DSP registers." resolution=""/>
	<Message severity="INFO" prefix="[HLS 200-486]" key="HLS 200-486" tag="" content="Changing DSP latency (root=r_V_58) to 3 in order to utilize available DSP registers." resolution=""/>
	<Message severity="INFO" prefix="[HLS 200-486]" key="HLS 200-486" tag="" content="Changing DSP latency (root=r_V_56) to 3 in order to utilize available DSP registers." resolution=""/>
	<Message severity="INFO" prefix="[HLS 200-486]" key="HLS 200-486" tag="" content="Changing DSP latency (root=r_V_54) to 3 in order to utilize available DSP registers." resolution=""/>
	<Message severity="INFO" prefix="[SCHED 204-61]" key="SCHED_PIPELINING_STATUS_41" tag="" content="Pipelining loop &apos;fc_mul_weight_outer&apos;." resolution=""/>
	<Message severity="INFO" prefix="[HLS 200-1470]" key="HLS 200-1470" tag="SCHEDULE,VITIS_THROUGHPUT" content="Pipelining result : Target II = 1, Final II = 1, Depth = 6, loop &apos;fc_mul_weight_outer&apos;" resolution=""/>
	<Message severity="INFO" prefix="[SCHED 204-11]" key="SCHED_SCHED_STATUS_596" tag="" content="Finished scheduling." resolution=""/>
	<Message severity="INFO" prefix="[HLS 200-111]" key="HLS_111_966" tag="RUNTIME" content="Finished Scheduling: CPU user time: 0.24 seconds. CPU system time: 0.01 seconds. Elapsed time: 0.27 seconds; current allocated memory: 481.434 MB." resolution=""/>
	<Message severity="INFO" prefix="[BIND 205-100]" key="BIND_100_926" tag="" content="Starting micro-architecture generation ..." resolution=""/>
	<Message severity="INFO" prefix="[BIND 205-101]" key="BIND_101_698" tag="" content="Performing variable lifetime analysis." resolution=""/>
	<Message severity="INFO" prefix="[BIND 205-101]" key="BIND_101_697" tag="" content="Exploring resource sharing." resolution=""/>
	<Message severity="INFO" prefix="[BIND 205-101]" key="BIND_101_693" tag="" content="Binding ..." resolution=""/>
	<Message severity="INFO" prefix="[BIND 205-100]" key="BIND_100_925" tag="" content="Finished micro-architecture generation." resolution=""/>
	<Message severity="INFO" prefix="[HLS 200-111]" key="HLS_111_966" tag="RUNTIME" content="Finished Binding: CPU user time: 0.09 seconds. CPU system time: 0 seconds. Elapsed time: 0.1 seconds; current allocated memory: 481.434 MB." resolution=""/>
	<Message severity="INFO" prefix="[HLS 200-10]" key="HLS_10_1477" tag="" content="----------------------------------------------------------------" resolution=""/>
	<Message severity="INFO" prefix="[HLS 200-42]" key="HLS_42_1438" tag="" content="-- Implementing module &apos;fc_Pipeline_VITIS_LOOP_20_1&apos;" resolution=""/>
	<Message severity="INFO" prefix="[HLS 200-10]" key="HLS_10_1478" tag="" content="----------------------------------------------------------------" resolution=""/>
	<Message severity="INFO" prefix="[SCHED 204-11]" key="SCHED_SCHED_STATUS_597" tag="" content="Starting scheduling ..." resolution=""/>
	<Message severity="INFO" prefix="[SCHED 204-61]" key="SCHED_PIPELINING_STATUS_41" tag="" content="Pipelining loop &apos;VITIS_LOOP_20_1&apos;." resolution=""/>
	<Message severity="INFO" prefix="[HLS 200-1470]" key="HLS 200-1470" tag="SCHEDULE,VITIS_THROUGHPUT" content="Pipelining result : Target II = NA, Final II = 1, Depth = 2, loop &apos;VITIS_LOOP_20_1&apos;" resolution=""/>
	<Message severity="INFO" prefix="[SCHED 204-11]" key="SCHED_SCHED_STATUS_596" tag="" content="Finished scheduling." resolution=""/>
	<Message severity="INFO" prefix="[HLS 200-111]" key="HLS_111_966" tag="RUNTIME" content="Finished Scheduling: CPU user time: 0.11 seconds. CPU system time: 0.01 seconds. Elapsed time: 0.12 seconds; current allocated memory: 481.867 MB." resolution=""/>
	<Message severity="INFO" prefix="[BIND 205-100]" key="BIND_100_926" tag="" content="Starting micro-architecture generation ..." resolution=""/>
	<Message severity="INFO" prefix="[BIND 205-101]" key="BIND_101_698" tag="" content="Performing variable lifetime analysis." resolution=""/>
	<Message severity="INFO" prefix="[BIND 205-101]" key="BIND_101_697" tag="" content="Exploring resource sharing." resolution=""/>
	<Message severity="INFO" prefix="[BIND 205-101]" key="BIND_101_693" tag="" content="Binding ..." resolution=""/>
	<Message severity="INFO" prefix="[BIND 205-100]" key="BIND_100_925" tag="" content="Finished micro-architecture generation." resolution=""/>
	<Message severity="INFO" prefix="[HLS 200-111]" key="HLS_111_966" tag="RUNTIME" content="Finished Binding: CPU user time: 0.02 seconds. CPU system time: 0 seconds. Elapsed time: 0.02 seconds; current allocated memory: 481.867 MB." resolution=""/>
	<Message severity="INFO" prefix="[HLS 200-10]" key="HLS_10_1477" tag="" content="----------------------------------------------------------------" resolution=""/>
	<Message severity="INFO" prefix="[HLS 200-42]" key="HLS_42_1438" tag="" content="-- Implementing module &apos;softmax_Pipeline_VITIS_LOOP_15_1&apos;" resolution=""/>
	<Message severity="INFO" prefix="[HLS 200-10]" key="HLS_10_1478" tag="" content="----------------------------------------------------------------" resolution=""/>
	<Message severity="INFO" prefix="[SCHED 204-11]" key="SCHED_SCHED_STATUS_597" tag="" content="Starting scheduling ..." resolution=""/>
	<Message severity="INFO" prefix="[SCHED 204-61]" key="SCHED_PIPELINING_STATUS_41" tag="" content="Pipelining loop &apos;VITIS_LOOP_15_1&apos;." resolution=""/>
	<Message severity="INFO" prefix="[HLS 200-1470]" key="HLS 200-1470" tag="SCHEDULE,VITIS_THROUGHPUT" content="Pipelining result : Target II = NA, Final II = 1, Depth = 2, loop &apos;VITIS_LOOP_15_1&apos;" resolution=""/>
	<Message severity="INFO" prefix="[SCHED 204-11]" key="SCHED_SCHED_STATUS_596" tag="" content="Finished scheduling." resolution=""/>
	<Message severity="INFO" prefix="[HLS 200-111]" key="HLS_111_966" tag="RUNTIME" content="Finished Scheduling: CPU user time: 0.03 seconds. CPU system time: 0 seconds. Elapsed time: 0.03 seconds; current allocated memory: 482.176 MB." resolution=""/>
	<Message severity="INFO" prefix="[BIND 205-100]" key="BIND_100_926" tag="" content="Starting micro-architecture generation ..." resolution=""/>
	<Message severity="INFO" prefix="[BIND 205-101]" key="BIND_101_698" tag="" content="Performing variable lifetime analysis." resolution=""/>
	<Message severity="INFO" prefix="[BIND 205-101]" key="BIND_101_697" tag="" content="Exploring resource sharing." resolution=""/>
	<Message severity="INFO" prefix="[BIND 205-101]" key="BIND_101_693" tag="" content="Binding ..." resolution=""/>
	<Message severity="INFO" prefix="[BIND 205-100]" key="BIND_100_925" tag="" content="Finished micro-architecture generation." resolution=""/>
	<Message severity="INFO" prefix="[HLS 200-111]" key="HLS_111_966" tag="RUNTIME" content="Finished Binding: CPU user time: 0.02 seconds. CPU system time: 0.01 seconds. Elapsed time: 0.02 seconds; current allocated memory: 482.176 MB." resolution=""/>
	<Message severity="INFO" prefix="[HLS 200-10]" key="HLS_10_1477" tag="" content="----------------------------------------------------------------" resolution=""/>
	<Message severity="INFO" prefix="[HLS 200-42]" key="HLS_42_1438" tag="" content="-- Implementing module &apos;exp_24_10_s&apos;" resolution=""/>
	<Message severity="INFO" prefix="[HLS 200-10]" key="HLS_10_1478" tag="" content="----------------------------------------------------------------" resolution=""/>
	<Message severity="INFO" prefix="[SCHED 204-11]" key="SCHED_SCHED_STATUS_597" tag="" content="Starting scheduling ..." resolution=""/>
	<Message severity="INFO" prefix="[SCHED 204-61]" key="SCHED_PIPELINING_STATUS_46" tag="" content="Pipelining function &apos;exp&lt;24, 10&gt;&apos;." resolution=""/>
	<Message severity="INFO" prefix="[HLS 200-1470]" key="HLS 200-1470" tag="SCHEDULE,VITIS_THROUGHPUT" content="Pipelining result : Target II = NA, Final II = 1, Depth = 15, function &apos;exp&lt;24, 10&gt;&apos;" resolution=""/>
	<Message severity="INFO" prefix="[SCHED 204-11]" key="SCHED_SCHED_STATUS_596" tag="" content="Finished scheduling." resolution=""/>
	<Message severity="INFO" prefix="[HLS 200-111]" key="HLS_111_966" tag="RUNTIME" content="Finished Scheduling: CPU user time: 0.07 seconds. CPU system time: 0 seconds. Elapsed time: 0.06 seconds; current allocated memory: 482.609 MB." resolution=""/>
	<Message severity="INFO" prefix="[BIND 205-100]" key="BIND_100_926" tag="" content="Starting micro-architecture generation ..." resolution=""/>
	<Message severity="INFO" prefix="[BIND 205-101]" key="BIND_101_698" tag="" content="Performing variable lifetime analysis." resolution=""/>
	<Message severity="INFO" prefix="[BIND 205-101]" key="BIND_101_697" tag="" content="Exploring resource sharing." resolution=""/>
	<Message severity="INFO" prefix="[BIND 205-101]" key="BIND_101_693" tag="" content="Binding ..." resolution=""/>
	<Message severity="INFO" prefix="[BIND 205-100]" key="BIND_100_925" tag="" content="Finished micro-architecture generation." resolution=""/>
	<Message severity="INFO" prefix="[HLS 200-111]" key="HLS_111_966" tag="RUNTIME" content="Finished Binding: CPU user time: 0.09 seconds. CPU system time: 0 seconds. Elapsed time: 0.09 seconds; current allocated memory: 482.609 MB." resolution=""/>
	<Message severity="INFO" prefix="[HLS 200-10]" key="HLS_10_1477" tag="" content="----------------------------------------------------------------" resolution=""/>
	<Message severity="INFO" prefix="[HLS 200-42]" key="HLS_42_1438" tag="" content="-- Implementing module &apos;softmax_Pipeline_softmax_sum&apos;" resolution=""/>
	<Message severity="INFO" prefix="[HLS 200-10]" key="HLS_10_1478" tag="" content="----------------------------------------------------------------" resolution=""/>
	<Message severity="INFO" prefix="[SCHED 204-11]" key="SCHED_SCHED_STATUS_597" tag="" content="Starting scheduling ..." resolution=""/>
	<Message severity="INFO" prefix="[SCHED 204-61]" key="SCHED_PIPELINING_STATUS_41" tag="" content="Pipelining loop &apos;softmax_sum&apos;." resolution=""/>
	<Message severity="INFO" prefix="[HLS 200-1470]" key="HLS 200-1470" tag="SCHEDULE,VITIS_THROUGHPUT" content="Pipelining result : Target II = NA, Final II = 1, Depth = 17, loop &apos;softmax_sum&apos;" resolution=""/>
	<Message severity="INFO" prefix="[SCHED 204-11]" key="SCHED_SCHED_STATUS_596" tag="" content="Finished scheduling." resolution=""/>
	<Message severity="INFO" prefix="[HLS 200-111]" key="HLS_111_966" tag="RUNTIME" content="Finished Scheduling: CPU user time: 0.14 seconds. CPU system time: 0 seconds. Elapsed time: 0.14 seconds; current allocated memory: 483.559 MB." resolution=""/>
	<Message severity="INFO" prefix="[BIND 205-100]" key="BIND_100_926" tag="" content="Starting micro-architecture generation ..." resolution=""/>
	<Message severity="INFO" prefix="[BIND 205-101]" key="BIND_101_698" tag="" content="Performing variable lifetime analysis." resolution=""/>
	<Message severity="INFO" prefix="[BIND 205-101]" key="BIND_101_697" tag="" content="Exploring resource sharing." resolution=""/>
	<Message severity="INFO" prefix="[BIND 205-101]" key="BIND_101_693" tag="" content="Binding ..." resolution=""/>
	<Message severity="INFO" prefix="[BIND 205-100]" key="BIND_100_925" tag="" content="Finished micro-architecture generation." resolution=""/>
	<Message severity="INFO" prefix="[HLS 200-111]" key="HLS_111_966" tag="RUNTIME" content="Finished Binding: CPU user time: 0.08 seconds. CPU system time: 0 seconds. Elapsed time: 0.09 seconds; current allocated memory: 483.559 MB." resolution=""/>
	<Message severity="INFO" prefix="[HLS 200-10]" key="HLS_10_1477" tag="" content="----------------------------------------------------------------" resolution=""/>
	<Message severity="INFO" prefix="[HLS 200-42]" key="HLS_42_1438" tag="" content="-- Implementing module &apos;log_24_10_s&apos;" resolution=""/>
	<Message severity="INFO" prefix="[HLS 200-10]" key="HLS_10_1478" tag="" content="----------------------------------------------------------------" resolution=""/>
	<Message severity="INFO" prefix="[SCHED 204-11]" key="SCHED_SCHED_STATUS_597" tag="" content="Starting scheduling ..." resolution=""/>
	<Message severity="INFO" prefix="[HLS 200-486]" key="HLS 200-486" tag="" content="Changing DSP latency (root=r_V_30) to 3 in order to utilize available DSP registers." resolution=""/>
	<Message severity="INFO" prefix="[SCHED 204-61]" key="SCHED_PIPELINING_STATUS_46" tag="" content="Pipelining function &apos;log&lt;24, 10&gt;&apos;." resolution=""/>
	<Message severity="INFO" prefix="[HLS 200-1470]" key="HLS 200-1470" tag="SCHEDULE,VITIS_THROUGHPUT" content="Pipelining result : Target II = NA, Final II = 1, Depth = 12, function &apos;log&lt;24, 10&gt;&apos;" resolution=""/>
	<Message severity="INFO" prefix="[SCHED 204-11]" key="SCHED_SCHED_STATUS_596" tag="" content="Finished scheduling." resolution=""/>
	<Message severity="INFO" prefix="[HLS 200-111]" key="HLS_111_966" tag="RUNTIME" content="Finished Scheduling: CPU user time: 0.21 seconds. CPU system time: 0.01 seconds. Elapsed time: 0.24 seconds; current allocated memory: 487.414 MB." resolution=""/>
	<Message severity="INFO" prefix="[BIND 205-100]" key="BIND_100_926" tag="" content="Starting micro-architecture generation ..." resolution=""/>
	<Message severity="INFO" prefix="[BIND 205-101]" key="BIND_101_698" tag="" content="Performing variable lifetime analysis." resolution=""/>
	<Message severity="INFO" prefix="[BIND 205-101]" key="BIND_101_697" tag="" content="Exploring resource sharing." resolution=""/>
	<Message severity="INFO" prefix="[BIND 205-101]" key="BIND_101_693" tag="" content="Binding ..." resolution=""/>
	<Message severity="INFO" prefix="[BIND 205-100]" key="BIND_100_925" tag="" content="Finished micro-architecture generation." resolution=""/>
	<Message severity="INFO" prefix="[HLS 200-111]" key="HLS_111_966" tag="RUNTIME" content="Finished Binding: CPU user time: 0.15 seconds. CPU system time: 0 seconds. Elapsed time: 0.16 seconds; current allocated memory: 487.414 MB." resolution=""/>
	<Message severity="INFO" prefix="[HLS 200-10]" key="HLS_10_1477" tag="" content="----------------------------------------------------------------" resolution=""/>
	<Message severity="INFO" prefix="[HLS 200-42]" key="HLS_42_1438" tag="" content="-- Implementing module &apos;softmax_Pipeline_softmax_exp&apos;" resolution=""/>
	<Message severity="INFO" prefix="[HLS 200-10]" key="HLS_10_1478" tag="" content="----------------------------------------------------------------" resolution=""/>
	<Message severity="INFO" prefix="[SCHED 204-11]" key="SCHED_SCHED_STATUS_597" tag="" content="Starting scheduling ..." resolution=""/>
	<Message severity="INFO" prefix="[SCHED 204-61]" key="SCHED_PIPELINING_STATUS_41" tag="" content="Pipelining loop &apos;softmax_exp&apos;." resolution=""/>
	<Message severity="INFO" prefix="[HLS 200-1470]" key="HLS 200-1470" tag="SCHEDULE,VITIS_THROUGHPUT" content="Pipelining result : Target II = NA, Final II = 1, Depth = 17, loop &apos;softmax_exp&apos;" resolution=""/>
	<Message severity="INFO" prefix="[SCHED 204-11]" key="SCHED_SCHED_STATUS_596" tag="" content="Finished scheduling." resolution=""/>
	<Message severity="INFO" prefix="[HLS 200-111]" key="HLS_111_966" tag="RUNTIME" content="Finished Scheduling: CPU user time: 0.25 seconds. CPU system time: 0 seconds. Elapsed time: 0.25 seconds; current allocated memory: 487.414 MB." resolution=""/>
	<Message severity="INFO" prefix="[BIND 205-100]" key="BIND_100_926" tag="" content="Starting micro-architecture generation ..." resolution=""/>
	<Message severity="INFO" prefix="[BIND 205-101]" key="BIND_101_698" tag="" content="Performing variable lifetime analysis." resolution=""/>
	<Message severity="INFO" prefix="[BIND 205-101]" key="BIND_101_697" tag="" content="Exploring resource sharing." resolution=""/>
	<Message severity="INFO" prefix="[BIND 205-101]" key="BIND_101_693" tag="" content="Binding ..." resolution=""/>
	<Message severity="INFO" prefix="[BIND 205-100]" key="BIND_100_925" tag="" content="Finished micro-architecture generation." resolution=""/>
	<Message severity="INFO" prefix="[HLS 200-111]" key="HLS_111_966" tag="RUNTIME" content="Finished Binding: CPU user time: 0.08 seconds. CPU system time: 0 seconds. Elapsed time: 0.09 seconds; current allocated memory: 487.414 MB." resolution=""/>
	<Message severity="INFO" prefix="[HLS 200-10]" key="HLS_10_1477" tag="" content="----------------------------------------------------------------" resolution=""/>
	<Message severity="INFO" prefix="[HLS 200-42]" key="HLS_42_1438" tag="" content="-- Implementing module &apos;softmax&apos;" resolution=""/>
	<Message severity="INFO" prefix="[HLS 200-10]" key="HLS_10_1478" tag="" content="----------------------------------------------------------------" resolution=""/>
	<Message severity="INFO" prefix="[SCHED 204-11]" key="SCHED_SCHED_STATUS_597" tag="" content="Starting scheduling ..." resolution=""/>
	<Message severity="INFO" prefix="[SCHED 204-11]" key="SCHED_SCHED_STATUS_596" tag="" content="Finished scheduling." resolution=""/>
	<Message severity="INFO" prefix="[HLS 200-111]" key="HLS_111_966" tag="RUNTIME" content="Finished Scheduling: CPU user time: 0.15 seconds. CPU system time: 0 seconds. Elapsed time: 0.18 seconds; current allocated memory: 487.414 MB." resolution=""/>
	<Message severity="INFO" prefix="[BIND 205-100]" key="BIND_100_926" tag="" content="Starting micro-architecture generation ..." resolution=""/>
	<Message severity="INFO" prefix="[BIND 205-101]" key="BIND_101_698" tag="" content="Performing variable lifetime analysis." resolution=""/>
	<Message severity="INFO" prefix="[BIND 205-101]" key="BIND_101_697" tag="" content="Exploring resource sharing." resolution=""/>
	<Message severity="INFO" prefix="[BIND 205-101]" key="BIND_101_693" tag="" content="Binding ..." resolution=""/>
	<Message severity="INFO" prefix="[BIND 205-100]" key="BIND_100_925" tag="" content="Finished micro-architecture generation." resolution=""/>
	<Message severity="INFO" prefix="[HLS 200-111]" key="HLS_111_966" tag="RUNTIME" content="Finished Binding: CPU user time: 0.22 seconds. CPU system time: 0.01 seconds. Elapsed time: 0.22 seconds; current allocated memory: 487.414 MB." resolution=""/>
	<Message severity="INFO" prefix="[HLS 200-10]" key="HLS_10_1477" tag="" content="----------------------------------------------------------------" resolution=""/>
	<Message severity="INFO" prefix="[HLS 200-42]" key="HLS_42_1438" tag="" content="-- Implementing module &apos;fc_Pipeline_fc_copy_tostream&apos;" resolution=""/>
	<Message severity="INFO" prefix="[HLS 200-10]" key="HLS_10_1478" tag="" content="----------------------------------------------------------------" resolution=""/>
	<Message severity="INFO" prefix="[SCHED 204-11]" key="SCHED_SCHED_STATUS_597" tag="" content="Starting scheduling ..." resolution=""/>
	<Message severity="INFO" prefix="[SCHED 204-61]" key="SCHED_PIPELINING_STATUS_41" tag="" content="Pipelining loop &apos;fc_copy_tostream&apos;." resolution=""/>
	<Message severity="INFO" prefix="[HLS 200-1470]" key="HLS 200-1470" tag="SCHEDULE,VITIS_THROUGHPUT" content="Pipelining result : Target II = NA, Final II = 1, Depth = 2, loop &apos;fc_copy_tostream&apos;" resolution=""/>
	<Message severity="INFO" prefix="[SCHED 204-11]" key="SCHED_SCHED_STATUS_596" tag="" content="Finished scheduling." resolution=""/>
	<Message severity="INFO" prefix="[HLS 200-111]" key="HLS_111_966" tag="RUNTIME" content="Finished Scheduling: CPU user time: 0.42 seconds. CPU system time: 0 seconds. Elapsed time: 0.42 seconds; current allocated memory: 487.414 MB." resolution=""/>
	<Message severity="INFO" prefix="[BIND 205-100]" key="BIND_100_926" tag="" content="Starting micro-architecture generation ..." resolution=""/>
	<Message severity="INFO" prefix="[BIND 205-101]" key="BIND_101_698" tag="" content="Performing variable lifetime analysis." resolution=""/>
	<Message severity="INFO" prefix="[BIND 205-101]" key="BIND_101_697" tag="" content="Exploring resource sharing." resolution=""/>
	<Message severity="INFO" prefix="[BIND 205-101]" key="BIND_101_693" tag="" content="Binding ..." resolution=""/>
	<Message severity="INFO" prefix="[BIND 205-100]" key="BIND_100_925" tag="" content="Finished micro-architecture generation." resolution=""/>
	<Message severity="INFO" prefix="[HLS 200-111]" key="HLS_111_966" tag="RUNTIME" content="Finished Binding: CPU user time: 0.02 seconds. CPU system time: 0 seconds. Elapsed time: 0.02 seconds; current allocated memory: 487.414 MB." resolution=""/>
	<Message severity="INFO" prefix="[HLS 200-10]" key="HLS_10_1477" tag="" content="----------------------------------------------------------------" resolution=""/>
	<Message severity="INFO" prefix="[HLS 200-42]" key="HLS_42_1438" tag="" content="-- Implementing module &apos;fc&apos;" resolution=""/>
	<Message severity="INFO" prefix="[HLS 200-10]" key="HLS_10_1478" tag="" content="----------------------------------------------------------------" resolution=""/>
	<Message severity="INFO" prefix="[SCHED 204-11]" key="SCHED_SCHED_STATUS_597" tag="" content="Starting scheduling ..." resolution=""/>
	<Message severity="INFO" prefix="[SCHED 204-11]" key="SCHED_SCHED_STATUS_596" tag="" content="Finished scheduling." resolution=""/>
	<Message severity="INFO" prefix="[HLS 200-111]" key="HLS_111_966" tag="RUNTIME" content="Finished Scheduling: CPU user time: 0.04 seconds. CPU system time: 0 seconds. Elapsed time: 0.05 seconds; current allocated memory: 487.473 MB." resolution=""/>
	<Message severity="INFO" prefix="[BIND 205-100]" key="BIND_100_926" tag="" content="Starting micro-architecture generation ..." resolution=""/>
	<Message severity="INFO" prefix="[BIND 205-101]" key="BIND_101_698" tag="" content="Performing variable lifetime analysis." resolution=""/>
	<Message severity="INFO" prefix="[BIND 205-101]" key="BIND_101_697" tag="" content="Exploring resource sharing." resolution=""/>
	<Message severity="INFO" prefix="[BIND 205-101]" key="BIND_101_693" tag="" content="Binding ..." resolution=""/>
	<Message severity="INFO" prefix="[BIND 205-100]" key="BIND_100_925" tag="" content="Finished micro-architecture generation." resolution=""/>
	<Message severity="INFO" prefix="[HLS 200-111]" key="HLS_111_966" tag="RUNTIME" content="Finished Binding: CPU user time: 0.19 seconds. CPU system time: 0.01 seconds. Elapsed time: 0.2 seconds; current allocated memory: 487.473 MB." resolution=""/>
	<Message severity="INFO" prefix="[HLS 200-10]" key="HLS_10_1477" tag="" content="----------------------------------------------------------------" resolution=""/>
	<Message severity="INFO" prefix="[HLS 200-42]" key="HLS_42_1438" tag="" content="-- Implementing module &apos;nnet&apos;" resolution=""/>
	<Message severity="INFO" prefix="[HLS 200-10]" key="HLS_10_1478" tag="" content="----------------------------------------------------------------" resolution=""/>
	<Message severity="INFO" prefix="[SCHED 204-11]" key="SCHED_SCHED_STATUS_597" tag="" content="Starting scheduling ..." resolution=""/>
	<Message severity="INFO" prefix="[SCHED 204-11]" key="SCHED_SCHED_STATUS_596" tag="" content="Finished scheduling." resolution=""/>
	<Message severity="INFO" prefix="[HLS 200-111]" key="HLS_111_966" tag="RUNTIME" content="Finished Scheduling: CPU user time: 0.46 seconds. CPU system time: 0 seconds. Elapsed time: 0.45 seconds; current allocated memory: 487.473 MB." resolution=""/>
	<Message severity="INFO" prefix="[BIND 205-100]" key="BIND_100_926" tag="" content="Starting micro-architecture generation ..." resolution=""/>
	<Message severity="INFO" prefix="[BIND 205-101]" key="BIND_101_698" tag="" content="Performing variable lifetime analysis." resolution=""/>
	<Message severity="INFO" prefix="[BIND 205-101]" key="BIND_101_697" tag="" content="Exploring resource sharing." resolution=""/>
	<Message severity="INFO" prefix="[BIND 205-101]" key="BIND_101_693" tag="" content="Binding ..." resolution=""/>
	<Message severity="INFO" prefix="[BIND 205-100]" key="BIND_100_925" tag="" content="Finished micro-architecture generation." resolution=""/>
	<Message severity="INFO" prefix="[HLS 200-111]" key="HLS_111_966" tag="RUNTIME" content="Finished Binding: CPU user time: 0.27 seconds. CPU system time: 0 seconds. Elapsed time: 0.27 seconds; current allocated memory: 487.473 MB." resolution=""/>
	<Message severity="INFO" prefix="[HLS 200-10]" key="HLS_10_1483" tag="" content="----------------------------------------------------------------" resolution=""/>
	<Message severity="INFO" prefix="[HLS 200-10]" key="HLS_10_1484" tag="" content="-- Generating RTL for module &apos;conv_Pipeline_conv_read_input&apos;" resolution=""/>
	<Message severity="INFO" prefix="[HLS 200-10]" key="HLS_10_1485" tag="" content="----------------------------------------------------------------" resolution=""/>
	<Message severity="INFO" prefix="[HLS 200-1030]" key="HLS 200-1030" tag="" content="Apply Unified Pipeline Control on module &apos;conv_Pipeline_conv_read_input&apos; pipeline &apos;conv_read_input&apos; pipeline type &apos;loop pipeline&apos;" resolution=""/>
	<Message severity="INFO" prefix="[RTGEN 206-100]" key="RTGEN_100_856" tag="" content="Finished creating RTL model for &apos;conv_Pipeline_conv_read_input&apos;." resolution=""/>
	<Message severity="INFO" prefix="[HLS 200-111]" key="HLS_111_966" tag="RUNTIME" content="Finished Creating RTL model: CPU user time: 0.73 seconds. CPU system time: 0 seconds. Elapsed time: 0.78 seconds; current allocated memory: 487.742 MB." resolution=""/>
	<Message severity="INFO" prefix="[HLS 200-10]" key="HLS_10_1483" tag="" content="----------------------------------------------------------------" resolution=""/>
	<Message severity="INFO" prefix="[HLS 200-10]" key="HLS_10_1484" tag="" content="-- Generating RTL for module &apos;conv_Pipeline_conv_label5_conv_label4_conv_label3&apos;" resolution=""/>
	<Message severity="INFO" prefix="[HLS 200-10]" key="HLS_10_1485" tag="" content="----------------------------------------------------------------" resolution=""/>
	<Message severity="INFO" prefix="[SYN 201-210]" key="SYN_210_889" tag="" content="Renamed object name &apos;conv_Pipeline_conv_label5_conv_label4_conv_label3_conv_weights_V_0_0_0_ROM_AUTO_1R&apos; to &apos;conv_Pipeline_conv_label5_conv_label4_conv_label3_conv_weights_V_0_0_0_ROM_AUbkb&apos; due to the length limit 80" resolution=""/>
	<Message severity="INFO" prefix="[SYN 201-210]" key="SYN_210_889" tag="" content="Renamed object name &apos;conv_Pipeline_conv_label5_conv_label4_conv_label3_conv_weights_V_0_1_0_ROM_AUTO_1R&apos; to &apos;conv_Pipeline_conv_label5_conv_label4_conv_label3_conv_weights_V_0_1_0_ROM_AUcud&apos; due to the length limit 80" resolution=""/>
	<Message severity="INFO" prefix="[SYN 201-210]" key="SYN_210_889" tag="" content="Renamed object name &apos;conv_Pipeline_conv_label5_conv_label4_conv_label3_conv_weights_V_0_2_0_ROM_AUTO_1R&apos; to &apos;conv_Pipeline_conv_label5_conv_label4_conv_label3_conv_weights_V_0_2_0_ROM_AUdEe&apos; due to the length limit 80" resolution=""/>
	<Message severity="INFO" prefix="[SYN 201-210]" key="SYN_210_889" tag="" content="Renamed object name &apos;conv_Pipeline_conv_label5_conv_label4_conv_label3_conv_weights_V_1_0_0_ROM_AUTO_1R&apos; to &apos;conv_Pipeline_conv_label5_conv_label4_conv_label3_conv_weights_V_1_0_0_ROM_AUeOg&apos; due to the length limit 80" resolution=""/>
	<Message severity="INFO" prefix="[SYN 201-210]" key="SYN_210_889" tag="" content="Renamed object name &apos;conv_Pipeline_conv_label5_conv_label4_conv_label3_conv_weights_V_1_1_0_ROM_AUTO_1R&apos; to &apos;conv_Pipeline_conv_label5_conv_label4_conv_label3_conv_weights_V_1_1_0_ROM_AUfYi&apos; due to the length limit 80" resolution=""/>
	<Message severity="INFO" prefix="[SYN 201-210]" key="SYN_210_889" tag="" content="Renamed object name &apos;conv_Pipeline_conv_label5_conv_label4_conv_label3_conv_weights_V_1_2_0_ROM_AUTO_1R&apos; to &apos;conv_Pipeline_conv_label5_conv_label4_conv_label3_conv_weights_V_1_2_0_ROM_AUg8j&apos; due to the length limit 80" resolution=""/>
	<Message severity="INFO" prefix="[SYN 201-210]" key="SYN_210_889" tag="" content="Renamed object name &apos;conv_Pipeline_conv_label5_conv_label4_conv_label3_conv_weights_V_2_0_0_ROM_AUTO_1R&apos; to &apos;conv_Pipeline_conv_label5_conv_label4_conv_label3_conv_weights_V_2_0_0_ROM_AUhbi&apos; due to the length limit 80" resolution=""/>
	<Message severity="INFO" prefix="[SYN 201-210]" key="SYN_210_889" tag="" content="Renamed object name &apos;conv_Pipeline_conv_label5_conv_label4_conv_label3_conv_weights_V_2_1_0_ROM_AUTO_1R&apos; to &apos;conv_Pipeline_conv_label5_conv_label4_conv_label3_conv_weights_V_2_1_0_ROM_AUibs&apos; due to the length limit 80" resolution=""/>
	<Message severity="INFO" prefix="[SYN 201-210]" key="SYN_210_889" tag="" content="Renamed object name &apos;conv_Pipeline_conv_label5_conv_label4_conv_label3_conv_weights_V_2_2_0_ROM_AUTO_1R&apos; to &apos;conv_Pipeline_conv_label5_conv_label4_conv_label3_conv_weights_V_2_2_0_ROM_AUjbC&apos; due to the length limit 80" resolution=""/>
	<Message severity="INFO" prefix="[HLS 200-1030]" key="HLS 200-1030" tag="" content="Apply Unified Pipeline Control on module &apos;conv_Pipeline_conv_label5_conv_label4_conv_label3&apos; pipeline &apos;conv_label5_conv_label4_conv_label3&apos; pipeline type &apos;loop pipeline&apos;" resolution=""/>
	<Message severity="INFO" prefix="[RTGEN 206-100]" key="RTGEN_100_855" tag="" content="Generating core module &apos;mul_mul_24s_15s_39_4_1&apos;: 6 instance(s)." resolution=""/>
	<Message severity="INFO" prefix="[RTGEN 206-100]" key="RTGEN_100_855" tag="" content="Generating core module &apos;mul_mul_24s_16s_40_4_1&apos;: 3 instance(s)." resolution=""/>
	<Message severity="INFO" prefix="[RTGEN 206-100]" key="RTGEN_100_856" tag="" content="Finished creating RTL model for &apos;conv_Pipeline_conv_label5_conv_label4_conv_label3&apos;." resolution=""/>
	<Message severity="INFO" prefix="[HLS 200-111]" key="HLS_111_966" tag="RUNTIME" content="Finished Creating RTL model: CPU user time: 0.12 seconds. CPU system time: 0 seconds. Elapsed time: 0.12 seconds; current allocated memory: 490.523 MB." resolution=""/>
	<Message severity="INFO" prefix="[HLS 200-10]" key="HLS_10_1483" tag="" content="----------------------------------------------------------------" resolution=""/>
	<Message severity="INFO" prefix="[HLS 200-10]" key="HLS_10_1484" tag="" content="-- Generating RTL for module &apos;conv&apos;" resolution=""/>
	<Message severity="INFO" prefix="[HLS 200-10]" key="HLS_10_1485" tag="" content="----------------------------------------------------------------" resolution=""/>
	<Message severity="INFO" prefix="[RTGEN 206-100]" key="RTGEN_100_856" tag="" content="Finished creating RTL model for &apos;conv&apos;." resolution=""/>
	<Message severity="INFO" prefix="[HLS 200-111]" key="HLS_111_966" tag="RUNTIME" content="Finished Creating RTL model: CPU user time: 0.63 seconds. CPU system time: 0.02 seconds. Elapsed time: 0.67 seconds; current allocated memory: 495.547 MB." resolution=""/>
	<Message severity="INFO" prefix="[HLS 200-10]" key="HLS_10_1483" tag="" content="----------------------------------------------------------------" resolution=""/>
	<Message severity="INFO" prefix="[HLS 200-10]" key="HLS_10_1484" tag="" content="-- Generating RTL for module &apos;pool&apos;" resolution=""/>
	<Message severity="INFO" prefix="[HLS 200-10]" key="HLS_10_1485" tag="" content="----------------------------------------------------------------" resolution=""/>
	<Message severity="INFO" prefix="[HLS 200-1030]" key="HLS 200-1030" tag="" content="Apply Unified Pipeline Control on module &apos;pool&apos; pipeline &apos;pool_maxsearch5_pool_maxsearch3_pool_maxsearch2_pool_maxsearch1&apos; pipeline type &apos;loop pipeline&apos;" resolution=""/>
	<Message severity="INFO" prefix="[RTGEN 206-100]" key="RTGEN_100_856" tag="" content="Finished creating RTL model for &apos;pool&apos;." resolution=""/>
	<Message severity="INFO" prefix="[HLS 200-111]" key="HLS_111_966" tag="RUNTIME" content="Finished Creating RTL model: CPU user time: 0.21 seconds. CPU system time: 0 seconds. Elapsed time: 0.21 seconds; current allocated memory: 496.957 MB." resolution=""/>
	<Message severity="INFO" prefix="[HLS 200-10]" key="HLS_10_1483" tag="" content="----------------------------------------------------------------" resolution=""/>
	<Message severity="INFO" prefix="[HLS 200-10]" key="HLS_10_1484" tag="" content="-- Generating RTL for module &apos;fc_Pipeline_fc_mul_weight_outer&apos;" resolution=""/>
	<Message severity="INFO" prefix="[HLS 200-10]" key="HLS_10_1485" tag="" content="----------------------------------------------------------------" resolution=""/>
	<Message severity="INFO" prefix="[HLS 200-1030]" key="HLS 200-1030" tag="" content="Apply Unified Pipeline Control on module &apos;fc_Pipeline_fc_mul_weight_outer&apos; pipeline &apos;fc_mul_weight_outer&apos; pipeline type &apos;loop pipeline&apos;" resolution=""/>
	<Message severity="INFO" prefix="[RTGEN 206-100]" key="RTGEN_100_855" tag="" content="Generating core module &apos;mul_mul_24s_15s_39_4_1&apos;: 9 instance(s)." resolution=""/>
	<Message severity="INFO" prefix="[RTGEN 206-100]" key="RTGEN_100_855" tag="" content="Generating core module &apos;mul_mul_24s_16s_40_4_1&apos;: 1 instance(s)." resolution=""/>
	<Message severity="INFO" prefix="[RTGEN 206-100]" key="RTGEN_100_856" tag="" content="Finished creating RTL model for &apos;fc_Pipeline_fc_mul_weight_outer&apos;." resolution=""/>
	<Message severity="INFO" prefix="[HLS 200-111]" key="HLS_111_966" tag="RUNTIME" content="Finished Creating RTL model: CPU user time: 0.51 seconds. CPU system time: 0.01 seconds. Elapsed time: 0.53 seconds; current allocated memory: 501.582 MB." resolution=""/>
	<Message severity="INFO" prefix="[HLS 200-10]" key="HLS_10_1483" tag="" content="----------------------------------------------------------------" resolution=""/>
	<Message severity="INFO" prefix="[HLS 200-10]" key="HLS_10_1484" tag="" content="-- Generating RTL for module &apos;fc_Pipeline_VITIS_LOOP_20_1&apos;" resolution=""/>
	<Message severity="INFO" prefix="[HLS 200-10]" key="HLS_10_1485" tag="" content="----------------------------------------------------------------" resolution=""/>
	<Message severity="INFO" prefix="[HLS 200-1030]" key="HLS 200-1030" tag="" content="Apply Unified Pipeline Control on module &apos;fc_Pipeline_VITIS_LOOP_20_1&apos; pipeline &apos;VITIS_LOOP_20_1&apos; pipeline type &apos;loop pipeline&apos;" resolution=""/>
	<Message severity="INFO" prefix="[RTGEN 206-100]" key="RTGEN_100_856" tag="" content="Finished creating RTL model for &apos;fc_Pipeline_VITIS_LOOP_20_1&apos;." resolution=""/>
	<Message severity="INFO" prefix="[HLS 200-111]" key="HLS_111_966" tag="RUNTIME" content="Finished Creating RTL model: CPU user time: 0.24 seconds. CPU system time: 0.02 seconds. Elapsed time: 0.27 seconds; current allocated memory: 504.273 MB." resolution=""/>
	<Message severity="INFO" prefix="[HLS 200-10]" key="HLS_10_1483" tag="" content="----------------------------------------------------------------" resolution=""/>
	<Message severity="INFO" prefix="[HLS 200-10]" key="HLS_10_1484" tag="" content="-- Generating RTL for module &apos;softmax_Pipeline_VITIS_LOOP_15_1&apos;" resolution=""/>
	<Message severity="INFO" prefix="[HLS 200-10]" key="HLS_10_1485" tag="" content="----------------------------------------------------------------" resolution=""/>
	<Message severity="INFO" prefix="[HLS 200-1030]" key="HLS 200-1030" tag="" content="Apply Unified Pipeline Control on module &apos;softmax_Pipeline_VITIS_LOOP_15_1&apos; pipeline &apos;VITIS_LOOP_15_1&apos; pipeline type &apos;loop pipeline&apos;" resolution=""/>
	<Message severity="INFO" prefix="[RTGEN 206-100]" key="RTGEN_100_856" tag="" content="Finished creating RTL model for &apos;softmax_Pipeline_VITIS_LOOP_15_1&apos;." resolution=""/>
	<Message severity="INFO" prefix="[HLS 200-111]" key="HLS_111_966" tag="RUNTIME" content="Finished Creating RTL model: CPU user time: 0.05 seconds. CPU system time: 0 seconds. Elapsed time: 0.05 seconds; current allocated memory: 505.105 MB." resolution=""/>
	<Message severity="INFO" prefix="[HLS 200-10]" key="HLS_10_1483" tag="" content="----------------------------------------------------------------" resolution=""/>
	<Message severity="INFO" prefix="[HLS 200-10]" key="HLS_10_1484" tag="" content="-- Generating RTL for module &apos;exp_24_10_s&apos;" resolution=""/>
	<Message severity="INFO" prefix="[HLS 200-10]" key="HLS_10_1485" tag="" content="----------------------------------------------------------------" resolution=""/>
	<Message severity="INFO" prefix="[HLS 200-1030]" key="HLS 200-1030" tag="" content="Apply Unified Pipeline Control on module &apos;exp_24_10_s&apos; pipeline &apos;exp&lt;24, 10&gt;&apos; pipeline type &apos;function pipeline&apos;" resolution=""/>
	<Message severity="INFO" prefix="[RTGEN 206-100]" key="RTGEN_100_855" tag="" content="Generating core module &apos;mul_50ns_47ns_97_5_1&apos;: 1 instance(s)." resolution=""/>
	<Message severity="INFO" prefix="[RTGEN 206-100]" key="RTGEN_100_855" tag="" content="Generating core module &apos;mul_50ns_50ns_100_5_1&apos;: 1 instance(s)." resolution=""/>
	<Message severity="INFO" prefix="[RTGEN 206-100]" key="RTGEN_100_856" tag="" content="Finished creating RTL model for &apos;exp_24_10_s&apos;." resolution=""/>
	<Message severity="INFO" prefix="[HLS 200-111]" key="HLS_111_966" tag="RUNTIME" content="Finished Creating RTL model: CPU user time: 0.07 seconds. CPU system time: 0.01 seconds. Elapsed time: 0.09 seconds; current allocated memory: 506.840 MB." resolution=""/>
	<Message severity="INFO" prefix="[HLS 200-10]" key="HLS_10_1483" tag="" content="----------------------------------------------------------------" resolution=""/>
	<Message severity="INFO" prefix="[HLS 200-10]" key="HLS_10_1484" tag="" content="-- Generating RTL for module &apos;softmax_Pipeline_softmax_sum&apos;" resolution=""/>
	<Message severity="INFO" prefix="[HLS 200-10]" key="HLS_10_1485" tag="" content="----------------------------------------------------------------" resolution=""/>
	<Message severity="INFO" prefix="[HLS 200-1030]" key="HLS 200-1030" tag="" content="Apply Unified Pipeline Control on module &apos;softmax_Pipeline_softmax_sum&apos; pipeline &apos;softmax_sum&apos; pipeline type &apos;loop pipeline&apos;" resolution=""/>
	<Message severity="INFO" prefix="[RTGEN 206-100]" key="RTGEN_100_856" tag="" content="Finished creating RTL model for &apos;softmax_Pipeline_softmax_sum&apos;." resolution=""/>
	<Message severity="INFO" prefix="[HLS 200-111]" key="HLS_111_966" tag="RUNTIME" content="Finished Creating RTL model: CPU user time: 0.29 seconds. CPU system time: 0 seconds. Elapsed time: 0.29 seconds; current allocated memory: 509.273 MB." resolution=""/>
	<Message severity="INFO" prefix="[HLS 200-10]" key="HLS_10_1483" tag="" content="----------------------------------------------------------------" resolution=""/>
	<Message severity="INFO" prefix="[HLS 200-10]" key="HLS_10_1484" tag="" content="-- Generating RTL for module &apos;log_24_10_s&apos;" resolution=""/>
	<Message severity="INFO" prefix="[HLS 200-10]" key="HLS_10_1485" tag="" content="----------------------------------------------------------------" resolution=""/>
	<Message severity="INFO" prefix="[SYN 201-210]" key="SYN_210_889" tag="" content="Renamed object name &apos;log_24_10_s_log_apfixed_reduce_log0_lut_table_ap_fixed_29_7_ap_q_mode_5_ap_o_mode_3_0_0_5_64_array_V_ROM_AUTO_1R&apos; to &apos;log_24_10_s_log_apfixed_reduce_log0_lut_table_ap_fixed_29_7_ap_q_mode_5_ap_o_kbM&apos; due to the length limit 80" resolution=""/>
	<Message severity="INFO" prefix="[SYN 201-210]" key="SYN_210_889" tag="" content="Renamed object name &apos;log_24_10_s_log_apfixed_reduce_log_lut_table_ap_fixed_29_7_ap_q_mode_5_ap_o_mode_3_0_4_4_16_array_V_ROM_AUTO_1R&apos; to &apos;log_24_10_s_log_apfixed_reduce_log_lut_table_ap_fixed_29_7_ap_q_mode_5_ap_o_mlbW&apos; due to the length limit 80" resolution=""/>
	<Message severity="INFO" prefix="[HLS 200-1030]" key="HLS 200-1030" tag="" content="Apply Unified Pipeline Control on module &apos;log_24_10_s&apos; pipeline &apos;log&lt;24, 10&gt;&apos; pipeline type &apos;function pipeline&apos;" resolution=""/>
	<Message severity="INFO" prefix="[RTGEN 206-100]" key="RTGEN_100_855" tag="" content="Generating core module &apos;mac_mulsub_24ns_4ns_29ns_29_4_1&apos;: 1 instance(s)." resolution=""/>
	<Message severity="INFO" prefix="[RTGEN 206-100]" key="RTGEN_100_855" tag="" content="Generating core module &apos;mul_30s_6ns_30_2_1&apos;: 1 instance(s)." resolution=""/>
	<Message severity="INFO" prefix="[RTGEN 206-100]" key="RTGEN_100_855" tag="" content="Generating core module &apos;mul_5s_23ns_28_1_1&apos;: 1 instance(s)." resolution=""/>
	<Message severity="INFO" prefix="[RTGEN 206-100]" key="RTGEN_100_855" tag="" content="Generating core module &apos;mul_9ns_9ns_18_1_1&apos;: 1 instance(s)." resolution=""/>
	<Message severity="INFO" prefix="[RTGEN 206-100]" key="RTGEN_100_856" tag="" content="Finished creating RTL model for &apos;log_24_10_s&apos;." resolution=""/>
	<Message severity="INFO" prefix="[HLS 200-111]" key="HLS_111_966" tag="RUNTIME" content="Finished Creating RTL model: CPU user time: 0.2 seconds. CPU system time: 0 seconds. Elapsed time: 0.35 seconds; current allocated memory: 512.953 MB." resolution=""/>
	<Message severity="INFO" prefix="[HLS 200-10]" key="HLS_10_1483" tag="" content="----------------------------------------------------------------" resolution=""/>
	<Message severity="INFO" prefix="[HLS 200-10]" key="HLS_10_1484" tag="" content="-- Generating RTL for module &apos;softmax_Pipeline_softmax_exp&apos;" resolution=""/>
	<Message severity="INFO" prefix="[HLS 200-10]" key="HLS_10_1485" tag="" content="----------------------------------------------------------------" resolution=""/>
	<Message severity="INFO" prefix="[HLS 200-1030]" key="HLS 200-1030" tag="" content="Apply Unified Pipeline Control on module &apos;softmax_Pipeline_softmax_exp&apos; pipeline &apos;softmax_exp&apos; pipeline type &apos;loop pipeline&apos;" resolution=""/>
	<Message severity="INFO" prefix="[RTGEN 206-100]" key="RTGEN_100_856" tag="" content="Finished creating RTL model for &apos;softmax_Pipeline_softmax_exp&apos;." resolution=""/>
	<Message severity="INFO" prefix="[HLS 200-111]" key="HLS_111_966" tag="RUNTIME" content="Finished Creating RTL model: CPU user time: 0.67 seconds. CPU system time: 0.01 seconds. Elapsed time: 0.68 seconds; current allocated memory: 518.855 MB." resolution=""/>
	<Message severity="INFO" prefix="[HLS 200-10]" key="HLS_10_1483" tag="" content="----------------------------------------------------------------" resolution=""/>
	<Message severity="INFO" prefix="[HLS 200-10]" key="HLS_10_1484" tag="" content="-- Generating RTL for module &apos;softmax&apos;" resolution=""/>
	<Message severity="INFO" prefix="[HLS 200-10]" key="HLS_10_1485" tag="" content="----------------------------------------------------------------" resolution=""/>
	<Message severity="INFO" prefix="[RTGEN 206-100]" key="RTGEN_100_855" tag="" content="Generating core module &apos;dcmp_64ns_64ns_1_2_no_dsp_1&apos;: 1 instance(s)." resolution=""/>
	<Message severity="INFO" prefix="[RTGEN 206-100]" key="RTGEN_100_856" tag="" content="Finished creating RTL model for &apos;softmax&apos;." resolution=""/>
	<Message severity="INFO" prefix="[HLS 200-111]" key="HLS_111_966" tag="RUNTIME" content="Finished Creating RTL model: CPU user time: 0.17 seconds. CPU system time: 0.01 seconds. Elapsed time: 0.21 seconds; current allocated memory: 520.449 MB." resolution=""/>
	<Message severity="INFO" prefix="[HLS 200-10]" key="HLS_10_1483" tag="" content="----------------------------------------------------------------" resolution=""/>
	<Message severity="INFO" prefix="[HLS 200-10]" key="HLS_10_1484" tag="" content="-- Generating RTL for module &apos;fc_Pipeline_fc_copy_tostream&apos;" resolution=""/>
	<Message severity="INFO" prefix="[HLS 200-10]" key="HLS_10_1485" tag="" content="----------------------------------------------------------------" resolution=""/>
	<Message severity="INFO" prefix="[HLS 200-1030]" key="HLS 200-1030" tag="" content="Apply Unified Pipeline Control on module &apos;fc_Pipeline_fc_copy_tostream&apos; pipeline &apos;fc_copy_tostream&apos; pipeline type &apos;loop pipeline&apos;" resolution=""/>
	<Message severity="INFO" prefix="[RTGEN 206-100]" key="RTGEN_100_856" tag="" content="Finished creating RTL model for &apos;fc_Pipeline_fc_copy_tostream&apos;." resolution=""/>
	<Message severity="INFO" prefix="[HLS 200-111]" key="HLS_111_966" tag="RUNTIME" content="Finished Creating RTL model: CPU user time: 0.62 seconds. CPU system time: 0 seconds. Elapsed time: 0.62 seconds; current allocated memory: 522.234 MB." resolution=""/>
	<Message severity="INFO" prefix="[HLS 200-10]" key="HLS_10_1483" tag="" content="----------------------------------------------------------------" resolution=""/>
	<Message severity="INFO" prefix="[HLS 200-10]" key="HLS_10_1484" tag="" content="-- Generating RTL for module &apos;fc&apos;" resolution=""/>
	<Message severity="INFO" prefix="[HLS 200-10]" key="HLS_10_1485" tag="" content="----------------------------------------------------------------" resolution=""/>
	<Message severity="INFO" prefix="[RTGEN 206-100]" key="RTGEN_100_856" tag="" content="Finished creating RTL model for &apos;fc&apos;." resolution=""/>
	<Message severity="INFO" prefix="[HLS 200-111]" key="HLS_111_966" tag="RUNTIME" content="Finished Creating RTL model: CPU user time: 0.05 seconds. CPU system time: 0 seconds. Elapsed time: 0.05 seconds; current allocated memory: 523.574 MB." resolution=""/>
	<Message severity="INFO" prefix="[HLS 200-10]" key="HLS_10_1483" tag="" content="----------------------------------------------------------------" resolution=""/>
	<Message severity="INFO" prefix="[HLS 200-10]" key="HLS_10_1484" tag="" content="-- Generating RTL for module &apos;nnet&apos;" resolution=""/>
	<Message severity="INFO" prefix="[HLS 200-10]" key="HLS_10_1485" tag="" content="----------------------------------------------------------------" resolution=""/>
	<Message severity="INFO" prefix="[RTGEN 206-500]" key="PREPROC_IO_COMP_CONFLICT_1950" tag="" content="Setting interface mode on port &apos;nnet/in_r&apos; to &apos;ap_fifo&apos;." resolution=""/>
	<Message severity="INFO" prefix="[RTGEN 206-500]" key="PREPROC_IO_COMP_CONFLICT_1950" tag="" content="Setting interface mode on port &apos;nnet/out_r&apos; to &apos;ap_fifo&apos;." resolution=""/>
	<Message severity="INFO" prefix="[RTGEN 206-500]" key="PREPROC_IO_COMP_CONFLICT_1950" tag="" content="Setting interface mode on function &apos;nnet&apos; to &apos;ap_ctrl_hs&apos;." resolution=""/>
	<Message severity="INFO" prefix="[RTGEN 206-100]" key="RTGEN_100_856" tag="" content="Finished creating RTL model for &apos;nnet&apos;." resolution=""/>
	<Message severity="INFO" prefix="[HLS 200-111]" key="HLS_111_966" tag="RUNTIME" content="Finished Creating RTL model: CPU user time: 0.54 seconds. CPU system time: 0.01 seconds. Elapsed time: 0.56 seconds; current allocated memory: 524.867 MB." resolution=""/>
	<Message severity="INFO" prefix="[RTMG 210-279]" key="RTMG_279_1793" tag="" content="Implementing memory &apos;nnet_conv_Pipeline_conv_label5_conv_label4_conv_label3_conv_weights_V_0_0_0_ROM_AUbkb&apos; using auto ROMs." resolution=""/>
	<Message severity="INFO" prefix="[RTMG 210-279]" key="RTMG_279_1793" tag="" content="Implementing memory &apos;nnet_conv_Pipeline_conv_label5_conv_label4_conv_label3_conv_weights_V_0_1_0_ROM_AUcud&apos; using auto ROMs." resolution=""/>
	<Message severity="INFO" prefix="[RTMG 210-279]" key="RTMG_279_1793" tag="" content="Implementing memory &apos;nnet_conv_Pipeline_conv_label5_conv_label4_conv_label3_conv_weights_V_0_2_0_ROM_AUdEe&apos; using auto ROMs." resolution=""/>
	<Message severity="INFO" prefix="[RTMG 210-279]" key="RTMG_279_1793" tag="" content="Implementing memory &apos;nnet_conv_Pipeline_conv_label5_conv_label4_conv_label3_conv_weights_V_1_0_0_ROM_AUeOg&apos; using auto ROMs." resolution=""/>
	<Message severity="INFO" prefix="[RTMG 210-279]" key="RTMG_279_1793" tag="" content="Implementing memory &apos;nnet_conv_Pipeline_conv_label5_conv_label4_conv_label3_conv_weights_V_1_1_0_ROM_AUfYi&apos; using auto ROMs." resolution=""/>
	<Message severity="INFO" prefix="[RTMG 210-279]" key="RTMG_279_1793" tag="" content="Implementing memory &apos;nnet_conv_Pipeline_conv_label5_conv_label4_conv_label3_conv_weights_V_1_2_0_ROM_AUg8j&apos; using auto ROMs." resolution=""/>
	<Message severity="INFO" prefix="[RTMG 210-279]" key="RTMG_279_1793" tag="" content="Implementing memory &apos;nnet_conv_Pipeline_conv_label5_conv_label4_conv_label3_conv_weights_V_2_0_0_ROM_AUhbi&apos; using auto ROMs." resolution=""/>
	<Message severity="INFO" prefix="[RTMG 210-279]" key="RTMG_279_1793" tag="" content="Implementing memory &apos;nnet_conv_Pipeline_conv_label5_conv_label4_conv_label3_conv_weights_V_2_1_0_ROM_AUibs&apos; using auto ROMs." resolution=""/>
	<Message severity="INFO" prefix="[RTMG 210-279]" key="RTMG_279_1793" tag="" content="Implementing memory &apos;nnet_conv_Pipeline_conv_label5_conv_label4_conv_label3_conv_weights_V_2_2_0_ROM_AUjbC&apos; using auto ROMs." resolution=""/>
	<Message severity="INFO" prefix="[RTMG 210-279]" key="RTMG_279_1793" tag="" content="Implementing memory &apos;nnet_conv_Pipeline_conv_label5_conv_label4_conv_label3_conv_bias_V_ROM_AUTO_1R&apos; using auto ROMs." resolution=""/>
	<Message severity="INFO" prefix="[RTMG 210-278]" key="RTMG_278_1790" tag="" content="Implementing memory &apos;nnet_conv_conv_buff_V_RAM_1WNR_AUTO_1R1W_ram (RAM_1WnR)&apos; using auto RAMs." resolution=""/>
	<Message severity="INFO" prefix="[RTMG 210-278]" key="RTMG_278_1790" tag="" content="Implementing memory &apos;nnet_pool_pool_buff_V_RAM_AUTO_1R1W_ram (RAM)&apos; using auto RAMs." resolution=""/>
	<Message severity="INFO" prefix="[RTMG 210-279]" key="RTMG_279_1793" tag="" content="Implementing memory &apos;nnet_fc_Pipeline_fc_mul_weight_outer_fc_weights_V_0_ROM_AUTO_1R&apos; using auto ROMs." resolution=""/>
	<Message severity="INFO" prefix="[RTMG 210-279]" key="RTMG_279_1793" tag="" content="Implementing memory &apos;nnet_fc_Pipeline_fc_mul_weight_outer_fc_weights_V_1_ROM_AUTO_1R&apos; using auto ROMs." resolution=""/>
	<Message severity="INFO" prefix="[RTMG 210-279]" key="RTMG_279_1793" tag="" content="Implementing memory &apos;nnet_fc_Pipeline_fc_mul_weight_outer_fc_weights_V_2_ROM_AUTO_1R&apos; using auto ROMs." resolution=""/>
	<Message severity="INFO" prefix="[RTMG 210-279]" key="RTMG_279_1793" tag="" content="Implementing memory &apos;nnet_fc_Pipeline_fc_mul_weight_outer_fc_weights_V_3_ROM_AUTO_1R&apos; using auto ROMs." resolution=""/>
	<Message severity="INFO" prefix="[RTMG 210-279]" key="RTMG_279_1793" tag="" content="Implementing memory &apos;nnet_fc_Pipeline_fc_mul_weight_outer_fc_weights_V_4_ROM_AUTO_1R&apos; using auto ROMs." resolution=""/>
	<Message severity="INFO" prefix="[RTMG 210-279]" key="RTMG_279_1793" tag="" content="Implementing memory &apos;nnet_fc_Pipeline_fc_mul_weight_outer_fc_weights_V_5_ROM_AUTO_1R&apos; using auto ROMs." resolution=""/>
	<Message severity="INFO" prefix="[RTMG 210-279]" key="RTMG_279_1793" tag="" content="Implementing memory &apos;nnet_fc_Pipeline_fc_mul_weight_outer_fc_weights_V_6_ROM_AUTO_1R&apos; using auto ROMs." resolution=""/>
	<Message severity="INFO" prefix="[RTMG 210-279]" key="RTMG_279_1793" tag="" content="Implementing memory &apos;nnet_fc_Pipeline_fc_mul_weight_outer_fc_weights_V_7_ROM_AUTO_1R&apos; using auto ROMs." resolution=""/>
	<Message severity="INFO" prefix="[RTMG 210-279]" key="RTMG_279_1793" tag="" content="Implementing memory &apos;nnet_fc_Pipeline_fc_mul_weight_outer_fc_weights_V_8_ROM_AUTO_1R&apos; using auto ROMs." resolution=""/>
	<Message severity="INFO" prefix="[RTMG 210-279]" key="RTMG_279_1793" tag="" content="Implementing memory &apos;nnet_fc_Pipeline_fc_mul_weight_outer_fc_weights_V_9_ROM_AUTO_1R&apos; using auto ROMs." resolution=""/>
	<Message severity="INFO" prefix="[RTMG 210-279]" key="RTMG_279_1793" tag="" content="Implementing memory &apos;nnet_fc_Pipeline_VITIS_LOOP_20_1_fc_bias_V_ROM_AUTO_1R&apos; using auto ROMs." resolution=""/>
	<Message severity="INFO" prefix="[RTMG 210-279]" key="RTMG_279_1793" tag="" content="Implementing memory &apos;nnet_exp_24_10_s_f_x_msb_3_table_V_ROM_AUTO_1R&apos; using auto ROMs." resolution=""/>
	<Message severity="INFO" prefix="[RTMG 210-279]" key="RTMG_279_1793" tag="" content="Implementing memory &apos;nnet_exp_24_10_s_f_x_msb_2_table_V_ROM_AUTO_1R&apos; using auto ROMs." resolution=""/>
	<Message severity="INFO" prefix="[RTMG 210-279]" key="RTMG_279_1793" tag="" content="Implementing memory &apos;nnet_exp_24_10_s_exp_x_msb_1_table_V_ROM_AUTO_1R&apos; using auto ROMs." resolution=""/>
	<Message severity="INFO" prefix="[RTMG 210-279]" key="RTMG_279_1793" tag="" content="Implementing memory &apos;nnet_log_24_10_s_log_apfixed_reduce_log_inverse_lut_table_array_V_ROM_AUTO_1R&apos; using auto ROMs." resolution=""/>
	<Message severity="INFO" prefix="[RTMG 210-279]" key="RTMG_279_1793" tag="" content="Implementing memory &apos;nnet_log_24_10_s_log_apfixed_reduce_log0_lut_table_ap_fixed_29_7_ap_q_mode_5_ap_o_kbM&apos; using auto ROMs." resolution=""/>
	<Message severity="INFO" prefix="[RTMG 210-279]" key="RTMG_279_1793" tag="" content="Implementing memory &apos;nnet_log_24_10_s_log_apfixed_reduce_log_lut_table_ap_fixed_29_7_ap_q_mode_5_ap_o_mlbW&apos; using auto ROMs." resolution=""/>
	<Message severity="INFO" prefix="[RTMG 210-278]" key="RTMG_278_1790" tag="" content="Implementing memory &apos;nnet_fc_output_V_RAM_AUTO_1R1W_ram (RAM)&apos; using auto RAMs." resolution=""/>
	<Message severity="INFO" prefix="[RTMG 210-285]" key="RTMG_285_1799" tag="" content="Implementing FIFO &apos;conv_out_U(nnet_fifo_w24_d2_S)&apos; using Shift Registers." resolution=""/>
	<Message severity="INFO" prefix="[RTMG 210-285]" key="RTMG_285_1799" tag="" content="Implementing FIFO &apos;pool_out_U(nnet_fifo_w24_d2_S)&apos; using Shift Registers." resolution=""/>
	<Message severity="INFO" prefix="[RTMG 210-285]" key="RTMG_285_1799" tag="" content="Implementing FIFO &apos;start_for_pool_U0_U(nnet_start_for_pool_U0)&apos; using Shift Registers." resolution=""/>
	<Message severity="INFO" prefix="[RTMG 210-285]" key="RTMG_285_1799" tag="" content="Implementing FIFO &apos;start_for_fc_U0_U(nnet_start_for_fc_U0)&apos; using Shift Registers." resolution=""/>
	<Message severity="INFO" prefix="[HLS 200-111]" key="HLS_111_966" tag="RUNTIME" content="Finished Generating all RTL models: CPU user time: 4.16 seconds. CPU system time: 0.05 seconds. Elapsed time: 4.34 seconds; current allocated memory: 530.336 MB." resolution=""/>
	<Message severity="INFO" prefix="[HLS 200-111]" key="HLS_111_966" tag="RUNTIME" content="Finished Updating report files: CPU user time: 0.81 seconds. CPU system time: 0.02 seconds. Elapsed time: 0.83 seconds; current allocated memory: 541.586 MB." resolution=""/>
	<Message severity="INFO" prefix="[VHDL 208-304]" key="VHDL_304_1066" tag="" content="Generating VHDL RTL for nnet." resolution=""/>
	<Message severity="INFO" prefix="[VLOG 209-307]" key="VLOG_307_1067" tag="" content="Generating Verilog RTL for nnet." resolution=""/>
	<Message severity="INFO" prefix="[HLS 200-790]" key="HLS 200-790" tag="LOOP,VITIS_KERNEL" content="**** Loop Constraint Status: All loop constraints were satisfied." resolution=""/>
	<Message severity="INFO" prefix="[HLS 200-789]" key="HLS 200-789" tag="THROUGHPUT,VITIS_KERNEL" content="**** Estimated Fmax: 138.81 MHz" resolution=""/>
	<Message severity="INFO" prefix="[HLS 200-111]" key="HLS_111_966" tag="RUNTIME" content="Finished Command csynth_design CPU user time: 106.79 seconds. CPU system time: 4.97 seconds. Elapsed time: 113.5 seconds; current allocated memory: -519.609 MB." resolution=""/>
</Messages>
