{"sourceFile": [{
      "name": "",
      "directive": [
        {
          "functionName": "nnet",
          "label": "",
          "functionLabel": "",
          "pragma": {
            "name": "STREAM",
            "option": [{
                "name": "variable",
                "value": "in"
              }]
          }
        },
        {
          "functionName": "nnet",
          "label": "",
          "functionLabel": "",
          "pragma": {
            "name": "STREAM",
            "option": [{
                "name": "variable",
                "value": "out"
              }]
          }
        },
        {
          "functionName": "nnet",
          "label": "",
          "functionLabel": "",
          "pragma": {
            "name": "TOP",
            "option": [{
                "name": "name",
                "value": "nnet"
              }]
          }
        },
        {
          "functionName": "nnet",
          "label": "",
          "functionLabel": "",
          "pragma": {"name": "DATAFLOW"}
        },
        {
          "functionName": "fc",
          "label": "fc_mul_weight_outer",
          "functionLabel": "",
          "pragma": {
            "name": "PIPELINE",
            "option": [{
                "name": "II",
                "value": "1"
              }]
          }
        },
        {
          "functionName": "nnet",
          "label": "",
          "functionLabel": "",
          "pragma": {
            "name": "TOP",
            "option": [{
                "name": "name",
                "value": "nnet"
              }]
          }
        },
        {
          "functionName": "nnet",
          "label": "",
          "functionLabel": "",
          "pragma": {
            "name": "TOP",
            "option": [{
                "name": "name",
                "value": "nnet"
              }]
          }
        },
        {
          "functionName": "nnet",
          "label": "",
          "functionLabel": "",
          "pragma": {
            "name": "TOP",
            "option": [{
                "name": "name",
                "value": "nnet"
              }]
          }
        },
        {
          "functionName": "nnet",
          "label": "",
          "functionLabel": "",
          "pragma": {
            "name": "TOP",
            "option": [{
                "name": "name",
                "value": "nnet"
              }]
          }
        }
      ]
    }]}
