<VitisHLS:BurstInfo>
    <burst group="BURST_VERBOSE_MISSED" fe_name="AccessInCondBranchMissed" src_info="layers.cpp:20:22" msg_id="214-232" msg_severity="INFO" msg_body="Access store is in the conditional branch" resolution="214-232" ID="bb4.store.0" VarName="output" LoopLoc="layers.cpp:20:22" LoopName="VITIS_LOOP_20_1" ParentFunc="fc(hls::stream&lt;ap_fixed&lt;24, 10, (ap_q_mode)0, (ap_o_mode)3, 0&gt;, 0&gt;&amp;, hls::stream&lt;ap_fixed&lt;24, 10, (ap_q_mode)0, (ap_o_mode)3, 0&gt;, 0&gt;&amp;, ap_fixed&lt;24, 10, (ap_q_mode)0, (ap_o_mode)3, 0&gt; (*) [10], ap_fixed&lt;24, 10, (ap_q_mode)0, (ap_o_mode)3, 0&gt;*)"/>
    <burst group="BURST_VERBOSE_MISSED" fe_name="NonByteSizeMemoryAccessMissed" src_info="/tools/Xilinx/Vitis_HLS/2021.2/common/technology/autopilot/hls_log_apfixed.h:756:61" msg_id="214-226" msg_severity="INFO" msg_body="Non byte size access is unsupported" resolution="214-226" ID="_ZN9ap_ufixedILi37ELi1EL9ap_q_mode5EL9ap_o_mode3ELi0EEC2ILi36ELi2ELb0ELS0_5ELS1_3ELi0EEERK13ap_fixed_baseIXT_EXT0_EXT1_EXT2_EXT3_EXT4_EE.exit.load.5" VarName="_ZN18log_apfixed_reduce21log_inverse_lut_table5arrayE" ParentFunc="ap_fixed&lt;24, 10, (ap_q_mode)5, (ap_o_mode)3, 0&gt; log_apfixed_reduce::log&lt;24, 10&gt;(ap_fixed&lt;24, 10, (ap_q_mode)5, (ap_o_mode)3, 0&gt;)"/>
    <burst group="BURST_VERBOSE_MISSED" fe_name="NonByteSizeMemoryAccessMissed" src_info="/tools/Xilinx/Vitis_HLS/2021.2/common/technology/autopilot/hls_log_apfixed.h:759:32" msg_id="214-226" msg_severity="INFO" msg_body="Non byte size access is unsupported" resolution="214-226" ID="_ZN9ap_ufixedILi37ELi1EL9ap_q_mode5EL9ap_o_mode3ELi0EEC2ILi36ELi2ELb0ELS0_5ELS1_3ELi0EEERK13ap_fixed_baseIXT_EXT0_EXT1_EXT2_EXT3_EXT4_EE.exit.load.8" VarName="_ZN18log_apfixed_reduce14log0_lut_tableI8ap_fixedILi29ELi7EL9ap_q_mode5EL9ap_o_mode3ELi0EELi0ELi5ELi64EE5arrayE" ParentFunc="ap_fixed&lt;24, 10, (ap_q_mode)5, (ap_o_mode)3, 0&gt; log_apfixed_reduce::log&lt;24, 10&gt;(ap_fixed&lt;24, 10, (ap_q_mode)5, (ap_o_mode)3, 0&gt;)"/>
    <burst group="BURST_VERBOSE_MISSED" fe_name="NonByteSizeMemoryAccessMissed" src_info="/tools/Xilinx/Vitis_HLS/2021.2/common/technology/autopilot/hls_log_apfixed.h:186:9" msg_id="214-226" msg_severity="INFO" msg_body="Non byte size access is unsupported" resolution="214-226" ID="_ZN9ap_ufixedILi37ELi1EL9ap_q_mode5EL9ap_o_mode3ELi0EEC2ILi36ELi2ELb0ELS0_5ELS1_3ELi0EEERK13ap_fixed_baseIXT_EXT0_EXT1_EXT2_EXT3_EXT4_EE.exit.load.162" VarName="_ZN18log_apfixed_reduce13log_lut_tableI8ap_fixedILi29ELi7EL9ap_q_mode5EL9ap_o_mode3ELi0EELi4ELi4ELi16EE5arrayE" ParentFunc="ap_fixed&lt;24, 10, (ap_q_mode)5, (ap_o_mode)3, 0&gt; log_apfixed_reduce::log&lt;24, 10&gt;(ap_fixed&lt;24, 10, (ap_q_mode)5, (ap_o_mode)3, 0&gt;)"/>
    <burst group="BURST_VERBOSE_MISSED" fe_name="AccessInCondBranchMissed" src_info="layers.cpp:64:12" msg_id="214-232" msg_severity="INFO" msg_body="Access store is in the conditional branch" resolution="214-232" ID="bb6.store.0" VarName="pool_buff" LoopLoc="layers.cpp:64:12" LoopName="pool_maxsearch1" ParentFunc="pool(hls::stream&lt;ap_fixed&lt;24, 10, (ap_q_mode)0, (ap_o_mode)3, 0&gt;, 0&gt;&amp;, hls::stream&lt;ap_fixed&lt;24, 10, (ap_q_mode)0, (ap_o_mode)3, 0&gt;, 0&gt;&amp;)"/>
    <burst group="BURST_VERBOSE_MISSED" fe_name="AccessInCondBranchMissed" src_info="layers.cpp:64:12" msg_id="214-232" msg_severity="INFO" msg_body="Access __Val2__ is in the conditional branch" resolution="214-232" ID="bb7.load.0" VarName="pool_buff" LoopLoc="layers.cpp:64:12" LoopName="pool_maxsearch1" ParentFunc="pool(hls::stream&lt;ap_fixed&lt;24, 10, (ap_q_mode)0, (ap_o_mode)3, 0&gt;, 0&gt;&amp;, hls::stream&lt;ap_fixed&lt;24, 10, (ap_q_mode)0, (ap_o_mode)3, 0&gt;, 0&gt;&amp;)"/>
    <burst group="BURST_VERBOSE_MISSED" fe_name="AccessInCondBranchMissed" src_info="layers.cpp:64:12" msg_id="214-232" msg_severity="INFO" msg_body="Access store is in the conditional branch" resolution="214-232" ID="bb7.store.11" VarName="pool_buff" LoopLoc="layers.cpp:64:12" LoopName="pool_maxsearch1" ParentFunc="pool(hls::stream&lt;ap_fixed&lt;24, 10, (ap_q_mode)0, (ap_o_mode)3, 0&gt;, 0&gt;&amp;, hls::stream&lt;ap_fixed&lt;24, 10, (ap_q_mode)0, (ap_o_mode)3, 0&gt;, 0&gt;&amp;)"/>
    <burst group="BURST_VERBOSE_MISSED" fe_name="AccessInCondBranchMissed" src_info="layers.cpp:64:12" msg_id="214-232" msg_severity="INFO" msg_body="Access load is in the conditional branch" resolution="214-232" ID="bb9.load.2" VarName="pool_buff" LoopLoc="layers.cpp:64:12" LoopName="pool_maxsearch1" ParentFunc="pool(hls::stream&lt;ap_fixed&lt;24, 10, (ap_q_mode)0, (ap_o_mode)3, 0&gt;, 0&gt;&amp;, hls::stream&lt;ap_fixed&lt;24, 10, (ap_q_mode)0, (ap_o_mode)3, 0&gt;, 0&gt;&amp;)"/>
    <burst group="BURST_VERBOSE_MISSED" fe_name="NonByteSizeMemoryAccessMissed" src_info="/tools/Xilinx/Vitis_HLS/2021.2/common/technology/autopilot/hls_exp_apfixed.h:333:45" msg_id="214-226" msg_severity="INFO" msg_body="Non byte size access is unsupported" resolution="214-226" ID="bb7.load.3" VarName="_ZZN10exp_reduce3expILi24ELi10EEE8ap_fixedIXT_EXT0_EL9ap_q_mode5EL9ap_o_mode3ELi0EES4_E17f_x_msb_4_h_table" ParentFunc="ap_fixed&lt;24, 10, (ap_q_mode)5, (ap_o_mode)3, 0&gt; exp_reduce::exp&lt;24, 10&gt;(ap_fixed&lt;24, 10, (ap_q_mode)5, (ap_o_mode)3, 0&gt;) (.45.51.57)"/>
    <burst group="BURST_VERBOSE_MISSED" fe_name="NonByteSizeMemoryAccessMissed" src_info="/tools/Xilinx/Vitis_HLS/2021.2/common/technology/autopilot/hls_exp_apfixed.h:334:45" msg_id="214-226" msg_severity="INFO" msg_body="Non byte size access is unsupported" resolution="214-226" ID="bb7.load.6" VarName="_ZZN10exp_reduce3expILi24ELi10EEE8ap_fixedIXT_EXT0_EL9ap_q_mode5EL9ap_o_mode3ELi0EES4_E17f_x_msb_4_l_table" ParentFunc="ap_fixed&lt;24, 10, (ap_q_mode)5, (ap_o_mode)3, 0&gt; exp_reduce::exp&lt;24, 10&gt;(ap_fixed&lt;24, 10, (ap_q_mode)5, (ap_o_mode)3, 0&gt;) (.45.51.57)"/>
    <burst group="BURST_VERBOSE_MISSED" fe_name="NonByteSizeMemoryAccessMissed" src_info="/tools/Xilinx/Vitis_HLS/2021.2/common/technology/autopilot/hls_exp_apfixed.h:445:42" msg_id="214-226" msg_severity="INFO" msg_body="Non byte size access is unsupported" resolution="214-226" ID="_ZN13ap_fixed_baseILi9ELin2ELb0EL9ap_q_mode5EL9ap_o_mode3ELi0EEC2ILi5ELin6ELb0ELS0_5ELS1_3ELi0EEERKS_IXT_EXT0_EXT1_EXT2_EXT3_EXT4_EE.exit.i.load.3" VarName="_ZZN10exp_reduce3expILi24ELi10EEE8ap_fixedIXT_EXT0_EL9ap_q_mode5EL9ap_o_mode3ELi0EES4_E15f_x_msb_2_table" ParentFunc="ap_fixed&lt;24, 10, (ap_q_mode)5, (ap_o_mode)3, 0&gt; exp_reduce::exp&lt;24, 10&gt;(ap_fixed&lt;24, 10, (ap_q_mode)5, (ap_o_mode)3, 0&gt;) (.45.51.57)"/>
    <burst group="BURST_VERBOSE_MISSED" fe_name="NonByteSizeMemoryAccessMissed" src_info="/tools/Xilinx/Vitis_HLS/2021.2/common/technology/autopilot/hls_exp_apfixed.h:523:44" msg_id="214-226" msg_severity="INFO" msg_body="Non byte size access is unsupported" resolution="214-226" ID="_ZN9ap_ufixedILi48ELi21EL9ap_q_mode5EL9ap_o_mode3ELi0EEC2ILi100ELi21ELb0ELS0_5ELS1_3ELi0EEERK13ap_fixed_baseIXT_EXT0_EXT1_EXT2_EXT3_EXT4_EE.exit.load.3" VarName="_ZZN10exp_reduce3expILi24ELi10EEE8ap_fixedIXT_EXT0_EL9ap_q_mode5EL9ap_o_mode3ELi0EES4_E17exp_x_msb_1_table_0" ParentFunc="ap_fixed&lt;24, 10, (ap_q_mode)5, (ap_o_mode)3, 0&gt; exp_reduce::exp&lt;24, 10&gt;(ap_fixed&lt;24, 10, (ap_q_mode)5, (ap_o_mode)3, 0&gt;) (.45.51.57)"/>
</VitisHLS:BurstInfo>

