<profile>

<section name = "Vitis HLS Report for 'conv'" level="0">
<item name = "Date">Wed May  4 11:56:01 2022
</item>
<item name = "Version">2021.2 (Build 3367213 on Tue Oct 19 02:47:39 MDT 2021)</item>
<item name = "Project">CNN-HLS</item>
<item name = "Solution">solution1 (Vivado IP Flow Target)</item>
<item name = "Product family">zynq</item>
<item name = "Target device">xa7z030-fbg484-1I</item>
</section>

<section name = "Performance Estimates" level="0">
<item name = "Timing">
<section name = "" level="1">
<item name = "Summary"><table name="" hasTotal="0">
<keys size="4">Clock, Target, Estimated, Uncertainty</keys>
<column name="ap_clk">10.00 ns, 7.005 ns, 2.70 ns</column>
</table>
</item>
</section>
</item>
<item name = "Latency">
<section name = "" level="1">
<item name = "Summary"><table name="" hasTotal="0">
<keys size="8">, min, max, min, max, min, max, Type</keys>
<column name="">22438, 22438, 0.224 ms, 0.224 ms, 22438, 22438, no</column>
</table>
</item>
<item name = "Detail">
<section name = "" level="1">
<item name = "Instance"><table name="" hasTotal="0">
<keys size="9">Instance, Module, min, max, min, max, min, max, Type</keys>
<column name="grp_conv_Pipeline_conv_read_input_fu_44">conv_Pipeline_conv_read_input, 786, 786, 7.860 us, 7.860 us, 786, 786, no</column>
<column name="grp_conv_Pipeline_conv_label5_conv_label4_conv_label3_fu_52">conv_Pipeline_conv_label5_conv_label4_conv_label3, 21648, 21648, 0.216 ms, 0.216 ms, 21648, 21648, no</column>
</table>
</item>
<item name = "Loop"><table name="" hasTotal="0">
<keys size="8">Loop Name, min, max, Latency, achieved, target, Count, Pipelined</keys>
</table>
</item>
</section>
</item>
</section>
</item>
</section>
</profile>
