<profile>

<section name = "Vitis HLS Report for 'conv_Pipeline_conv_label5_conv_label4_conv_label3'" level="0">
<item name = "Date">Wed May  4 11:56:06 2022
</item>
<item name = "Version">2021.2 (Build 3367213 on Tue Oct 19 02:47:39 MDT 2021)</item>
<item name = "Project">CNN-HLS</item>
<item name = "Solution">solution1 (Vivado IP Flow Target)</item>
<item name = "Product family">zynq</item>
<item name = "Target device">xa7z030-fbg484-1I</item>
</section>

<section name = "Performance Estimates" level="0">
<item name = "Timing">
<section name = "" level="1">
<item name = "Summary"><table name="" hasTotal="0">
<keys size="4">Clock, Target, Estimated, Uncertainty</keys>
<column name="ap_clk">10.00 ns, 7.005 ns, 2.70 ns</column>
</table>
</item>
</section>
</item>
<item name = "Latency">
<section name = "" level="1">
<item name = "Summary"><table name="" hasTotal="0">
<keys size="8">, min, max, min, max, min, max, Type</keys>
<column name="">21648, 21648, 0.216 ms, 0.216 ms, 21648, 21648, no</column>
</table>
</item>
<item name = "Detail">
<section name = "" level="1">
<item name = "Instance"><table name="" hasTotal="0">
<keys size="9">Instance, Module, min, max, min, max, min, max, Type</keys>
</table>
</item>
<item name = "Loop"><table name="" hasTotal="0">
<keys size="8">Loop Name, min, max, Latency, achieved, target, Count, Pipelined</keys>
<column name="- conv_label5_conv_label4_conv_label3">21646, 21646, 16, 1, 1, 21632, yes</column>
</table>
</item>
</section>
</item>
</section>
</item>
</section>

<section name = "Utilization Estimates" level="0">
<item name = "Summary"><table name="" hasTotal="1">
<keys size="6">Name, BRAM_18K, DSP, FF, LUT, URAM</keys>
<column name="DSP">-, 9, -, -, -</column>
<column name="Expression">-, -, 0, 1453, -</column>
<column name="FIFO">-, -, -, -, -</column>
<column name="Instance">-, -, -, -, -</column>
<column name="Memory">0, -, 152, 79, -</column>
<column name="Multiplexer">-, -, -, 90, -</column>
<column name="Register">-, -, 1652, 320, -</column>
<specialColumn name="Available">530, 400, 157200, 78600, 0</specialColumn>
<specialColumn name="Utilization (%)">0, 2, 1, 2, 0</specialColumn>
</table>
</item>
<item name = "Detail">
<section name = "" level="1">
<item name = "Instance"><table name="" hasTotal="1">
<keys size="7">Instance, Module, BRAM_18K, DSP, FF, LUT, URAM</keys>
</table>
</item>
<item name = "DSP"><table name="" hasTotal="0">
<keys size="3">Instance, Module, Expression</keys>
<column name="mul_mul_24s_15s_39_4_1_U4">mul_mul_24s_15s_39_4_1, i0 * i1</column>
<column name="mul_mul_24s_15s_39_4_1_U5">mul_mul_24s_15s_39_4_1, i0 * i1</column>
<column name="mul_mul_24s_15s_39_4_1_U6">mul_mul_24s_15s_39_4_1, i0 * i1</column>
<column name="mul_mul_24s_15s_39_4_1_U7">mul_mul_24s_15s_39_4_1, i0 * i1</column>
<column name="mul_mul_24s_15s_39_4_1_U8">mul_mul_24s_15s_39_4_1, i0 * i1</column>
<column name="mul_mul_24s_15s_39_4_1_U11">mul_mul_24s_15s_39_4_1, i0 * i1</column>
<column name="mul_mul_24s_16s_40_4_1_U3">mul_mul_24s_16s_40_4_1, i0 * i1</column>
<column name="mul_mul_24s_16s_40_4_1_U9">mul_mul_24s_16s_40_4_1, i0 * i1</column>
<column name="mul_mul_24s_16s_40_4_1_U10">mul_mul_24s_16s_40_4_1, i0 * i1</column>
</table>
</item>
<item name = "Memory"><table name="" hasTotal="1">
<keys size="10">Memory, Module, BRAM_18K, FF, LUT, URAM, Words, Bits, Banks, W*Bits*Banks</keys>
<column name="conv_bias_V_U">conv_Pipeline_conv_label5_conv_label4_conv_label3_conv_bias_V_ROM_AUTO_1R, 0, 14, 7, 0, 32, 14, 1, 448</column>
<column name="conv_weights_V_0_0_0_U">conv_Pipeline_conv_label5_conv_label4_conv_label3_conv_weights_V_0_0_0_ROM_AUbkb, 0, 16, 8, 0, 32, 16, 1, 512</column>
<column name="conv_weights_V_0_1_0_U">conv_Pipeline_conv_label5_conv_label4_conv_label3_conv_weights_V_0_1_0_ROM_AUcud, 0, 15, 8, 0, 32, 15, 1, 480</column>
<column name="conv_weights_V_0_2_0_U">conv_Pipeline_conv_label5_conv_label4_conv_label3_conv_weights_V_0_2_0_ROM_AUdEe, 0, 15, 8, 0, 32, 15, 1, 480</column>
<column name="conv_weights_V_1_0_0_U">conv_Pipeline_conv_label5_conv_label4_conv_label3_conv_weights_V_1_0_0_ROM_AUeOg, 0, 15, 8, 0, 32, 15, 1, 480</column>
<column name="conv_weights_V_1_1_0_U">conv_Pipeline_conv_label5_conv_label4_conv_label3_conv_weights_V_1_1_0_ROM_AUfYi, 0, 15, 8, 0, 32, 15, 1, 480</column>
<column name="conv_weights_V_1_2_0_U">conv_Pipeline_conv_label5_conv_label4_conv_label3_conv_weights_V_1_2_0_ROM_AUg8j, 0, 15, 8, 0, 32, 15, 1, 480</column>
<column name="conv_weights_V_2_0_0_U">conv_Pipeline_conv_label5_conv_label4_conv_label3_conv_weights_V_2_0_0_ROM_AUhbi, 0, 16, 8, 0, 32, 16, 1, 512</column>
<column name="conv_weights_V_2_1_0_U">conv_Pipeline_conv_label5_conv_label4_conv_label3_conv_weights_V_2_1_0_ROM_AUibs, 0, 15, 8, 0, 32, 15, 1, 480</column>
<column name="conv_weights_V_2_2_0_U">conv_Pipeline_conv_label5_conv_label4_conv_label3_conv_weights_V_2_2_0_ROM_AUjbC, 0, 16, 8, 0, 32, 16, 1, 512</column>
</table>
</item>
<item name = "FIFO"><table name="" hasTotal="1">
<keys size="8">Name, BRAM_18K, FF, LUT, URAM, Depth, Bits, Size:D*B</keys>
</table>
</item>
<item name = "Expression"><table name="" hasTotal="1">
<keys size="7">Variable Name, Operation, DSP, FF, LUT, Bitwidth P0, Bitwidth P1</keys>
<column name="a_V_fu_1422_p2">+, 0, 0, 31, 24, 24</column>
<column name="add_ln1245_1_fu_1133_p2">+, 0, 0, 45, 38, 38</column>
<column name="add_ln1245_2_fu_1177_p2">+, 0, 0, 45, 38, 38</column>
<column name="add_ln1245_3_fu_1221_p2">+, 0, 0, 45, 38, 38</column>
<column name="add_ln1245_4_fu_1291_p2">+, 0, 0, 45, 38, 38</column>
<column name="add_ln1245_5_fu_1322_p2">+, 0, 0, 45, 38, 38</column>
<column name="add_ln1245_6_fu_1363_p2">+, 0, 0, 45, 38, 38</column>
<column name="add_ln1245_7_fu_1394_p2">+, 0, 0, 45, 38, 38</column>
<column name="add_ln1245_fu_1080_p2">+, 0, 0, 45, 38, 38</column>
<column name="add_ln145_fu_420_p2">+, 0, 0, 20, 15, 1</column>
<column name="add_ln147_1_fu_435_p2">+, 0, 0, 12, 11, 1</column>
<column name="add_ln147_fu_664_p2">+, 0, 0, 13, 5, 1</column>
<column name="add_ln149_fu_713_p2">+, 0, 0, 14, 6, 1</column>
<column name="add_ln162_10_fu_862_p2">+, 0, 0, 13, 10, 1</column>
<column name="add_ln162_11_fu_879_p2">+, 0, 0, 13, 10, 2</column>
<column name="add_ln162_12_fu_693_p2">+, 0, 0, 13, 10, 10</column>
<column name="add_ln162_13_fu_907_p2">+, 0, 0, 13, 10, 1</column>
<column name="add_ln162_14_fu_924_p2">+, 0, 0, 13, 10, 2</column>
<column name="add_ln162_15_fu_699_p2">+, 0, 0, 13, 10, 10</column>
<column name="add_ln162_16_fu_952_p2">+, 0, 0, 13, 10, 1</column>
<column name="add_ln162_17_fu_969_p2">+, 0, 0, 13, 10, 2</column>
<column name="add_ln162_1_fu_734_p2">+, 0, 0, 13, 10, 1</column>
<column name="add_ln162_2_fu_739_p2">+, 0, 0, 13, 10, 2</column>
<column name="add_ln162_3_fu_565_p2">+, 0, 0, 13, 10, 10</column>
<column name="add_ln162_4_fu_744_p2">+, 0, 0, 13, 10, 1</column>
<column name="add_ln162_5_fu_749_p2">+, 0, 0, 13, 10, 2</column>
<column name="add_ln162_6_fu_571_p2">+, 0, 0, 13, 10, 10</column>
<column name="add_ln162_7_fu_754_p2">+, 0, 0, 13, 10, 1</column>
<column name="add_ln162_8_fu_759_p2">+, 0, 0, 13, 10, 2</column>
<column name="add_ln162_9_fu_687_p2">+, 0, 0, 13, 10, 10</column>
<column name="add_ln162_fu_559_p2">+, 0, 0, 13, 10, 10</column>
<column name="add_ln3_fu_1431_p2">+, 0, 0, 30, 23, 23</column>
<column name="add_ln415_10_fu_1098_p2">+, 0, 0, 31, 24, 24</column>
<column name="add_ln415_11_fu_1151_p2">+, 0, 0, 31, 24, 24</column>
<column name="add_ln415_12_fu_1195_p2">+, 0, 0, 31, 24, 24</column>
<column name="add_ln415_13_fu_1239_p2">+, 0, 0, 31, 24, 24</column>
<column name="add_ln415_14_fu_1309_p2">+, 0, 0, 31, 24, 24</column>
<column name="add_ln415_15_fu_1340_p2">+, 0, 0, 31, 24, 24</column>
<column name="add_ln415_16_fu_1381_p2">+, 0, 0, 31, 24, 24</column>
<column name="add_ln415_fu_1044_p2">+, 0, 0, 31, 24, 24</column>
<column name="add_ln712_fu_1279_p2">+, 0, 0, 17, 14, 14</column>
<column name="tmp_1_fu_491_p2">+, 0, 0, 13, 5, 1</column>
<column name="tmp_2_fu_523_p2">+, 0, 0, 13, 5, 2</column>
<column name="tmp_2_mid1_fu_601_p2">+, 0, 0, 13, 5, 2</column>
<column name="tmp5_0_fu_485_p2">-, 0, 0, 13, 10, 10</column>
<column name="tmp5_1_fu_517_p2">-, 0, 0, 13, 10, 10</column>
<column name="tmp5_2_fu_549_p2">-, 0, 0, 13, 10, 10</column>
<column name="tmp5_2_mid1_fu_627_p2">-, 0, 0, 13, 10, 10</column>
<column name="and_ln145_fu_651_p2">and, 0, 0, 2, 1, 1</column>
<column name="ap_block_pp0_stage0_01001">and, 0, 0, 2, 1, 1</column>
<column name="icmp_ln145_fu_414_p2">icmp, 0, 0, 12, 15, 15</column>
<column name="icmp_ln147_fu_429_p2">icmp, 0, 0, 11, 11, 10</column>
<column name="icmp_ln149_fu_645_p2">icmp, 0, 0, 10, 6, 7</column>
<column name="icmp_ln1547_fu_1437_p2">icmp, 0, 0, 15, 24, 1</column>
<column name="or_ln147_fu_670_p2">or, 0, 0, 2, 1, 1</column>
<column name="or_ln162_1_fu_781_p2">or, 0, 0, 10, 10, 2</column>
<column name="or_ln162_2_fu_798_p2">or, 0, 0, 10, 10, 1</column>
<column name="or_ln162_3_fu_810_p2">or, 0, 0, 10, 10, 2</column>
<column name="or_ln162_4_fu_827_p2">or, 0, 0, 10, 10, 1</column>
<column name="or_ln162_5_fu_839_p2">or, 0, 0, 10, 10, 2</column>
<column name="or_ln162_fu_769_p2">or, 0, 0, 10, 10, 1</column>
<column name="select_ln145_10_fu_822_p3">select, 0, 0, 10, 1, 10</column>
<column name="select_ln145_11_fu_832_p3">select, 0, 0, 10, 1, 10</column>
<column name="select_ln145_12_fu_844_p3">select, 0, 0, 10, 1, 10</column>
<column name="select_ln145_13_fu_657_p3">select, 0, 0, 5, 1, 5</column>
<column name="select_ln145_1_fu_587_p3">select, 0, 0, 10, 1, 10</column>
<column name="select_ln145_2_fu_594_p3">select, 0, 0, 10, 1, 10</column>
<column name="select_ln145_3_fu_633_p3">select, 0, 0, 10, 1, 10</column>
<column name="select_ln145_4_fu_764_p3">select, 0, 0, 10, 1, 10</column>
<column name="select_ln145_5_fu_774_p3">select, 0, 0, 10, 1, 10</column>
<column name="select_ln145_6_fu_786_p3">select, 0, 0, 10, 1, 10</column>
<column name="select_ln145_7_fu_793_p3">select, 0, 0, 10, 1, 10</column>
<column name="select_ln145_8_fu_803_p3">select, 0, 0, 10, 1, 10</column>
<column name="select_ln145_9_fu_815_p3">select, 0, 0, 10, 1, 10</column>
<column name="select_ln145_fu_580_p3">select, 0, 0, 5, 1, 1</column>
<column name="select_ln147_10_fu_705_p3">select, 0, 0, 5, 1, 5</column>
<column name="select_ln147_11_fu_441_p3">select, 0, 0, 11, 1, 1</column>
<column name="select_ln147_1_fu_851_p3">select, 0, 0, 10, 1, 10</column>
<column name="select_ln147_2_fu_867_p3">select, 0, 0, 10, 1, 10</column>
<column name="select_ln147_3_fu_884_p3">select, 0, 0, 10, 1, 10</column>
<column name="select_ln147_4_fu_896_p3">select, 0, 0, 10, 1, 10</column>
<column name="select_ln147_5_fu_912_p3">select, 0, 0, 10, 1, 10</column>
<column name="select_ln147_6_fu_929_p3">select, 0, 0, 10, 1, 10</column>
<column name="select_ln147_7_fu_941_p3">select, 0, 0, 10, 1, 10</column>
<column name="select_ln147_8_fu_957_p3">select, 0, 0, 10, 1, 10</column>
<column name="select_ln147_9_fu_974_p3">select, 0, 0, 10, 1, 10</column>
<column name="select_ln147_fu_675_p3">select, 0, 0, 6, 1, 1</column>
<column name="select_ln4_fu_1442_p3">select, 0, 0, 23, 1, 23</column>
<column name="ap_enable_pp0">xor, 0, 0, 2, 1, 2</column>
<column name="xor_ln145_fu_640_p2">xor, 0, 0, 2, 1, 2</column>
</table>
</item>
<item name = "Multiplexer"><table name="" hasTotal="1">
<keys size="5">Name, LUT, Input Size, Bits, Total Bits</keys>
<column name="ap_done_int">9, 2, 1, 2</column>
<column name="ap_enable_reg_pp0_iter3">9, 2, 1, 2</column>
<column name="ap_sig_allocacmp_indvar_flatten112_load">9, 2, 15, 30</column>
<column name="ap_sig_allocacmp_indvar_flatten_load">9, 2, 11, 22</column>
<column name="conv_out2_blk_n">9, 2, 1, 2</column>
<column name="filter_fu_120">9, 2, 6, 12</column>
<column name="i_fu_132">9, 2, 5, 10</column>
<column name="indvar_flatten112_fu_136">9, 2, 15, 30</column>
<column name="indvar_flatten_fu_128">9, 2, 11, 22</column>
<column name="j_fu_124">9, 2, 5, 10</column>
</table>
</item>
<item name = "Register"><table name="" hasTotal="1">
<keys size="5">Name, FF, LUT, Bits, Const Bits</keys>
<column name="a_V_reg_2029">24, 0, 24, 0</column>
<column name="add_ln162_12_reg_1652">10, 0, 10, 0</column>
<column name="add_ln162_15_reg_1659">10, 0, 10, 0</column>
<column name="add_ln162_3_reg_1606">10, 0, 10, 0</column>
<column name="add_ln162_6_reg_1613">10, 0, 10, 0</column>
<column name="add_ln162_9_reg_1645">10, 0, 10, 0</column>
<column name="add_ln162_reg_1599">10, 0, 10, 0</column>
<column name="add_ln3_reg_2034">23, 0, 23, 0</column>
<column name="add_ln415_10_reg_1888">24, 0, 24, 0</column>
<column name="add_ln415_11_reg_1928">24, 0, 24, 0</column>
<column name="add_ln415_12_reg_1948">24, 0, 24, 0</column>
<column name="add_ln415_13_reg_1968">24, 0, 24, 0</column>
<column name="add_ln415_14_reg_2004">24, 0, 24, 0</column>
<column name="add_ln415_15_reg_2009">24, 0, 24, 0</column>
<column name="add_ln415_16_reg_2024">24, 0, 24, 0</column>
<column name="add_ln415_reg_1828">24, 0, 24, 0</column>
<column name="add_ln712_reg_1998">14, 0, 14, 0</column>
<column name="and_ln145_reg_1627">1, 0, 1, 0</column>
<column name="ap_CS_fsm">1, 0, 1, 0</column>
<column name="ap_done_reg">1, 0, 1, 0</column>
<column name="ap_enable_reg_pp0_iter1">1, 0, 1, 0</column>
<column name="ap_enable_reg_pp0_iter10">1, 0, 1, 0</column>
<column name="ap_enable_reg_pp0_iter11">1, 0, 1, 0</column>
<column name="ap_enable_reg_pp0_iter12">1, 0, 1, 0</column>
<column name="ap_enable_reg_pp0_iter13">1, 0, 1, 0</column>
<column name="ap_enable_reg_pp0_iter14">1, 0, 1, 0</column>
<column name="ap_enable_reg_pp0_iter15">1, 0, 1, 0</column>
<column name="ap_enable_reg_pp0_iter2">1, 0, 1, 0</column>
<column name="ap_enable_reg_pp0_iter3">1, 0, 1, 0</column>
<column name="ap_enable_reg_pp0_iter4">1, 0, 1, 0</column>
<column name="ap_enable_reg_pp0_iter5">1, 0, 1, 0</column>
<column name="ap_enable_reg_pp0_iter6">1, 0, 1, 0</column>
<column name="ap_enable_reg_pp0_iter7">1, 0, 1, 0</column>
<column name="ap_enable_reg_pp0_iter8">1, 0, 1, 0</column>
<column name="ap_enable_reg_pp0_iter9">1, 0, 1, 0</column>
<column name="ap_loop_exit_ready_pp0_iter10_reg">1, 0, 1, 0</column>
<column name="ap_loop_exit_ready_pp0_iter11_reg">1, 0, 1, 0</column>
<column name="ap_loop_exit_ready_pp0_iter12_reg">1, 0, 1, 0</column>
<column name="ap_loop_exit_ready_pp0_iter13_reg">1, 0, 1, 0</column>
<column name="ap_loop_exit_ready_pp0_iter14_reg">1, 0, 1, 0</column>
<column name="ap_loop_exit_ready_pp0_iter1_reg">1, 0, 1, 0</column>
<column name="ap_loop_exit_ready_pp0_iter2_reg">1, 0, 1, 0</column>
<column name="ap_loop_exit_ready_pp0_iter3_reg">1, 0, 1, 0</column>
<column name="ap_loop_exit_ready_pp0_iter4_reg">1, 0, 1, 0</column>
<column name="ap_loop_exit_ready_pp0_iter5_reg">1, 0, 1, 0</column>
<column name="ap_loop_exit_ready_pp0_iter6_reg">1, 0, 1, 0</column>
<column name="ap_loop_exit_ready_pp0_iter7_reg">1, 0, 1, 0</column>
<column name="ap_loop_exit_ready_pp0_iter8_reg">1, 0, 1, 0</column>
<column name="ap_loop_exit_ready_pp0_iter9_reg">1, 0, 1, 0</column>
<column name="conv_bias_V_load_reg_1923">14, 0, 14, 0</column>
<column name="conv_buff_V_load_2_reg_1743">24, 0, 24, 0</column>
<column name="conv_buff_V_load_3_reg_1748">24, 0, 24, 0</column>
<column name="conv_buff_V_load_3_reg_1748_pp0_iter4_reg">24, 0, 24, 0</column>
<column name="conv_buff_V_load_4_reg_1753">24, 0, 24, 0</column>
<column name="conv_buff_V_load_5_reg_1758">24, 0, 24, 0</column>
<column name="conv_buff_V_load_6_reg_1763">24, 0, 24, 0</column>
<column name="conv_buff_V_load_7_reg_1768">24, 0, 24, 0</column>
<column name="conv_buff_V_load_8_reg_1773">24, 0, 24, 0</column>
<column name="conv_weights_V_2_1_0_load_reg_1913">15, 0, 15, 0</column>
<column name="conv_weights_V_2_1_0_load_reg_1913_pp0_iter8_reg">15, 0, 15, 0</column>
<column name="filter_cast_reg_1711">6, 0, 64, 58</column>
<column name="filter_fu_120">6, 0, 6, 0</column>
<column name="i_fu_132">5, 0, 5, 0</column>
<column name="icmp_ln145_reg_1561">1, 0, 1, 0</column>
<column name="icmp_ln147_reg_1565">1, 0, 1, 0</column>
<column name="icmp_ln147_reg_1565_pp0_iter1_reg">1, 0, 1, 0</column>
<column name="indvar_flatten112_fu_136">15, 0, 15, 0</column>
<column name="indvar_flatten_fu_128">11, 0, 11, 0</column>
<column name="j_fu_124">5, 0, 5, 0</column>
<column name="select_ln147_reg_1640">6, 0, 6, 0</column>
<column name="tmp5_1_reg_1585">8, 0, 10, 2</column>
<column name="tmp5_2_mid1_reg_1620">8, 0, 10, 2</column>
<column name="tmp5_2_reg_1592">8, 0, 10, 2</column>
<column name="tmp_109_reg_1838">1, 0, 1, 0</column>
<column name="tmp_110_reg_1898">1, 0, 1, 0</column>
<column name="tmp_111_reg_1938">1, 0, 1, 0</column>
<column name="tmp_112_reg_1958">1, 0, 1, 0</column>
<column name="tmp_113_reg_1978">1, 0, 1, 0</column>
<column name="tmp_114_reg_1988">1, 0, 1, 0</column>
<column name="tmp_114_reg_1988_pp0_iter11_reg">1, 0, 1, 0</column>
<column name="tmp_115_reg_2019">1, 0, 1, 0</column>
<column name="trunc_ln1245_10_reg_1893">38, 0, 38, 0</column>
<column name="trunc_ln1245_11_reg_1933">38, 0, 38, 0</column>
<column name="trunc_ln1245_12_reg_1953">38, 0, 38, 0</column>
<column name="trunc_ln1245_13_reg_1973">38, 0, 38, 0</column>
<column name="trunc_ln1245_14_reg_1983">38, 0, 38, 0</column>
<column name="trunc_ln1245_14_reg_1983_pp0_iter11_reg">38, 0, 38, 0</column>
<column name="trunc_ln1245_15_reg_2014">38, 0, 38, 0</column>
<column name="trunc_ln1245_16_reg_1993">38, 0, 38, 0</column>
<column name="trunc_ln1245_reg_1833">38, 0, 38, 0</column>
<column name="add_ln712_reg_1998">64, 32, 14, 0</column>
<column name="conv_bias_V_load_reg_1923">64, 32, 14, 0</column>
<column name="conv_buff_V_load_4_reg_1753">64, 32, 24, 0</column>
<column name="conv_buff_V_load_5_reg_1758">64, 32, 24, 0</column>
<column name="conv_buff_V_load_6_reg_1763">64, 32, 24, 0</column>
<column name="conv_buff_V_load_7_reg_1768">64, 32, 24, 0</column>
<column name="conv_buff_V_load_8_reg_1773">64, 32, 24, 0</column>
<column name="filter_cast_reg_1711">64, 32, 64, 58</column>
<column name="icmp_ln145_reg_1561">64, 32, 1, 0</column>
<column name="trunc_ln1245_16_reg_1993">64, 32, 38, 0</column>
</table>
</item>
</section>
</item>
</section>

<section name = "Interface" level="0">
<item name = "Summary"><table name="" hasTotal="0">
<keys size="6">RTL Ports, Dir, Bits, Protocol, Source Object, C Type</keys>
<column name="ap_clk">in, 1, ap_ctrl_hs, conv_Pipeline_conv_label5_conv_label4_conv_label3, return value</column>
<column name="ap_rst">in, 1, ap_ctrl_hs, conv_Pipeline_conv_label5_conv_label4_conv_label3, return value</column>
<column name="ap_start">in, 1, ap_ctrl_hs, conv_Pipeline_conv_label5_conv_label4_conv_label3, return value</column>
<column name="ap_done">out, 1, ap_ctrl_hs, conv_Pipeline_conv_label5_conv_label4_conv_label3, return value</column>
<column name="ap_idle">out, 1, ap_ctrl_hs, conv_Pipeline_conv_label5_conv_label4_conv_label3, return value</column>
<column name="ap_ready">out, 1, ap_ctrl_hs, conv_Pipeline_conv_label5_conv_label4_conv_label3, return value</column>
<column name="conv_out2_din">out, 24, ap_fifo, conv_out2, pointer</column>
<column name="conv_out2_full_n">in, 1, ap_fifo, conv_out2, pointer</column>
<column name="conv_out2_write">out, 1, ap_fifo, conv_out2, pointer</column>
<column name="conv_buff_V_address0">out, 10, ap_memory, conv_buff_V, array</column>
<column name="conv_buff_V_ce0">out, 1, ap_memory, conv_buff_V, array</column>
<column name="conv_buff_V_q0">in, 24, ap_memory, conv_buff_V, array</column>
<column name="conv_buff_V_address1">out, 10, ap_memory, conv_buff_V, array</column>
<column name="conv_buff_V_ce1">out, 1, ap_memory, conv_buff_V, array</column>
<column name="conv_buff_V_q1">in, 24, ap_memory, conv_buff_V, array</column>
<column name="conv_buff_V_address2">out, 10, ap_memory, conv_buff_V, array</column>
<column name="conv_buff_V_ce2">out, 1, ap_memory, conv_buff_V, array</column>
<column name="conv_buff_V_q2">in, 24, ap_memory, conv_buff_V, array</column>
<column name="conv_buff_V_address3">out, 10, ap_memory, conv_buff_V, array</column>
<column name="conv_buff_V_ce3">out, 1, ap_memory, conv_buff_V, array</column>
<column name="conv_buff_V_q3">in, 24, ap_memory, conv_buff_V, array</column>
<column name="conv_buff_V_address4">out, 10, ap_memory, conv_buff_V, array</column>
<column name="conv_buff_V_ce4">out, 1, ap_memory, conv_buff_V, array</column>
<column name="conv_buff_V_q4">in, 24, ap_memory, conv_buff_V, array</column>
<column name="conv_buff_V_address5">out, 10, ap_memory, conv_buff_V, array</column>
<column name="conv_buff_V_ce5">out, 1, ap_memory, conv_buff_V, array</column>
<column name="conv_buff_V_q5">in, 24, ap_memory, conv_buff_V, array</column>
<column name="conv_buff_V_address6">out, 10, ap_memory, conv_buff_V, array</column>
<column name="conv_buff_V_ce6">out, 1, ap_memory, conv_buff_V, array</column>
<column name="conv_buff_V_q6">in, 24, ap_memory, conv_buff_V, array</column>
<column name="conv_buff_V_address7">out, 10, ap_memory, conv_buff_V, array</column>
<column name="conv_buff_V_ce7">out, 1, ap_memory, conv_buff_V, array</column>
<column name="conv_buff_V_q7">in, 24, ap_memory, conv_buff_V, array</column>
<column name="conv_buff_V_address8">out, 10, ap_memory, conv_buff_V, array</column>
<column name="conv_buff_V_ce8">out, 1, ap_memory, conv_buff_V, array</column>
<column name="conv_buff_V_q8">in, 24, ap_memory, conv_buff_V, array</column>
</table>
</item>
</section>
</profile>
