<stg><name>conv</name>


<trans_list>

<trans id="17" from="1" to="2">
<condition id="-1">
<or_exp><and_exp></and_exp></or_exp>
</condition>
</trans>

<trans id="18" from="2" to="3">
<condition id="-1">
<or_exp><and_exp></and_exp></or_exp>
</condition>
</trans>

<trans id="19" from="3" to="4">
<condition id="-1">
<or_exp><and_exp></and_exp></or_exp>
</condition>
</trans>

<trans id="20" from="4" to="5">
<condition id="-1">
<or_exp><and_exp></and_exp></or_exp>
</condition>
</trans>
</trans_list>



<state_list>

<state id="1" st_id="1">

<operation id="6" st_id="1" stage="1" lat="1">
<core>NULL</core>
<MemPortIdVec></MemPortIdVec>
<condition id="-1">
<or_exp><and_exp></and_exp></or_exp>
</condition>

<Node id="15" bw="24" op_0_bw="64">
<![CDATA[
codeRepl:2 %conv_buff_V = alloca i64 1

]]></Node>
<StgValue><ssdm name="conv_buff_V"/><MemPortTyVec>2 1 1 1 1 1 1 1 1 3 3 3 3 3 3 3 3 </MemPortTyVec>
</StgValue>
</operation>

<operation id="7" st_id="1" stage="1" lat="1">
<core>NULL</core>
<MemPortIdVec></MemPortIdVec>
<condition id="-1">
<or_exp><and_exp></and_exp></or_exp>
</condition>

<Node id="16" bw="32" op_0_bw="32">
<![CDATA[
codeRepl:3 %empty = wait i32 @_ssdm_op_Wait

]]></Node>
<StgValue><ssdm name="empty"/></StgValue>
</operation>

<operation id="8" st_id="1" stage="2" lat="2">
<core></core>
<MemPortIdVec></MemPortIdVec>
<condition id="-1">
<or_exp><and_exp></and_exp></or_exp>
</condition>

<Node id="17" bw="0" op_0_bw="0" op_1_bw="24" op_2_bw="24" op_3_bw="0">
<![CDATA[
codeRepl:4 %call_ln0 = call void @conv_Pipeline_conv_read_input, i24 %conv_buff_V, i24 %in_r

]]></Node>
<StgValue><ssdm name="call_ln0"/></StgValue>
</operation>
</state>

<state id="2" st_id="2">

<operation id="9" st_id="2" stage="1" lat="2">
<core></core>
<MemPortIdVec></MemPortIdVec>
<condition id="-1">
<or_exp><and_exp></and_exp></or_exp>
</condition>

<Node id="17" bw="0" op_0_bw="0" op_1_bw="24" op_2_bw="24" op_3_bw="0">
<![CDATA[
codeRepl:4 %call_ln0 = call void @conv_Pipeline_conv_read_input, i24 %conv_buff_V, i24 %in_r

]]></Node>
<StgValue><ssdm name="call_ln0"/></StgValue>
</operation>
</state>

<state id="3" st_id="3">

<operation id="10" st_id="3" stage="1" lat="1">
<core>NULL</core>
<MemPortIdVec></MemPortIdVec>
<condition id="-1">
<or_exp><and_exp></and_exp></or_exp>
</condition>

<Node id="18" bw="32" op_0_bw="32" op_1_bw="0" op_2_bw="0">
<![CDATA[
codeRepl:5 %empty_54 = wait i32 @_ssdm_op_Wait

]]></Node>
<StgValue><ssdm name="empty_54"/></StgValue>
</operation>
</state>

<state id="4" st_id="4">

<operation id="11" st_id="4" stage="1" lat="1">
<core>NULL</core>
<MemPortIdVec></MemPortIdVec>
<condition id="-1">
<or_exp><and_exp></and_exp></or_exp>
</condition>

<Node id="19" bw="32" op_0_bw="32" op_1_bw="0">
<![CDATA[
codeRepl:6 %empty_55 = wait i32 @_ssdm_op_Wait

]]></Node>
<StgValue><ssdm name="empty_55"/></StgValue>
</operation>

<operation id="12" st_id="4" stage="2" lat="2">
<core></core>
<MemPortIdVec></MemPortIdVec>
<condition id="-1">
<or_exp><and_exp></and_exp></or_exp>
</condition>

<Node id="20" bw="0" op_0_bw="0" op_1_bw="24" op_2_bw="24" op_3_bw="16" op_4_bw="15" op_5_bw="15" op_6_bw="15" op_7_bw="15" op_8_bw="15" op_9_bw="16" op_10_bw="15" op_11_bw="16" op_12_bw="14" op_13_bw="0" op_14_bw="0" op_15_bw="0">
<![CDATA[
codeRepl:7 %call_ln0 = call void @conv_Pipeline_conv_label5_conv_label4_conv_label3, i24 %conv_buff_V, i24 %conv_out2, i16 %conv_weights_V_0_0_0, i15 %conv_weights_V_0_1_0, i15 %conv_weights_V_0_2_0, i15 %conv_weights_V_1_0_0, i15 %conv_weights_V_1_1_0, i15 %conv_weights_V_1_2_0, i16 %conv_weights_V_2_0_0, i15 %conv_weights_V_2_1_0, i16 %conv_weights_V_2_2_0, i14 %conv_bias_V

]]></Node>
<StgValue><ssdm name="call_ln0"/></StgValue>
</operation>
</state>

<state id="5" st_id="5">

<operation id="13" st_id="5" stage="1" lat="1">
<core>NULL</core>
<MemPortIdVec></MemPortIdVec>
<condition id="-1">
<or_exp><and_exp></and_exp></or_exp>
</condition>

<Node id="13" bw="0" op_0_bw="0" op_1_bw="24" op_2_bw="0" op_3_bw="32" op_4_bw="32" op_5_bw="0" op_6_bw="32" op_7_bw="32" op_8_bw="0" op_9_bw="0" op_10_bw="0" op_11_bw="32" op_12_bw="32" op_13_bw="32" op_14_bw="32" op_15_bw="0" op_16_bw="0">
<![CDATA[
codeRepl:0 %specinterface_ln0 = specinterface void @_ssdm_op_SpecInterface, i24 %conv_out2, void @empty_10, i32 0, i32 0, void @empty_4, i32 0, i32 0, void @empty_4, void @empty_4, void @empty_4, i32 0, i32 0, i32 0, i32 0, void @empty_4, void @empty_4

]]></Node>
<StgValue><ssdm name="specinterface_ln0"/></StgValue>
</operation>

<operation id="14" st_id="5" stage="1" lat="1">
<core>NULL</core>
<MemPortIdVec></MemPortIdVec>
<condition id="-1">
<or_exp><and_exp></and_exp></or_exp>
</condition>

<Node id="14" bw="0" op_0_bw="0" op_1_bw="24" op_2_bw="0" op_3_bw="32" op_4_bw="32" op_5_bw="0" op_6_bw="32" op_7_bw="32" op_8_bw="0" op_9_bw="0" op_10_bw="0" op_11_bw="32" op_12_bw="32" op_13_bw="32" op_14_bw="32" op_15_bw="0" op_16_bw="0">
<![CDATA[
codeRepl:1 %specinterface_ln0 = specinterface void @_ssdm_op_SpecInterface, i24 %in_r, void @empty_10, i32 0, i32 0, void @empty_4, i32 0, i32 0, void @empty_4, void @empty_4, void @empty_4, i32 0, i32 0, i32 0, i32 0, void @empty_4, void @empty_4

]]></Node>
<StgValue><ssdm name="specinterface_ln0"/></StgValue>
</operation>

<operation id="15" st_id="5" stage="1" lat="2">
<core></core>
<MemPortIdVec></MemPortIdVec>
<condition id="-1">
<or_exp><and_exp></and_exp></or_exp>
</condition>

<Node id="20" bw="0" op_0_bw="0" op_1_bw="24" op_2_bw="24" op_3_bw="16" op_4_bw="15" op_5_bw="15" op_6_bw="15" op_7_bw="15" op_8_bw="15" op_9_bw="16" op_10_bw="15" op_11_bw="16" op_12_bw="14" op_13_bw="0" op_14_bw="0" op_15_bw="0">
<![CDATA[
codeRepl:7 %call_ln0 = call void @conv_Pipeline_conv_label5_conv_label4_conv_label3, i24 %conv_buff_V, i24 %conv_out2, i16 %conv_weights_V_0_0_0, i15 %conv_weights_V_0_1_0, i15 %conv_weights_V_0_2_0, i15 %conv_weights_V_1_0_0, i15 %conv_weights_V_1_1_0, i15 %conv_weights_V_1_2_0, i16 %conv_weights_V_2_0_0, i15 %conv_weights_V_2_1_0, i16 %conv_weights_V_2_2_0, i14 %conv_bias_V

]]></Node>
<StgValue><ssdm name="call_ln0"/></StgValue>
</operation>

<operation id="16" st_id="5" stage="1" lat="1">
<core>NULL</core>
<MemPortIdVec></MemPortIdVec>
<condition id="-1">
<or_exp><and_exp></and_exp></or_exp>
</condition>

<Node id="21" bw="0">
<![CDATA[
codeRepl:8 %ret_ln217 = ret

]]></Node>
<StgValue><ssdm name="ret_ln217"/></StgValue>
</operation>
</state>
</state_list>


<ports>
<port id="21" name="conv_out2" dir="1" iftype="3">
<core>FIFO_SRL</core><StgValue><ssdm name="conv_out2"/></StgValue>
</port>
<port id="22" name="in_r" dir="0" iftype="3">
<core>FIFO</core><StgValue><ssdm name="in_r"/></StgValue>
</port>
<port id="23" name="conv_weights_V_0_0_0" dir="0" iftype="1">
<core>ROM</core><StgValue><ssdm name="conv_weights_V_0_0_0"/><MemPortTyVec>1 </MemPortTyVec>
</StgValue>
</port>
<port id="24" name="conv_weights_V_0_1_0" dir="0" iftype="1">
<core>ROM</core><StgValue><ssdm name="conv_weights_V_0_1_0"/><MemPortTyVec>1 </MemPortTyVec>
</StgValue>
</port>
<port id="25" name="conv_weights_V_0_2_0" dir="0" iftype="1">
<core>ROM</core><StgValue><ssdm name="conv_weights_V_0_2_0"/><MemPortTyVec>1 </MemPortTyVec>
</StgValue>
</port>
<port id="26" name="conv_weights_V_1_0_0" dir="0" iftype="1">
<core>ROM</core><StgValue><ssdm name="conv_weights_V_1_0_0"/><MemPortTyVec>1 </MemPortTyVec>
</StgValue>
</port>
<port id="27" name="conv_weights_V_1_1_0" dir="0" iftype="1">
<core>ROM</core><StgValue><ssdm name="conv_weights_V_1_1_0"/><MemPortTyVec>1 </MemPortTyVec>
</StgValue>
</port>
<port id="28" name="conv_weights_V_1_2_0" dir="0" iftype="1">
<core>ROM</core><StgValue><ssdm name="conv_weights_V_1_2_0"/><MemPortTyVec>1 </MemPortTyVec>
</StgValue>
</port>
<port id="29" name="conv_weights_V_2_0_0" dir="0" iftype="1">
<core>ROM</core><StgValue><ssdm name="conv_weights_V_2_0_0"/><MemPortTyVec>1 </MemPortTyVec>
</StgValue>
</port>
<port id="30" name="conv_weights_V_2_1_0" dir="0" iftype="1">
<core>ROM</core><StgValue><ssdm name="conv_weights_V_2_1_0"/><MemPortTyVec>1 </MemPortTyVec>
</StgValue>
</port>
<port id="31" name="conv_weights_V_2_2_0" dir="0" iftype="1">
<core>ROM</core><StgValue><ssdm name="conv_weights_V_2_2_0"/><MemPortTyVec>1 </MemPortTyVec>
</StgValue>
</port>
<port id="32" name="conv_bias_V" dir="0" iftype="1">
<core>ROM</core><StgValue><ssdm name="conv_bias_V"/><MemPortTyVec>1 </MemPortTyVec>
</StgValue>
</port>
</ports>


<dataflows>
<dataflow id="34" from="StgValue_33" to="conv_buff_V" fromId="33" toId="6">
</dataflow>
<dataflow id="36" from="_ssdm_op_Wait" to="empty" fromId="35" toId="7">
</dataflow>
<dataflow id="38" from="conv_Pipeline_conv_read_input" to="call_ln0" fromId="37" toId="8">
</dataflow>
<dataflow id="39" from="conv_buff_V" to="call_ln0" fromId="6" toId="8">
</dataflow>
<dataflow id="40" from="in_r" to="call_ln0" fromId="22" toId="8">
</dataflow>
<dataflow id="41" from="conv_Pipeline_conv_read_input" to="call_ln0" fromId="37" toId="9">
</dataflow>
<dataflow id="42" from="conv_buff_V" to="call_ln0" fromId="6" toId="9">
</dataflow>
<dataflow id="43" from="in_r" to="call_ln0" fromId="22" toId="9">
</dataflow>
<dataflow id="44" from="_ssdm_op_Wait" to="empty_54" fromId="35" toId="10">
</dataflow>
<dataflow id="45" from="_ssdm_op_Wait" to="empty_55" fromId="35" toId="11">
</dataflow>
<dataflow id="47" from="conv_Pipeline_conv_label5_conv_label4_conv_label3" to="call_ln0" fromId="46" toId="12">
</dataflow>
<dataflow id="48" from="conv_buff_V" to="call_ln0" fromId="6" toId="12">
</dataflow>
<dataflow id="49" from="conv_out2" to="call_ln0" fromId="21" toId="12">
</dataflow>
<dataflow id="50" from="conv_weights_V_0_0_0" to="call_ln0" fromId="23" toId="12">
</dataflow>
<dataflow id="51" from="conv_weights_V_0_1_0" to="call_ln0" fromId="24" toId="12">
</dataflow>
<dataflow id="52" from="conv_weights_V_0_2_0" to="call_ln0" fromId="25" toId="12">
</dataflow>
<dataflow id="53" from="conv_weights_V_1_0_0" to="call_ln0" fromId="26" toId="12">
</dataflow>
<dataflow id="54" from="conv_weights_V_1_1_0" to="call_ln0" fromId="27" toId="12">
</dataflow>
<dataflow id="55" from="conv_weights_V_1_2_0" to="call_ln0" fromId="28" toId="12">
</dataflow>
<dataflow id="56" from="conv_weights_V_2_0_0" to="call_ln0" fromId="29" toId="12">
</dataflow>
<dataflow id="57" from="conv_weights_V_2_1_0" to="call_ln0" fromId="30" toId="12">
</dataflow>
<dataflow id="58" from="conv_weights_V_2_2_0" to="call_ln0" fromId="31" toId="12">
</dataflow>
<dataflow id="59" from="conv_bias_V" to="call_ln0" fromId="32" toId="12">
</dataflow>
<dataflow id="61" from="_ssdm_op_SpecInterface" to="specinterface_ln0" fromId="60" toId="13">
</dataflow>
<dataflow id="62" from="conv_out2" to="specinterface_ln0" fromId="21" toId="13">
</dataflow>
<dataflow id="64" from="empty_10" to="specinterface_ln0" fromId="63" toId="13">
</dataflow>
<dataflow id="66" from="StgValue_65" to="specinterface_ln0" fromId="65" toId="13">
</dataflow>
<dataflow id="67" from="StgValue_65" to="specinterface_ln0" fromId="65" toId="13">
</dataflow>
<dataflow id="69" from="empty_4" to="specinterface_ln0" fromId="68" toId="13">
</dataflow>
<dataflow id="70" from="StgValue_65" to="specinterface_ln0" fromId="65" toId="13">
</dataflow>
<dataflow id="71" from="StgValue_65" to="specinterface_ln0" fromId="65" toId="13">
</dataflow>
<dataflow id="72" from="empty_4" to="specinterface_ln0" fromId="68" toId="13">
</dataflow>
<dataflow id="73" from="empty_4" to="specinterface_ln0" fromId="68" toId="13">
</dataflow>
<dataflow id="74" from="empty_4" to="specinterface_ln0" fromId="68" toId="13">
</dataflow>
<dataflow id="75" from="StgValue_65" to="specinterface_ln0" fromId="65" toId="13">
</dataflow>
<dataflow id="76" from="StgValue_65" to="specinterface_ln0" fromId="65" toId="13">
</dataflow>
<dataflow id="77" from="StgValue_65" to="specinterface_ln0" fromId="65" toId="13">
</dataflow>
<dataflow id="78" from="StgValue_65" to="specinterface_ln0" fromId="65" toId="13">
</dataflow>
<dataflow id="79" from="empty_4" to="specinterface_ln0" fromId="68" toId="13">
</dataflow>
<dataflow id="80" from="empty_4" to="specinterface_ln0" fromId="68" toId="13">
</dataflow>
<dataflow id="81" from="_ssdm_op_SpecInterface" to="specinterface_ln0" fromId="60" toId="14">
</dataflow>
<dataflow id="82" from="in_r" to="specinterface_ln0" fromId="22" toId="14">
</dataflow>
<dataflow id="83" from="empty_10" to="specinterface_ln0" fromId="63" toId="14">
</dataflow>
<dataflow id="84" from="StgValue_65" to="specinterface_ln0" fromId="65" toId="14">
</dataflow>
<dataflow id="85" from="StgValue_65" to="specinterface_ln0" fromId="65" toId="14">
</dataflow>
<dataflow id="86" from="empty_4" to="specinterface_ln0" fromId="68" toId="14">
</dataflow>
<dataflow id="87" from="StgValue_65" to="specinterface_ln0" fromId="65" toId="14">
</dataflow>
<dataflow id="88" from="StgValue_65" to="specinterface_ln0" fromId="65" toId="14">
</dataflow>
<dataflow id="89" from="empty_4" to="specinterface_ln0" fromId="68" toId="14">
</dataflow>
<dataflow id="90" from="empty_4" to="specinterface_ln0" fromId="68" toId="14">
</dataflow>
<dataflow id="91" from="empty_4" to="specinterface_ln0" fromId="68" toId="14">
</dataflow>
<dataflow id="92" from="StgValue_65" to="specinterface_ln0" fromId="65" toId="14">
</dataflow>
<dataflow id="93" from="StgValue_65" to="specinterface_ln0" fromId="65" toId="14">
</dataflow>
<dataflow id="94" from="StgValue_65" to="specinterface_ln0" fromId="65" toId="14">
</dataflow>
<dataflow id="95" from="StgValue_65" to="specinterface_ln0" fromId="65" toId="14">
</dataflow>
<dataflow id="96" from="empty_4" to="specinterface_ln0" fromId="68" toId="14">
</dataflow>
<dataflow id="97" from="empty_4" to="specinterface_ln0" fromId="68" toId="14">
</dataflow>
<dataflow id="98" from="conv_Pipeline_conv_label5_conv_label4_conv_label3" to="call_ln0" fromId="46" toId="15">
</dataflow>
<dataflow id="99" from="conv_buff_V" to="call_ln0" fromId="6" toId="15">
</dataflow>
<dataflow id="100" from="conv_out2" to="call_ln0" fromId="21" toId="15">
</dataflow>
<dataflow id="101" from="conv_weights_V_0_0_0" to="call_ln0" fromId="23" toId="15">
</dataflow>
<dataflow id="102" from="conv_weights_V_0_1_0" to="call_ln0" fromId="24" toId="15">
</dataflow>
<dataflow id="103" from="conv_weights_V_0_2_0" to="call_ln0" fromId="25" toId="15">
</dataflow>
<dataflow id="104" from="conv_weights_V_1_0_0" to="call_ln0" fromId="26" toId="15">
</dataflow>
<dataflow id="105" from="conv_weights_V_1_1_0" to="call_ln0" fromId="27" toId="15">
</dataflow>
<dataflow id="106" from="conv_weights_V_1_2_0" to="call_ln0" fromId="28" toId="15">
</dataflow>
<dataflow id="107" from="conv_weights_V_2_0_0" to="call_ln0" fromId="29" toId="15">
</dataflow>
<dataflow id="108" from="conv_weights_V_2_1_0" to="call_ln0" fromId="30" toId="15">
</dataflow>
<dataflow id="109" from="conv_weights_V_2_2_0" to="call_ln0" fromId="31" toId="15">
</dataflow>
<dataflow id="110" from="conv_bias_V" to="call_ln0" fromId="32" toId="15">
</dataflow>
</dataflows>


</stg>
