<stg><name>conv</name>


<trans_list>

<trans id="17" from="1" to="2">
<condition id="-1">
<or_exp><and_exp></and_exp></or_exp>
</condition>
</trans>

<trans id="18" from="2" to="3">
<condition id="-1">
<or_exp><and_exp></and_exp></or_exp>
</condition>
</trans>

<trans id="19" from="3" to="4">
<condition id="-1">
<or_exp><and_exp></and_exp></or_exp>
</condition>
</trans>

<trans id="20" from="4" to="5">
<condition id="-1">
<or_exp><and_exp></and_exp></or_exp>
</condition>
</trans>
</trans_list>



<state_list>

<state id="1" st_id="1">

<operation id="6" st_id="1" stage="1" lat="1">
<core>NULL</core>
<MemPortIdVec></MemPortIdVec>
<condition id="-1">
<or_exp><and_exp></and_exp></or_exp>
</condition>

<Node id="15" bw="24" op_0_bw="64">
<![CDATA[
codeRepl:2 %conv_buff_V = alloca i64 1

]]></Node>
<StgValue><ssdm name="conv_buff_V"/></StgValue>
</operation>

<operation id="7" st_id="1" stage="1" lat="1">
<core>NULL</core>
<MemPortIdVec></MemPortIdVec>
<condition id="-1">
<or_exp><and_exp></and_exp></or_exp>
</condition>

<Node id="16" bw="32" op_0_bw="32">
<![CDATA[
codeRepl:3 %empty = wait i32 @_ssdm_op_Wait

]]></Node>
<StgValue><ssdm name="empty"/></StgValue>
</operation>

<operation id="8" st_id="1" stage="2" lat="2">
<core></core>
<MemPortIdVec></MemPortIdVec>
<condition id="-1">
<or_exp><and_exp></and_exp></or_exp>
</condition>

<Node id="17" bw="0" op_0_bw="0" op_1_bw="24" op_2_bw="24" op_3_bw="0">
<![CDATA[
codeRepl:4 %call_ln0 = call void @conv_Pipeline_conv_read_input, i24 %conv_buff_V, i24 %in_r

]]></Node>
<StgValue><ssdm name="call_ln0"/></StgValue>
</operation>
</state>

<state id="2" st_id="2">

<operation id="9" st_id="2" stage="1" lat="2">
<core></core>
<MemPortIdVec></MemPortIdVec>
<condition id="-1">
<or_exp><and_exp></and_exp></or_exp>
</condition>

<Node id="17" bw="0" op_0_bw="0" op_1_bw="24" op_2_bw="24" op_3_bw="0">
<![CDATA[
codeRepl:4 %call_ln0 = call void @conv_Pipeline_conv_read_input, i24 %conv_buff_V, i24 %in_r

]]></Node>
<StgValue><ssdm name="call_ln0"/></StgValue>
</operation>
</state>

<state id="3" st_id="3">

<operation id="10" st_id="3" stage="1" lat="1">
<core>NULL</core>
<MemPortIdVec></MemPortIdVec>
<condition id="-1">
<or_exp><and_exp></and_exp></or_exp>
</condition>

<Node id="18" bw="32" op_0_bw="32" op_1_bw="0" op_2_bw="0">
<![CDATA[
codeRepl:5 %empty_54 = wait i32 @_ssdm_op_Wait

]]></Node>
<StgValue><ssdm name="empty_54"/></StgValue>
</operation>
</state>

<state id="4" st_id="4">

<operation id="11" st_id="4" stage="1" lat="1">
<core>NULL</core>
<MemPortIdVec></MemPortIdVec>
<condition id="-1">
<or_exp><and_exp></and_exp></or_exp>
</condition>

<Node id="19" bw="32" op_0_bw="32" op_1_bw="0">
<![CDATA[
codeRepl:6 %empty_55 = wait i32 @_ssdm_op_Wait

]]></Node>
<StgValue><ssdm name="empty_55"/></StgValue>
</operation>

<operation id="12" st_id="4" stage="2" lat="2">
<core></core>
<MemPortIdVec></MemPortIdVec>
<condition id="-1">
<or_exp><and_exp></and_exp></or_exp>
</condition>

<Node id="20" bw="0" op_0_bw="0" op_1_bw="24" op_2_bw="24" op_3_bw="16" op_4_bw="15" op_5_bw="15" op_6_bw="15" op_7_bw="15" op_8_bw="15" op_9_bw="16" op_10_bw="15" op_11_bw="16" op_12_bw="14" op_13_bw="0" op_14_bw="0" op_15_bw="0">
<![CDATA[
codeRepl:7 %call_ln0 = call void @conv_Pipeline_conv_label5_conv_label4_conv_label3, i24 %conv_buff_V, i24 %conv_out2, i16 %conv_weights_V_0_0_0, i15 %conv_weights_V_0_1_0, i15 %conv_weights_V_0_2_0, i15 %conv_weights_V_1_0_0, i15 %conv_weights_V_1_1_0, i15 %conv_weights_V_1_2_0, i16 %conv_weights_V_2_0_0, i15 %conv_weights_V_2_1_0, i16 %conv_weights_V_2_2_0, i14 %conv_bias_V

]]></Node>
<StgValue><ssdm name="call_ln0"/></StgValue>
</operation>
</state>

<state id="5" st_id="5">

<operation id="13" st_id="5" stage="1" lat="1">
<core>NULL</core>
<MemPortIdVec></MemPortIdVec>
<condition id="-1">
<or_exp><and_exp></and_exp></or_exp>
</condition>

<Node id="13" bw="0" op_0_bw="0" op_1_bw="24" op_2_bw="0" op_3_bw="32" op_4_bw="32" op_5_bw="0" op_6_bw="32" op_7_bw="32" op_8_bw="0" op_9_bw="0" op_10_bw="0" op_11_bw="32" op_12_bw="32" op_13_bw="32" op_14_bw="32" op_15_bw="0" op_16_bw="0">
<![CDATA[
codeRepl:0 %specinterface_ln0 = specinterface void @_ssdm_op_SpecInterface, i24 %conv_out2, void @empty_10, i32 0, i32 0, void @empty_4, i32 0, i32 0, void @empty_4, void @empty_4, void @empty_4, i32 0, i32 0, i32 0, i32 0, void @empty_4, void @empty_4

]]></Node>
<StgValue><ssdm name="specinterface_ln0"/></StgValue>
</operation>

<operation id="14" st_id="5" stage="1" lat="1">
<core>NULL</core>
<MemPortIdVec></MemPortIdVec>
<condition id="-1">
<or_exp><and_exp></and_exp></or_exp>
</condition>

<Node id="14" bw="0" op_0_bw="0" op_1_bw="24" op_2_bw="0" op_3_bw="32" op_4_bw="32" op_5_bw="0" op_6_bw="32" op_7_bw="32" op_8_bw="0" op_9_bw="0" op_10_bw="0" op_11_bw="32" op_12_bw="32" op_13_bw="32" op_14_bw="32" op_15_bw="0" op_16_bw="0">
<![CDATA[
codeRepl:1 %specinterface_ln0 = specinterface void @_ssdm_op_SpecInterface, i24 %in_r, void @empty_10, i32 0, i32 0, void @empty_4, i32 0, i32 0, void @empty_4, void @empty_4, void @empty_4, i32 0, i32 0, i32 0, i32 0, void @empty_4, void @empty_4

]]></Node>
<StgValue><ssdm name="specinterface_ln0"/></StgValue>
</operation>

<operation id="15" st_id="5" stage="1" lat="2">
<core></core>
<MemPortIdVec></MemPortIdVec>
<condition id="-1">
<or_exp><and_exp></and_exp></or_exp>
</condition>

<Node id="20" bw="0" op_0_bw="0" op_1_bw="24" op_2_bw="24" op_3_bw="16" op_4_bw="15" op_5_bw="15" op_6_bw="15" op_7_bw="15" op_8_bw="15" op_9_bw="16" op_10_bw="15" op_11_bw="16" op_12_bw="14" op_13_bw="0" op_14_bw="0" op_15_bw="0">
<![CDATA[
codeRepl:7 %call_ln0 = call void @conv_Pipeline_conv_label5_conv_label4_conv_label3, i24 %conv_buff_V, i24 %conv_out2, i16 %conv_weights_V_0_0_0, i15 %conv_weights_V_0_1_0, i15 %conv_weights_V_0_2_0, i15 %conv_weights_V_1_0_0, i15 %conv_weights_V_1_1_0, i15 %conv_weights_V_1_2_0, i16 %conv_weights_V_2_0_0, i15 %conv_weights_V_2_1_0, i16 %conv_weights_V_2_2_0, i14 %conv_bias_V

]]></Node>
<StgValue><ssdm name="call_ln0"/></StgValue>
</operation>

<operation id="16" st_id="5" stage="1" lat="1">
<core>NULL</core>
<MemPortIdVec></MemPortIdVec>
<condition id="-1">
<or_exp><and_exp></and_exp></or_exp>
</condition>

<Node id="21" bw="0">
<![CDATA[
codeRepl:8 %ret_ln217 = ret

]]></Node>
<StgValue><ssdm name="ret_ln217"/></StgValue>
</operation>
</state>
</state_list>


<ports>
</ports>


<dataflows>
</dataflows>


</stg>
