<profile>

<section name = "Vitis HLS Report for 'conv'" level="0">
<item name = "Date">Wed May  4 11:56:07 2022
</item>
<item name = "Version">2021.2 (Build 3367213 on Tue Oct 19 02:47:39 MDT 2021)</item>
<item name = "Project">CNN-HLS</item>
<item name = "Solution">solution1 (Vivado IP Flow Target)</item>
<item name = "Product family">zynq</item>
<item name = "Target device">xa7z030-fbg484-1I</item>
</section>

<section name = "Performance Estimates" level="0">
<item name = "Timing">
<section name = "" level="1">
<item name = "Summary"><table name="" hasTotal="0">
<keys size="4">Clock, Target, Estimated, Uncertainty</keys>
<column name="ap_clk">10.00 ns, 7.005 ns, 2.70 ns</column>
</table>
</item>
</section>
</item>
<item name = "Latency">
<section name = "" level="1">
<item name = "Summary"><table name="" hasTotal="0">
<keys size="8">, min, max, min, max, min, max, Type</keys>
<column name="">22438, 22438, 0.224 ms, 0.224 ms, 22438, 22438, no</column>
</table>
</item>
<item name = "Detail">
<section name = "" level="1">
<item name = "Instance"><table name="" hasTotal="0">
<keys size="9">Instance, Module, min, max, min, max, min, max, Type</keys>
<column name="grp_conv_Pipeline_conv_read_input_fu_44">conv_Pipeline_conv_read_input, 786, 786, 7.860 us, 7.860 us, 786, 786, no</column>
<column name="grp_conv_Pipeline_conv_label5_conv_label4_conv_label3_fu_52">conv_Pipeline_conv_label5_conv_label4_conv_label3, 21648, 21648, 0.216 ms, 0.216 ms, 21648, 21648, no</column>
</table>
</item>
<item name = "Loop"><table name="" hasTotal="0">
<keys size="8">Loop Name, min, max, Latency, achieved, target, Count, Pipelined</keys>
</table>
</item>
</section>
</item>
</section>
</item>
</section>

<section name = "Utilization Estimates" level="0">
<item name = "Summary"><table name="" hasTotal="1">
<keys size="6">Name, BRAM_18K, DSP, FF, LUT, URAM</keys>
<column name="DSP">-, -, -, -, -</column>
<column name="Expression">-, -, 0, 2, -</column>
<column name="FIFO">-, -, -, -, -</column>
<column name="Instance">0, 9, 1827, 2015, -</column>
<column name="Memory">16, -, 0, 0, 0</column>
<column name="Multiplexer">-, -, -, 176, -</column>
<column name="Register">-, -, 9, -, -</column>
<specialColumn name="Available">530, 400, 157200, 78600, 0</specialColumn>
<specialColumn name="Utilization (%)">3, 2, 1, 2, 0</specialColumn>
</table>
</item>
<item name = "Detail">
<section name = "" level="1">
<item name = "Instance"><table name="" hasTotal="1">
<keys size="7">Instance, Module, BRAM_18K, DSP, FF, LUT, URAM</keys>
<column name="grp_conv_Pipeline_conv_label5_conv_label4_conv_label3_fu_52">conv_Pipeline_conv_label5_conv_label4_conv_label3, 0, 9, 1804, 1942, 0</column>
<column name="grp_conv_Pipeline_conv_read_input_fu_44">conv_Pipeline_conv_read_input, 0, 0, 23, 73, 0</column>
</table>
</item>
<item name = "DSP"><table name="" hasTotal="0">
<keys size="3">Instance, Module, Expression</keys>
</table>
</item>
<item name = "Memory"><table name="" hasTotal="1">
<keys size="10">Memory, Module, BRAM_18K, FF, LUT, URAM, Words, Bits, Banks, W*Bits*Banks</keys>
<column name="conv_buff_V_U">conv_conv_buff_V_RAM_1WNR_AUTO_1R1W, 16, 0, 0, 0, 784, 24, 1, 18816</column>
</table>
</item>
<item name = "FIFO"><table name="" hasTotal="1">
<keys size="8">Name, BRAM_18K, FF, LUT, URAM, Depth, Bits, Size:D*B</keys>
</table>
</item>
<item name = "Expression"><table name="" hasTotal="1">
<keys size="7">Variable Name, Operation, DSP, FF, LUT, Bitwidth P0, Bitwidth P1</keys>
<column name="ap_block_state1">or, 0, 0, 2, 1, 1</column>
</table>
</item>
<item name = "Multiplexer"><table name="" hasTotal="1">
<keys size="5">Name, LUT, Input Size, Bits, Total Bits</keys>
<column name="ap_NS_fsm">31, 6, 1, 6</column>
<column name="ap_done">9, 2, 1, 2</column>
<column name="conv_buff_V_address0">14, 3, 10, 30</column>
<column name="conv_buff_V_ce0">14, 3, 1, 3</column>
<column name="conv_buff_V_ce1">9, 2, 1, 2</column>
<column name="conv_buff_V_ce2">9, 2, 1, 2</column>
<column name="conv_buff_V_ce3">9, 2, 1, 2</column>
<column name="conv_buff_V_ce4">9, 2, 1, 2</column>
<column name="conv_buff_V_ce5">9, 2, 1, 2</column>
<column name="conv_buff_V_ce6">9, 2, 1, 2</column>
<column name="conv_buff_V_ce7">9, 2, 1, 2</column>
<column name="conv_buff_V_ce8">9, 2, 1, 2</column>
<column name="conv_buff_V_we0">9, 2, 1, 2</column>
<column name="conv_out2_write">9, 2, 1, 2</column>
<column name="in_r_read">9, 2, 1, 2</column>
<column name="real_start">9, 2, 1, 2</column>
</table>
</item>
<item name = "Register"><table name="" hasTotal="1">
<keys size="5">Name, FF, LUT, Bits, Const Bits</keys>
<column name="ap_CS_fsm">5, 0, 5, 0</column>
<column name="ap_done_reg">1, 0, 1, 0</column>
<column name="grp_conv_Pipeline_conv_label5_conv_label4_conv_label3_fu_52_ap_start_reg">1, 0, 1, 0</column>
<column name="grp_conv_Pipeline_conv_read_input_fu_44_ap_start_reg">1, 0, 1, 0</column>
<column name="start_once_reg">1, 0, 1, 0</column>
</table>
</item>
</section>
</item>
</section>

<section name = "Interface" level="0">
<item name = "Summary"><table name="" hasTotal="0">
<keys size="6">RTL Ports, Dir, Bits, Protocol, Source Object, C Type</keys>
<column name="ap_clk">in, 1, ap_ctrl_hs, conv, return value</column>
<column name="ap_rst">in, 1, ap_ctrl_hs, conv, return value</column>
<column name="ap_start">in, 1, ap_ctrl_hs, conv, return value</column>
<column name="start_full_n">in, 1, ap_ctrl_hs, conv, return value</column>
<column name="ap_done">out, 1, ap_ctrl_hs, conv, return value</column>
<column name="ap_continue">in, 1, ap_ctrl_hs, conv, return value</column>
<column name="ap_idle">out, 1, ap_ctrl_hs, conv, return value</column>
<column name="ap_ready">out, 1, ap_ctrl_hs, conv, return value</column>
<column name="start_out">out, 1, ap_ctrl_hs, conv, return value</column>
<column name="start_write">out, 1, ap_ctrl_hs, conv, return value</column>
<column name="conv_out2_din">out, 24, ap_fifo, conv_out2, pointer</column>
<column name="conv_out2_full_n">in, 1, ap_fifo, conv_out2, pointer</column>
<column name="conv_out2_write">out, 1, ap_fifo, conv_out2, pointer</column>
<column name="in_r_dout">in, 24, ap_fifo, in_r, pointer</column>
<column name="in_r_empty_n">in, 1, ap_fifo, in_r, pointer</column>
<column name="in_r_read">out, 1, ap_fifo, in_r, pointer</column>
</table>
</item>
</section>
</profile>
