<profile>

<section name = "Vitis HLS Report for 'conv_Pipeline_conv_read_input'" level="0">
<item name = "Date">Wed May  4 11:56:06 2022
</item>
<item name = "Version">2021.2 (Build 3367213 on Tue Oct 19 02:47:39 MDT 2021)</item>
<item name = "Project">CNN-HLS</item>
<item name = "Solution">solution1 (Vivado IP Flow Target)</item>
<item name = "Product family">zynq</item>
<item name = "Target device">xa7z030-fbg484-1I</item>
</section>

<section name = "Performance Estimates" level="0">
<item name = "Timing">
<section name = "" level="1">
<item name = "Summary"><table name="" hasTotal="0">
<keys size="4">Clock, Target, Estimated, Uncertainty</keys>
<column name="ap_clk">10.00 ns, 6.731 ns, 2.70 ns</column>
</table>
</item>
</section>
</item>
<item name = "Latency">
<section name = "" level="1">
<item name = "Summary"><table name="" hasTotal="0">
<keys size="8">, min, max, min, max, min, max, Type</keys>
<column name="">786, 786, 7.860 us, 7.860 us, 786, 786, no</column>
</table>
</item>
<item name = "Detail">
<section name = "" level="1">
<item name = "Instance"><table name="" hasTotal="0">
<keys size="9">Instance, Module, min, max, min, max, min, max, Type</keys>
</table>
</item>
<item name = "Loop"><table name="" hasTotal="0">
<keys size="8">Loop Name, min, max, Latency, achieved, target, Count, Pipelined</keys>
<column name="- conv_read_input">784, 784, 2, 1, 1, 784, yes</column>
</table>
</item>
</section>
</item>
</section>
</item>
</section>

<section name = "Utilization Estimates" level="0">
<item name = "Summary"><table name="" hasTotal="1">
<keys size="6">Name, BRAM_18K, DSP, FF, LUT, URAM</keys>
<column name="DSP">-, -, -, -, -</column>
<column name="Expression">-, -, 0, 28, -</column>
<column name="FIFO">-, -, -, -, -</column>
<column name="Instance">-, -, -, -, -</column>
<column name="Memory">-, -, -, -, -</column>
<column name="Multiplexer">-, -, -, 45, -</column>
<column name="Register">-, -, 23, -, -</column>
<specialColumn name="Available">530, 400, 157200, 78600, 0</specialColumn>
<specialColumn name="Utilization (%)">0, 0, ~0, ~0, 0</specialColumn>
</table>
</item>
<item name = "Detail">
<section name = "" level="1">
<item name = "Instance"><table name="" hasTotal="1">
<keys size="7">Instance, Module, BRAM_18K, DSP, FF, LUT, URAM</keys>
</table>
</item>
<item name = "DSP"><table name="" hasTotal="0">
<keys size="3">Instance, Module, Expression</keys>
</table>
</item>
<item name = "Memory"><table name="" hasTotal="1">
<keys size="10">Memory, Module, BRAM_18K, FF, LUT, URAM, Words, Bits, Banks, W*Bits*Banks</keys>
</table>
</item>
<item name = "FIFO"><table name="" hasTotal="1">
<keys size="8">Name, BRAM_18K, FF, LUT, URAM, Depth, Bits, Size:D*B</keys>
</table>
</item>
<item name = "Expression"><table name="" hasTotal="1">
<keys size="7">Variable Name, Operation, DSP, FF, LUT, Bitwidth P0, Bitwidth P1</keys>
<column name="add_ln138_fu_76_p2">+, 0, 0, 13, 10, 1</column>
<column name="ap_block_pp0_stage0_11001">and, 0, 0, 2, 1, 1</column>
<column name="icmp_ln132_fu_70_p2">icmp, 0, 0, 11, 10, 9</column>
<column name="ap_enable_pp0">xor, 0, 0, 2, 1, 2</column>
</table>
</item>
<item name = "Multiplexer"><table name="" hasTotal="1">
<keys size="5">Name, LUT, Input Size, Bits, Total Bits</keys>
<column name="ap_done_int">9, 2, 1, 2</column>
<column name="ap_enable_reg_pp0_iter1">9, 2, 1, 2</column>
<column name="ap_sig_allocacmp_z_1">9, 2, 10, 20</column>
<column name="in_r_blk_n">9, 2, 1, 2</column>
<column name="z_fu_38">9, 2, 10, 20</column>
</table>
</item>
<item name = "Register"><table name="" hasTotal="1">
<keys size="5">Name, FF, LUT, Bits, Const Bits</keys>
<column name="ap_CS_fsm">1, 0, 1, 0</column>
<column name="ap_done_reg">1, 0, 1, 0</column>
<column name="ap_enable_reg_pp0_iter1">1, 0, 1, 0</column>
<column name="z_1_reg_98">10, 0, 10, 0</column>
<column name="z_fu_38">10, 0, 10, 0</column>
</table>
</item>
</section>
</item>
</section>

<section name = "Interface" level="0">
<item name = "Summary"><table name="" hasTotal="0">
<keys size="6">RTL Ports, Dir, Bits, Protocol, Source Object, C Type</keys>
<column name="ap_clk">in, 1, ap_ctrl_hs, conv_Pipeline_conv_read_input, return value</column>
<column name="ap_rst">in, 1, ap_ctrl_hs, conv_Pipeline_conv_read_input, return value</column>
<column name="ap_start">in, 1, ap_ctrl_hs, conv_Pipeline_conv_read_input, return value</column>
<column name="ap_done">out, 1, ap_ctrl_hs, conv_Pipeline_conv_read_input, return value</column>
<column name="ap_idle">out, 1, ap_ctrl_hs, conv_Pipeline_conv_read_input, return value</column>
<column name="ap_ready">out, 1, ap_ctrl_hs, conv_Pipeline_conv_read_input, return value</column>
<column name="in_r_dout">in, 24, ap_fifo, in_r, pointer</column>
<column name="in_r_empty_n">in, 1, ap_fifo, in_r, pointer</column>
<column name="in_r_read">out, 1, ap_fifo, in_r, pointer</column>
<column name="conv_buff_V_address0">out, 10, ap_memory, conv_buff_V, array</column>
<column name="conv_buff_V_ce0">out, 1, ap_memory, conv_buff_V, array</column>
<column name="conv_buff_V_we0">out, 1, ap_memory, conv_buff_V, array</column>
<column name="conv_buff_V_d0">out, 24, ap_memory, conv_buff_V, array</column>
</table>
</item>
</section>
</profile>
