<stg><name>conv_Pipeline_conv_read_input</name>


<trans_list>

<trans id="31" from="1" to="2">
<condition id="-1">
<or_exp><and_exp></and_exp></or_exp>
</condition>
</trans>
</trans_list>



<state_list>

<state id="1" st_id="2">

<operation id="5" st_id="1" stage="1" lat="1">
<core>NULL</core>
<MemPortIdVec></MemPortIdVec>
<condition id="-1">
<or_exp><and_exp></and_exp></or_exp>
</condition>

<Node id="3" bw="10" op_0_bw="32">
<![CDATA[
newFuncRoot:0 %z = alloca i32 1

]]></Node>
<StgValue><ssdm name="z"/></StgValue>
</operation>

<operation id="6" st_id="1" stage="1" lat="1">
<core>NULL</core>
<MemPortIdVec></MemPortIdVec>
<condition id="-1">
<or_exp><and_exp></and_exp></or_exp>
</condition>

<Node id="4" bw="0" op_0_bw="0" op_1_bw="24" op_2_bw="0" op_3_bw="32" op_4_bw="32" op_5_bw="0" op_6_bw="32" op_7_bw="32" op_8_bw="0" op_9_bw="0" op_10_bw="0" op_11_bw="32" op_12_bw="32" op_13_bw="32" op_14_bw="32" op_15_bw="0" op_16_bw="0">
<![CDATA[
newFuncRoot:1 %specinterface_ln0 = specinterface void @_ssdm_op_SpecInterface, i24 %in_r, void @empty_10, i32 0, i32 0, void @empty_4, i32 0, i32 0, void @empty_4, void @empty_4, void @empty_4, i32 0, i32 0, i32 0, i32 0, void @empty_4, void @empty_4

]]></Node>
<StgValue><ssdm name="specinterface_ln0"/></StgValue>
</operation>

<operation id="7" st_id="1" stage="1" lat="1">
<core>NULL</core>
<MemPortIdVec></MemPortIdVec>
<condition id="-1">
<or_exp><and_exp></and_exp></or_exp>
</condition>

<Node id="5" bw="0" op_0_bw="10" op_1_bw="10">
<![CDATA[
newFuncRoot:2 %store_ln0 = store i10 0, i10 %z

]]></Node>
<StgValue><ssdm name="store_ln0"/></StgValue>
</operation>

<operation id="8" st_id="1" stage="1" lat="1">
<core>NULL</core>
<MemPortIdVec></MemPortIdVec>
<condition id="-1">
<or_exp><and_exp></and_exp></or_exp>
</condition>

<Node id="6" bw="0" op_0_bw="0">
<![CDATA[
newFuncRoot:3 %br_ln0 = br void

]]></Node>
<StgValue><ssdm name="br_ln0"/></StgValue>
</operation>

<operation id="9" st_id="1" stage="1" lat="1">
<core>NULL</core>
<MemPortIdVec></MemPortIdVec>
<condition id="-1">
<or_exp><and_exp></and_exp></or_exp>
</condition>

<Node id="8" bw="10" op_0_bw="10" op_1_bw="0">
<![CDATA[
:0 %z_1 = load i10 %z

]]></Node>
<StgValue><ssdm name="z_1"/></StgValue>
</operation>

<operation id="10" st_id="1" stage="1" lat="1">
<core>NULL</core>
<MemPortIdVec></MemPortIdVec>
<condition id="-1">
<or_exp><and_exp></and_exp></or_exp>
</condition>

<Node id="9" bw="0" op_0_bw="0" op_1_bw="32" op_2_bw="32" op_3_bw="32" op_4_bw="32" op_5_bw="0">
<![CDATA[
:1 %specpipeline_ln0 = specpipeline void @_ssdm_op_SpecPipeline, i32 4294967295, i32 0, i32 1, i32 0, void @p_str

]]></Node>
<StgValue><ssdm name="specpipeline_ln0"/></StgValue>
</operation>

<operation id="11" st_id="1" stage="1" lat="1">
<core>Cmp</core>
<MemPortIdVec></MemPortIdVec>
<condition id="-1">
<or_exp><and_exp></and_exp></or_exp>
</condition>

<Node id="10" bw="1" op_0_bw="10" op_1_bw="10">
<![CDATA[
:2 %icmp_ln132 = icmp_eq  i10 %z_1, i10 784

]]></Node>
<StgValue><ssdm name="icmp_ln132"/></StgValue>
</operation>

<operation id="12" st_id="1" stage="1" lat="1">
<core>NULL</core>
<MemPortIdVec></MemPortIdVec>
<condition id="-1">
<or_exp><and_exp></and_exp></or_exp>
</condition>

<Node id="11" bw="32" op_0_bw="32" op_1_bw="64" op_2_bw="64" op_3_bw="64">
<![CDATA[
:3 %empty = speclooptripcount i32 @_ssdm_op_SpecLoopTripCount, i64 784, i64 784, i64 784

]]></Node>
<StgValue><ssdm name="empty"/></StgValue>
</operation>

<operation id="13" st_id="1" stage="1" lat="1">
<core>Adder</core>
<MemPortIdVec></MemPortIdVec>
<condition id="-1">
<or_exp><and_exp></and_exp></or_exp>
</condition>

<Node id="12" bw="10" op_0_bw="10" op_1_bw="10">
<![CDATA[
:4 %add_ln138 = add i10 %z_1, i10 1

]]></Node>
<StgValue><ssdm name="add_ln138"/></StgValue>
</operation>

<operation id="14" st_id="1" stage="1" lat="1">
<core>NULL</core>
<MemPortIdVec></MemPortIdVec>
<condition id="-1">
<or_exp><and_exp></and_exp></or_exp>
</condition>

<Node id="13" bw="0" op_0_bw="1" op_1_bw="0" op_2_bw="0">
<![CDATA[
:5 %br_ln132 = br i1 %icmp_ln132, void %.split9, void %.preheader.preheader.preheader.exitStub

]]></Node>
<StgValue><ssdm name="br_ln132"/></StgValue>
</operation>

<operation id="15" st_id="1" stage="1" lat="1">
<core>NULL</core>
<MemPortIdVec></MemPortIdVec>
<condition id="-1">
<or_exp><and_exp><literal name="icmp_ln132" val="0"/>
</and_exp></or_exp>
</condition>

<Node id="20" bw="0" op_0_bw="10" op_1_bw="10" op_2_bw="0" op_3_bw="0">
<![CDATA[
.split9:5 %store_ln138 = store i10 %add_ln138, i10 %z

]]></Node>
<StgValue><ssdm name="store_ln138"/></StgValue>
</operation>

<operation id="22" st_id="1" stage="1" lat="1">
<core>NULL</core>
<MemPortIdVec></MemPortIdVec>
<condition id="-1">
<or_exp><and_exp><literal name="icmp_ln132" val="1"/>
</and_exp></or_exp>
</condition>

<Node id="23" bw="0">
<![CDATA[
.preheader.preheader.preheader.exitStub:0 %ret_ln0 = ret

]]></Node>
<StgValue><ssdm name="ret_ln0"/></StgValue>
</operation>
</state>

<state id="2" st_id="3">

<operation id="16" st_id="2" stage="1" lat="1">
<core>NULL</core>
<MemPortIdVec></MemPortIdVec>
<condition id="-1">
<or_exp><and_exp></and_exp></or_exp>
</condition>

<Node id="15" bw="64" op_0_bw="10">
<![CDATA[
.split9:0 %z_cast = zext i10 %z_1

]]></Node>
<StgValue><ssdm name="z_cast"/></StgValue>
</operation>

<operation id="17" st_id="2" stage="1" lat="1">
<core>NULL</core>
<MemPortIdVec></MemPortIdVec>
<condition id="-1">
<or_exp><and_exp></and_exp></or_exp>
</condition>

<Node id="16" bw="0" op_0_bw="0" op_1_bw="0">
<![CDATA[
.split9:1 %specloopname_ln112 = specloopname void @_ssdm_op_SpecLoopName, void @empty_1

]]></Node>
<StgValue><ssdm name="specloopname_ln112"/></StgValue>
</operation>

<operation id="18" st_id="2" stage="1" lat="1">
<core>NULL</core>
<MemPortIdVec></MemPortIdVec>
<condition id="-1">
<or_exp><and_exp></and_exp></or_exp>
</condition>

<Node id="17" bw="10" op_0_bw="24" op_1_bw="64" op_2_bw="64">
<![CDATA[
.split9:2 %conv_buff_V_addr = getelementptr i24 %conv_buff_V, i64 0, i64 %z_cast

]]></Node>
<StgValue><ssdm name="conv_buff_V_addr"/></StgValue>
</operation>

<operation id="19" st_id="2" stage="1" lat="1">
<core>FIFO</core>
<MemPortIdVec></MemPortIdVec>
<condition id="-1">
<or_exp><and_exp></and_exp></or_exp>
</condition>

<Node id="18" bw="24" op_0_bw="24" op_1_bw="24">
<![CDATA[
.split9:3 %in_r_read = read i24 @_ssdm_op_Read.ap_fifo.volatile.i24P0A, i24 %in_r

]]></Node>
<StgValue><ssdm name="in_r_read"/></StgValue>
</operation>

<operation id="20" st_id="2" stage="1" lat="1">
<core>RAM_1WnR</core>
<MemPortIdVec>0 </MemPortIdVec>
<condition id="-1">
<or_exp><and_exp></and_exp></or_exp>
</condition>

<Node id="19" bw="0" op_0_bw="24" op_1_bw="10">
<![CDATA[
.split9:4 %store_ln144 = store i24 %in_r_read, i10 %conv_buff_V_addr

]]></Node>
<StgValue><ssdm name="store_ln144"/></StgValue>
</operation>

<operation id="21" st_id="2" stage="1" lat="1">
<core>NULL</core>
<MemPortIdVec></MemPortIdVec>
<condition id="-1">
<or_exp><and_exp></and_exp></or_exp>
</condition>

<Node id="21" bw="0" op_0_bw="0">
<![CDATA[
.split9:6 %br_ln0 = br void

]]></Node>
<StgValue><ssdm name="br_ln0"/></StgValue>
</operation>
</state>
</state_list>


<ports>
<port id="32" name="conv_buff_V" dir="1" iftype="1">
<core>RAM_1WnR</core><StgValue><ssdm name="conv_buff_V"/><MemPortTyVec>0 3 3 3 3 3 3 3 3 3 3 3 3 3 3 3 3 </MemPortTyVec>
</StgValue>
</port>
<port id="33" name="in_r" dir="0" iftype="3">
<core>FIFO</core><StgValue><ssdm name="in_r"/></StgValue>
</port>
</ports>


<dataflows>
<dataflow id="35" from="StgValue_34" to="z" fromId="34" toId="5">
</dataflow>
<dataflow id="37" from="_ssdm_op_SpecInterface" to="specinterface_ln0" fromId="36" toId="6">
</dataflow>
<dataflow id="38" from="in_r" to="specinterface_ln0" fromId="33" toId="6">
</dataflow>
<dataflow id="40" from="empty_10" to="specinterface_ln0" fromId="39" toId="6">
</dataflow>
<dataflow id="42" from="StgValue_41" to="specinterface_ln0" fromId="41" toId="6">
</dataflow>
<dataflow id="43" from="StgValue_41" to="specinterface_ln0" fromId="41" toId="6">
</dataflow>
<dataflow id="45" from="empty_4" to="specinterface_ln0" fromId="44" toId="6">
</dataflow>
<dataflow id="46" from="StgValue_41" to="specinterface_ln0" fromId="41" toId="6">
</dataflow>
<dataflow id="47" from="StgValue_41" to="specinterface_ln0" fromId="41" toId="6">
</dataflow>
<dataflow id="48" from="empty_4" to="specinterface_ln0" fromId="44" toId="6">
</dataflow>
<dataflow id="49" from="empty_4" to="specinterface_ln0" fromId="44" toId="6">
</dataflow>
<dataflow id="50" from="empty_4" to="specinterface_ln0" fromId="44" toId="6">
</dataflow>
<dataflow id="51" from="StgValue_41" to="specinterface_ln0" fromId="41" toId="6">
</dataflow>
<dataflow id="52" from="StgValue_41" to="specinterface_ln0" fromId="41" toId="6">
</dataflow>
<dataflow id="53" from="StgValue_41" to="specinterface_ln0" fromId="41" toId="6">
</dataflow>
<dataflow id="54" from="StgValue_41" to="specinterface_ln0" fromId="41" toId="6">
</dataflow>
<dataflow id="55" from="empty_4" to="specinterface_ln0" fromId="44" toId="6">
</dataflow>
<dataflow id="56" from="empty_4" to="specinterface_ln0" fromId="44" toId="6">
</dataflow>
<dataflow id="58" from="StgValue_57" to="store_ln0" fromId="57" toId="7">
</dataflow>
<dataflow id="59" from="z" to="store_ln0" fromId="5" toId="7">
</dataflow>
<dataflow id="60" from="z" to="z_1" fromId="5" toId="9">
</dataflow>
<dataflow id="62" from="_ssdm_op_SpecPipeline" to="specpipeline_ln0" fromId="61" toId="10">
</dataflow>
<dataflow id="64" from="StgValue_63" to="specpipeline_ln0" fromId="63" toId="10">
</dataflow>
<dataflow id="65" from="StgValue_41" to="specpipeline_ln0" fromId="41" toId="10">
</dataflow>
<dataflow id="66" from="StgValue_34" to="specpipeline_ln0" fromId="34" toId="10">
</dataflow>
<dataflow id="67" from="StgValue_41" to="specpipeline_ln0" fromId="41" toId="10">
</dataflow>
<dataflow id="69" from="p_str" to="specpipeline_ln0" fromId="68" toId="10">
</dataflow>
<dataflow id="70" from="z_1" to="icmp_ln132" fromId="9" toId="11">
</dataflow>
<dataflow id="72" from="StgValue_71" to="icmp_ln132" fromId="71" toId="11">
</dataflow>
<dataflow id="74" from="_ssdm_op_SpecLoopTripCount" to="empty" fromId="73" toId="12">
</dataflow>
<dataflow id="76" from="StgValue_75" to="empty" fromId="75" toId="12">
</dataflow>
<dataflow id="77" from="StgValue_75" to="empty" fromId="75" toId="12">
</dataflow>
<dataflow id="78" from="StgValue_75" to="empty" fromId="75" toId="12">
</dataflow>
<dataflow id="79" from="z_1" to="add_ln138" fromId="9" toId="13">
</dataflow>
<dataflow id="81" from="StgValue_80" to="add_ln138" fromId="80" toId="13">
</dataflow>
<dataflow id="82" from="icmp_ln132" to="br_ln132" fromId="11" toId="14">
</dataflow>
<dataflow id="83" from="add_ln138" to="store_ln138" fromId="13" toId="15">
</dataflow>
<dataflow id="84" from="z" to="store_ln138" fromId="5" toId="15">
</dataflow>
<dataflow id="85" from="z_1" to="z_cast" fromId="9" toId="16">
</dataflow>
<dataflow id="87" from="_ssdm_op_SpecLoopName" to="specloopname_ln112" fromId="86" toId="17">
</dataflow>
<dataflow id="89" from="empty_1" to="specloopname_ln112" fromId="88" toId="17">
</dataflow>
<dataflow id="90" from="conv_buff_V" to="conv_buff_V_addr" fromId="32" toId="18">
</dataflow>
<dataflow id="92" from="StgValue_91" to="conv_buff_V_addr" fromId="91" toId="18">
</dataflow>
<dataflow id="93" from="z_cast" to="conv_buff_V_addr" fromId="16" toId="18">
</dataflow>
<dataflow id="95" from="_ssdm_op_Read.ap_fifo.volatile.i24P0A" to="in_r_read" fromId="94" toId="19">
</dataflow>
<dataflow id="96" from="in_r" to="in_r_read" fromId="33" toId="19">
</dataflow>
<dataflow id="97" from="in_r_read" to="store_ln144" fromId="19" toId="20">
</dataflow>
<dataflow id="98" from="conv_buff_V_addr" to="store_ln144" fromId="18" toId="20">
</dataflow>
<dataflow id="99" from="icmp_ln132" to="StgValue_2" fromId="11" toId="2">
</dataflow>
</dataflows>


</stg>
