<profile>

<section name = "Vitis HLS Report for 'exp_24_10_s'" level="0">
<item name = "Date">Wed May  4 11:56:08 2022
</item>
<item name = "Version">2021.2 (Build 3367213 on Tue Oct 19 02:47:39 MDT 2021)</item>
<item name = "Project">CNN-HLS</item>
<item name = "Solution">solution1 (Vivado IP Flow Target)</item>
<item name = "Product family">zynq</item>
<item name = "Target device">xa7z030-fbg484-1I</item>
</section>

<section name = "Performance Estimates" level="0">
<item name = "Timing">
<section name = "" level="1">
<item name = "Summary"><table name="" hasTotal="0">
<keys size="4">Clock, Target, Estimated, Uncertainty</keys>
<column name="ap_clk">10.00 ns, 7.188 ns, 2.70 ns</column>
</table>
</item>
</section>
</item>
<item name = "Latency">
<section name = "" level="1">
<item name = "Summary"><table name="" hasTotal="0">
<keys size="8">, min, max, min, max, min, max, Type</keys>
<column name="">14, 14, 0.140 us, 0.140 us, 1, 1, yes</column>
</table>
</item>
<item name = "Detail">
<section name = "" level="1">
<item name = "Instance"><table name="" hasTotal="0">
<keys size="9">Instance, Module, min, max, min, max, min, max, Type</keys>
</table>
</item>
<item name = "Loop"><table name="" hasTotal="0">
<keys size="8">Loop Name, min, max, Latency, achieved, target, Count, Pipelined</keys>
</table>
</item>
</section>
</item>
</section>
</item>
</section>

<section name = "Utilization Estimates" level="0">
<item name = "Summary"><table name="" hasTotal="1">
<keys size="6">Name, BRAM_18K, DSP, FF, LUT, URAM</keys>
<column name="DSP">-, -, -, -, -</column>
<column name="Expression">-, -, 0, 342, -</column>
<column name="FIFO">-, -, -, -, -</column>
<column name="Instance">-, 8, 680, 172, -</column>
<column name="Memory">5, -, 0, 0, -</column>
<column name="Multiplexer">-, -, -, -, -</column>
<column name="Register">-, -, 908, 256, -</column>
<specialColumn name="Available">530, 400, 157200, 78600, 0</specialColumn>
<specialColumn name="Utilization (%)">~0, 2, 1, ~0, 0</specialColumn>
</table>
</item>
<item name = "Detail">
<section name = "" level="1">
<item name = "Instance"><table name="" hasTotal="1">
<keys size="7">Instance, Module, BRAM_18K, DSP, FF, LUT, URAM</keys>
<column name="mul_50ns_47ns_97_5_1_U68">mul_50ns_47ns_97_5_1, 0, 4, 340, 86, 0</column>
<column name="mul_50ns_50ns_100_5_1_U69">mul_50ns_50ns_100_5_1, 0, 4, 340, 86, 0</column>
</table>
</item>
<item name = "DSP"><table name="" hasTotal="0">
<keys size="3">Instance, Module, Expression</keys>
</table>
</item>
<item name = "Memory"><table name="" hasTotal="1">
<keys size="10">Memory, Module, BRAM_18K, FF, LUT, URAM, Words, Bits, Banks, W*Bits*Banks</keys>
<column name="exp_x_msb_1_table_V_U">exp_24_10_s_exp_x_msb_1_table_V_ROM_AUTO_1R, 2, 0, 0, 0, 256, 50, 1, 12800</column>
<column name="f_x_msb_2_table_V_U">exp_24_10_s_f_x_msb_2_table_V_ROM_AUTO_1R, 2, 0, 0, 0, 256, 46, 1, 11776</column>
<column name="f_x_msb_3_table_V_U">exp_24_10_s_f_x_msb_3_table_V_ROM_AUTO_1R, 1, 0, 0, 0, 32, 32, 1, 1024</column>
</table>
</item>
<item name = "FIFO"><table name="" hasTotal="1">
<keys size="8">Name, BRAM_18K, FF, LUT, URAM, Depth, Bits, Size:D*B</keys>
</table>
</item>
<item name = "Expression"><table name="" hasTotal="1">
<keys size="7">Variable Name, Operation, DSP, FF, LUT, Bitwidth P0, Bitwidth P1</keys>
<column name="add_ln1245_fu_465_p2">+, 0, 0, 55, 48, 48</column>
<column name="ret_V_15_fu_390_p2">+, 0, 0, 14, 9, 9</column>
<column name="ret_V_fu_475_p2">+, 0, 0, 63, 56, 56</column>
<column name="y_l_V_fu_529_p2">+, 0, 0, 57, 50, 50</column>
<column name="and_ln300_fu_301_p2">and, 0, 0, 2, 1, 1</column>
<column name="icmp_ln1549_fu_295_p2">icmp, 0, 0, 15, 23, 20</column>
<column name="icmp_ln1551_fu_289_p2">icmp, 0, 0, 9, 5, 4</column>
<column name="overf_1_fu_566_p2">icmp, 0, 0, 8, 2, 1</column>
<column name="or_ln300_1_fu_355_p2">or, 0, 0, 2, 1, 1</column>
<column name="or_ln300_2_fu_361_p2">or, 0, 0, 2, 1, 1</column>
<column name="or_ln300_3_fu_367_p2">or, 0, 0, 2, 1, 1</column>
<column name="or_ln300_4_fu_544_p2">or, 0, 0, 2, 1, 1</column>
<column name="or_ln300_fu_349_p2">or, 0, 0, 2, 1, 1</column>
<column name="or_ln533_10_fu_728_p2">or, 0, 0, 2, 1, 1</column>
<column name="or_ln533_1_fu_674_p2">or, 0, 0, 2, 1, 1</column>
<column name="or_ln533_2_fu_680_p2">or, 0, 0, 2, 1, 1</column>
<column name="or_ln533_3_fu_686_p2">or, 0, 0, 2, 1, 1</column>
<column name="or_ln533_4_fu_692_p2">or, 0, 0, 2, 1, 1</column>
<column name="or_ln533_5_fu_698_p2">or, 0, 0, 2, 1, 1</column>
<column name="or_ln533_6_fu_704_p2">or, 0, 0, 2, 1, 1</column>
<column name="or_ln533_7_fu_710_p2">or, 0, 0, 2, 1, 1</column>
<column name="or_ln533_8_fu_716_p2">or, 0, 0, 2, 1, 1</column>
<column name="or_ln533_9_fu_722_p2">or, 0, 0, 2, 1, 1</column>
<column name="or_ln533_fu_668_p2">or, 0, 0, 2, 1, 1</column>
<column name="overf_2_fu_734_p2">or, 0, 0, 2, 1, 1</column>
<column name="ap_return">select, 0, 0, 23, 1, 2</column>
<column name="p_Val2_37_fu_548_p3">select, 0, 0, 46, 1, 46</column>
<column name="select_ln640_fu_518_p3">select, 0, 0, 2, 1, 2</column>
<column name="ap_enable_pp0">xor, 0, 0, 2, 1, 2</column>
<column name="overf_fu_227_p2">xor, 0, 0, 2, 1, 1</column>
<column name="xor_ln222_2_fu_241_p2">xor, 0, 0, 2, 1, 1</column>
<column name="xor_ln222_3_fu_255_p2">xor, 0, 0, 2, 1, 1</column>
<column name="xor_ln222_4_fu_269_p2">xor, 0, 0, 2, 1, 1</column>
<column name="xor_ln222_fu_283_p2">xor, 0, 0, 2, 1, 1</column>
<column name="xor_ln288_fu_513_p2">xor, 0, 0, 2, 1, 2</column>
</table>
</item>
<item name = "Multiplexer"><table name="" hasTotal="1">
<keys size="5">Name, LUT, Input Size, Bits, Total Bits</keys>
</table>
</item>
<item name = "Register"><table name="" hasTotal="1">
<keys size="5">Name, FF, LUT, Bits, Const Bits</keys>
<column name="ap_CS_fsm">1, 0, 1, 0</column>
<column name="ap_enable_reg_pp0_iter1">1, 0, 1, 0</column>
<column name="ap_enable_reg_pp0_iter10">1, 0, 1, 0</column>
<column name="ap_enable_reg_pp0_iter11">1, 0, 1, 0</column>
<column name="ap_enable_reg_pp0_iter12">1, 0, 1, 0</column>
<column name="ap_enable_reg_pp0_iter13">1, 0, 1, 0</column>
<column name="ap_enable_reg_pp0_iter14">1, 0, 1, 0</column>
<column name="ap_enable_reg_pp0_iter2">1, 0, 1, 0</column>
<column name="ap_enable_reg_pp0_iter3">1, 0, 1, 0</column>
<column name="ap_enable_reg_pp0_iter4">1, 0, 1, 0</column>
<column name="ap_enable_reg_pp0_iter5">1, 0, 1, 0</column>
<column name="ap_enable_reg_pp0_iter6">1, 0, 1, 0</column>
<column name="ap_enable_reg_pp0_iter7">1, 0, 1, 0</column>
<column name="ap_enable_reg_pp0_iter8">1, 0, 1, 0</column>
<column name="ap_enable_reg_pp0_iter9">1, 0, 1, 0</column>
<column name="exp_x_msb_1_V_reg_844">50, 0, 50, 0</column>
<column name="exp_x_msb_2_3_4_lsb_m_1_V_reg_839">50, 0, 50, 0</column>
<column name="f_x_msb_3_V_reg_797">32, 0, 32, 0</column>
<column name="or_ln300_1_reg_787">1, 0, 1, 0</column>
<column name="or_ln300_3_reg_792">1, 0, 1, 0</column>
<column name="overf_2_reg_870">1, 0, 1, 0</column>
<column name="p_Result_s_reg_762">7, 0, 7, 0</column>
<column name="p_Val2_37_reg_865">46, 0, 46, 0</column>
<column name="ret_V_15_reg_802">9, 0, 9, 0</column>
<column name="rhs_2_reg_814">35, 0, 47, 12</column>
<column name="tmp_107_reg_767">8, 0, 8, 0</column>
<column name="tmp_reg_756">1, 0, 1, 0</column>
<column name="trunc_ln640_1_reg_772">3, 0, 3, 0</column>
<column name="trunc_ln640_1_reg_772_pp0_iter1_reg">3, 0, 3, 0</column>
<column name="trunc_ln640_2_reg_808">41, 0, 41, 0</column>
<column name="trunc_ln712_1_reg_860">48, 0, 48, 0</column>
<column name="trunc_ln9_reg_829">45, 0, 45, 0</column>
<column name="exp_x_msb_1_V_reg_844">64, 32, 50, 0</column>
<column name="or_ln300_1_reg_787">64, 32, 1, 0</column>
<column name="or_ln300_3_reg_792">64, 32, 1, 0</column>
<column name="p_Result_s_reg_762">64, 32, 7, 0</column>
<column name="ret_V_15_reg_802">64, 32, 9, 0</column>
<column name="rhs_2_reg_814">64, 32, 47, 12</column>
<column name="tmp_reg_756">64, 32, 1, 0</column>
<column name="trunc_ln640_2_reg_808">64, 32, 41, 0</column>
</table>
</item>
</section>
</item>
</section>

<section name = "Interface" level="0">
<item name = "Summary"><table name="" hasTotal="0">
<keys size="6">RTL Ports, Dir, Bits, Protocol, Source Object, C Type</keys>
<column name="ap_clk">in, 1, ap_ctrl_hs, exp&lt;24, 10&gt;, return value</column>
<column name="ap_rst">in, 1, ap_ctrl_hs, exp&lt;24, 10&gt;, return value</column>
<column name="ap_start">in, 1, ap_ctrl_hs, exp&lt;24, 10&gt;, return value</column>
<column name="ap_done">out, 1, ap_ctrl_hs, exp&lt;24, 10&gt;, return value</column>
<column name="ap_idle">out, 1, ap_ctrl_hs, exp&lt;24, 10&gt;, return value</column>
<column name="ap_ready">out, 1, ap_ctrl_hs, exp&lt;24, 10&gt;, return value</column>
<column name="ap_return">out, 23, ap_ctrl_hs, exp&lt;24, 10&gt;, return value</column>
<column name="x">in, 24, ap_none, x, scalar</column>
</table>
</item>
</section>
</profile>
