<stg><name>exp<24, 10></name>


<trans_list>

<trans id="137" from="1" to="2">
<condition id="-1">
<or_exp><and_exp></and_exp></or_exp>
</condition>
</trans>

<trans id="138" from="2" to="3">
<condition id="-1">
<or_exp><and_exp></and_exp></or_exp>
</condition>
</trans>

<trans id="139" from="3" to="4">
<condition id="-1">
<or_exp><and_exp></and_exp></or_exp>
</condition>
</trans>

<trans id="140" from="4" to="5">
<condition id="-1">
<or_exp><and_exp></and_exp></or_exp>
</condition>
</trans>

<trans id="141" from="5" to="6">
<condition id="-1">
<or_exp><and_exp></and_exp></or_exp>
</condition>
</trans>

<trans id="142" from="6" to="7">
<condition id="-1">
<or_exp><and_exp></and_exp></or_exp>
</condition>
</trans>

<trans id="143" from="7" to="8">
<condition id="-1">
<or_exp><and_exp></and_exp></or_exp>
</condition>
</trans>

<trans id="144" from="8" to="9">
<condition id="-1">
<or_exp><and_exp></and_exp></or_exp>
</condition>
</trans>

<trans id="145" from="9" to="10">
<condition id="-1">
<or_exp><and_exp></and_exp></or_exp>
</condition>
</trans>

<trans id="146" from="10" to="11">
<condition id="-1">
<or_exp><and_exp></and_exp></or_exp>
</condition>
</trans>

<trans id="147" from="11" to="12">
<condition id="-1">
<or_exp><and_exp></and_exp></or_exp>
</condition>
</trans>

<trans id="148" from="12" to="13">
<condition id="-1">
<or_exp><and_exp></and_exp></or_exp>
</condition>
</trans>

<trans id="149" from="13" to="14">
<condition id="-1">
<or_exp><and_exp></and_exp></or_exp>
</condition>
</trans>

<trans id="150" from="14" to="15">
<condition id="-1">
<or_exp><and_exp></and_exp></or_exp>
</condition>
</trans>
</trans_list>



<state_list>

<state id="1" st_id="1">

<operation id="16" st_id="1" stage="1" lat="1">
<core>NULL</core>
<MemPortIdVec></MemPortIdVec>
<condition id="-1">
<or_exp><and_exp></and_exp></or_exp>
</condition>

<Node id="6" bw="24" op_0_bw="24" op_1_bw="24">
<![CDATA[
_ZN8ap_fixedILi47ELi24EL9ap_q_mode5EL9ap_o_mode3ELi0EEC2ILi24ELi10ELb1ELS0_5ELS1_3ELi0EEERK13ap_fixed_baseIXT_EXT0_EXT1_EXT2_EXT3_EXT4_EE.exit_ifconv:1 %x_read = read i24 @_ssdm_op_Read.ap_auto.i24, i24 %x

]]></Node>
<StgValue><ssdm name="x_read"/></StgValue>
</operation>

<operation id="17" st_id="1" stage="1" lat="1">
<core>NULL</core>
<MemPortIdVec></MemPortIdVec>
<condition id="-1">
<or_exp><and_exp></and_exp></or_exp>
</condition>

<Node id="7" bw="5" op_0_bw="5" op_1_bw="24" op_2_bw="32" op_3_bw="32">
<![CDATA[
_ZN8ap_fixedILi47ELi24EL9ap_q_mode5EL9ap_o_mode3ELi0EEC2ILi24ELi10ELb1ELS0_5ELS1_3ELi0EEERK13ap_fixed_baseIXT_EXT0_EXT1_EXT2_EXT3_EXT4_EE.exit_ifconv:2 %p_Result_24 = partselect i5 @_ssdm_op_PartSelect.i5.i24.i32.i32, i24 %x_read, i32 14, i32 18

]]></Node>
<StgValue><ssdm name="p_Result_24"/></StgValue>
</operation>

<operation id="18" st_id="1" stage="1" lat="1">
<core>NULL</core>
<MemPortIdVec></MemPortIdVec>
<condition id="-1">
<or_exp><and_exp></and_exp></or_exp>
</condition>

<Node id="8" bw="14" op_0_bw="24">
<![CDATA[
_ZN8ap_fixedILi47ELi24EL9ap_q_mode5EL9ap_o_mode3ELi0EEC2ILi24ELi10ELb1ELS0_5ELS1_3ELi0EEERK13ap_fixed_baseIXT_EXT0_EXT1_EXT2_EXT3_EXT4_EE.exit_ifconv:3 %trunc_ln640 = trunc i24 %x_read

]]></Node>
<StgValue><ssdm name="trunc_ln640"/></StgValue>
</operation>

<operation id="19" st_id="1" stage="1" lat="1">
<core>NULL</core>
<MemPortIdVec></MemPortIdVec>
<condition id="-1">
<or_exp><and_exp></and_exp></or_exp>
</condition>

<Node id="9" bw="23" op_0_bw="23" op_1_bw="14" op_2_bw="9">
<![CDATA[
_ZN8ap_fixedILi47ELi24EL9ap_q_mode5EL9ap_o_mode3ELi0EEC2ILi24ELi10ELb1ELS0_5ELS1_3ELi0EEERK13ap_fixed_baseIXT_EXT0_EXT1_EXT2_EXT3_EXT4_EE.exit_ifconv:4 %p_Result_25 = bitconcatenate i23 @_ssdm_op_BitConcatenate.i23.i14.i9, i14 %trunc_ln640, i9 0

]]></Node>
<StgValue><ssdm name="p_Result_25"/></StgValue>
</operation>

<operation id="20" st_id="1" stage="1" lat="1">
<core>NULL</core>
<MemPortIdVec></MemPortIdVec>
<condition id="-1">
<or_exp><and_exp></and_exp></or_exp>
</condition>

<Node id="10" bw="1" op_0_bw="1" op_1_bw="24" op_2_bw="32">
<![CDATA[
_ZN8ap_fixedILi47ELi24EL9ap_q_mode5EL9ap_o_mode3ELi0EEC2ILi24ELi10ELb1ELS0_5ELS1_3ELi0EEERK13ap_fixed_baseIXT_EXT0_EXT1_EXT2_EXT3_EXT4_EE.exit_ifconv:5 %tmp = bitselect i1 @_ssdm_op_BitSelect.i1.i24.i32, i24 %x_read, i32 23

]]></Node>
<StgValue><ssdm name="tmp"/></StgValue>
</operation>

<operation id="21" st_id="1" stage="1" lat="1">
<core>NULL</core>
<MemPortIdVec></MemPortIdVec>
<condition id="-1">
<or_exp><and_exp></and_exp></or_exp>
</condition>

<Node id="11" bw="1" op_0_bw="1" op_1_bw="24" op_2_bw="32">
<![CDATA[
_ZN8ap_fixedILi47ELi24EL9ap_q_mode5EL9ap_o_mode3ELi0EEC2ILi24ELi10ELb1ELS0_5ELS1_3ELi0EEERK13ap_fixed_baseIXT_EXT0_EXT1_EXT2_EXT3_EXT4_EE.exit_ifconv:6 %tmp_87 = bitselect i1 @_ssdm_op_BitSelect.i1.i24.i32, i24 %x_read, i32 18

]]></Node>
<StgValue><ssdm name="tmp_87"/></StgValue>
</operation>

<operation id="22" st_id="1" stage="1" lat="1">
<core>LogicGate</core>
<MemPortIdVec></MemPortIdVec>
<condition id="-1">
<or_exp><and_exp></and_exp></or_exp>
</condition>

<Node id="12" bw="1" op_0_bw="1" op_1_bw="1">
<![CDATA[
_ZN8ap_fixedILi47ELi24EL9ap_q_mode5EL9ap_o_mode3ELi0EEC2ILi24ELi10ELb1ELS0_5ELS1_3ELi0EEERK13ap_fixed_baseIXT_EXT0_EXT1_EXT2_EXT3_EXT4_EE.exit_ifconv:7 %overf = xor i1 %tmp, i1 %tmp_87

]]></Node>
<StgValue><ssdm name="overf"/></StgValue>
</operation>

<operation id="23" st_id="1" stage="1" lat="1">
<core>NULL</core>
<MemPortIdVec></MemPortIdVec>
<condition id="-1">
<or_exp><and_exp></and_exp></or_exp>
</condition>

<Node id="13" bw="1" op_0_bw="1" op_1_bw="24" op_2_bw="32">
<![CDATA[
_ZN8ap_fixedILi47ELi24EL9ap_q_mode5EL9ap_o_mode3ELi0EEC2ILi24ELi10ELb1ELS0_5ELS1_3ELi0EEERK13ap_fixed_baseIXT_EXT0_EXT1_EXT2_EXT3_EXT4_EE.exit_ifconv:8 %tmp_88 = bitselect i1 @_ssdm_op_BitSelect.i1.i24.i32, i24 %x_read, i32 19

]]></Node>
<StgValue><ssdm name="tmp_88"/></StgValue>
</operation>

<operation id="24" st_id="1" stage="1" lat="1">
<core>LogicGate</core>
<MemPortIdVec></MemPortIdVec>
<condition id="-1">
<or_exp><and_exp></and_exp></or_exp>
</condition>

<Node id="14" bw="1" op_0_bw="1" op_1_bw="1">
<![CDATA[
_ZN8ap_fixedILi47ELi24EL9ap_q_mode5EL9ap_o_mode3ELi0EEC2ILi24ELi10ELb1ELS0_5ELS1_3ELi0EEERK13ap_fixed_baseIXT_EXT0_EXT1_EXT2_EXT3_EXT4_EE.exit_ifconv:9 %xor_ln222_2 = xor i1 %tmp, i1 %tmp_88

]]></Node>
<StgValue><ssdm name="xor_ln222_2"/></StgValue>
</operation>

<operation id="25" st_id="1" stage="1" lat="1">
<core>NULL</core>
<MemPortIdVec></MemPortIdVec>
<condition id="-1">
<or_exp><and_exp></and_exp></or_exp>
</condition>

<Node id="15" bw="1" op_0_bw="1" op_1_bw="24" op_2_bw="32">
<![CDATA[
_ZN8ap_fixedILi47ELi24EL9ap_q_mode5EL9ap_o_mode3ELi0EEC2ILi24ELi10ELb1ELS0_5ELS1_3ELi0EEERK13ap_fixed_baseIXT_EXT0_EXT1_EXT2_EXT3_EXT4_EE.exit_ifconv:10 %tmp_89 = bitselect i1 @_ssdm_op_BitSelect.i1.i24.i32, i24 %x_read, i32 20

]]></Node>
<StgValue><ssdm name="tmp_89"/></StgValue>
</operation>

<operation id="26" st_id="1" stage="1" lat="1">
<core>LogicGate</core>
<MemPortIdVec></MemPortIdVec>
<condition id="-1">
<or_exp><and_exp></and_exp></or_exp>
</condition>

<Node id="16" bw="1" op_0_bw="1" op_1_bw="1">
<![CDATA[
_ZN8ap_fixedILi47ELi24EL9ap_q_mode5EL9ap_o_mode3ELi0EEC2ILi24ELi10ELb1ELS0_5ELS1_3ELi0EEERK13ap_fixed_baseIXT_EXT0_EXT1_EXT2_EXT3_EXT4_EE.exit_ifconv:11 %xor_ln222_3 = xor i1 %tmp, i1 %tmp_89

]]></Node>
<StgValue><ssdm name="xor_ln222_3"/></StgValue>
</operation>

<operation id="27" st_id="1" stage="1" lat="1">
<core>NULL</core>
<MemPortIdVec></MemPortIdVec>
<condition id="-1">
<or_exp><and_exp></and_exp></or_exp>
</condition>

<Node id="17" bw="1" op_0_bw="1" op_1_bw="24" op_2_bw="32">
<![CDATA[
_ZN8ap_fixedILi47ELi24EL9ap_q_mode5EL9ap_o_mode3ELi0EEC2ILi24ELi10ELb1ELS0_5ELS1_3ELi0EEERK13ap_fixed_baseIXT_EXT0_EXT1_EXT2_EXT3_EXT4_EE.exit_ifconv:12 %tmp_90 = bitselect i1 @_ssdm_op_BitSelect.i1.i24.i32, i24 %x_read, i32 21

]]></Node>
<StgValue><ssdm name="tmp_90"/></StgValue>
</operation>

<operation id="28" st_id="1" stage="1" lat="1">
<core>LogicGate</core>
<MemPortIdVec></MemPortIdVec>
<condition id="-1">
<or_exp><and_exp></and_exp></or_exp>
</condition>

<Node id="18" bw="1" op_0_bw="1" op_1_bw="1">
<![CDATA[
_ZN8ap_fixedILi47ELi24EL9ap_q_mode5EL9ap_o_mode3ELi0EEC2ILi24ELi10ELb1ELS0_5ELS1_3ELi0EEERK13ap_fixed_baseIXT_EXT0_EXT1_EXT2_EXT3_EXT4_EE.exit_ifconv:13 %xor_ln222_4 = xor i1 %tmp, i1 %tmp_90

]]></Node>
<StgValue><ssdm name="xor_ln222_4"/></StgValue>
</operation>

<operation id="29" st_id="1" stage="1" lat="1">
<core>NULL</core>
<MemPortIdVec></MemPortIdVec>
<condition id="-1">
<or_exp><and_exp></and_exp></or_exp>
</condition>

<Node id="19" bw="1" op_0_bw="1" op_1_bw="24" op_2_bw="32">
<![CDATA[
_ZN8ap_fixedILi47ELi24EL9ap_q_mode5EL9ap_o_mode3ELi0EEC2ILi24ELi10ELb1ELS0_5ELS1_3ELi0EEERK13ap_fixed_baseIXT_EXT0_EXT1_EXT2_EXT3_EXT4_EE.exit_ifconv:14 %tmp_91 = bitselect i1 @_ssdm_op_BitSelect.i1.i24.i32, i24 %x_read, i32 22

]]></Node>
<StgValue><ssdm name="tmp_91"/></StgValue>
</operation>

<operation id="30" st_id="1" stage="1" lat="1">
<core>LogicGate</core>
<MemPortIdVec></MemPortIdVec>
<condition id="-1">
<or_exp><and_exp></and_exp></or_exp>
</condition>

<Node id="20" bw="1" op_0_bw="1" op_1_bw="1">
<![CDATA[
_ZN8ap_fixedILi47ELi24EL9ap_q_mode5EL9ap_o_mode3ELi0EEC2ILi24ELi10ELb1ELS0_5ELS1_3ELi0EEERK13ap_fixed_baseIXT_EXT0_EXT1_EXT2_EXT3_EXT4_EE.exit_ifconv:15 %xor_ln222 = xor i1 %tmp, i1 %tmp_91

]]></Node>
<StgValue><ssdm name="xor_ln222"/></StgValue>
</operation>

<operation id="31" st_id="1" stage="1" lat="1">
<core>Cmp</core>
<MemPortIdVec></MemPortIdVec>
<condition id="-1">
<or_exp><and_exp></and_exp></or_exp>
</condition>

<Node id="21" bw="1" op_0_bw="5" op_1_bw="5">
<![CDATA[
_ZN8ap_fixedILi47ELi24EL9ap_q_mode5EL9ap_o_mode3ELi0EEC2ILi24ELi10ELb1ELS0_5ELS1_3ELi0EEERK13ap_fixed_baseIXT_EXT0_EXT1_EXT2_EXT3_EXT4_EE.exit_ifconv:16 %icmp_ln1551 = icmp_eq  i5 %p_Result_24, i5 15

]]></Node>
<StgValue><ssdm name="icmp_ln1551"/></StgValue>
</operation>

<operation id="32" st_id="1" stage="1" lat="1">
<core>Cmp</core>
<MemPortIdVec></MemPortIdVec>
<condition id="-1">
<or_exp><and_exp></and_exp></or_exp>
</condition>

<Node id="22" bw="1" op_0_bw="23" op_1_bw="23">
<![CDATA[
_ZN8ap_fixedILi47ELi24EL9ap_q_mode5EL9ap_o_mode3ELi0EEC2ILi24ELi10ELb1ELS0_5ELS1_3ELi0EEERK13ap_fixed_baseIXT_EXT0_EXT1_EXT2_EXT3_EXT4_EE.exit_ifconv:17 %icmp_ln1549 = icmp_ugt  i23 %p_Result_25, i23 7905299

]]></Node>
<StgValue><ssdm name="icmp_ln1549"/></StgValue>
</operation>

<operation id="33" st_id="1" stage="1" lat="1">
<core>LogicGate</core>
<MemPortIdVec></MemPortIdVec>
<condition id="-1">
<or_exp><and_exp></and_exp></or_exp>
</condition>

<Node id="23" bw="1" op_0_bw="1" op_1_bw="1">
<![CDATA[
_ZN8ap_fixedILi47ELi24EL9ap_q_mode5EL9ap_o_mode3ELi0EEC2ILi24ELi10ELb1ELS0_5ELS1_3ELi0EEERK13ap_fixed_baseIXT_EXT0_EXT1_EXT2_EXT3_EXT4_EE.exit_ifconv:18 %and_ln300 = and i1 %icmp_ln1551, i1 %icmp_ln1549

]]></Node>
<StgValue><ssdm name="and_ln300"/></StgValue>
</operation>

<operation id="34" st_id="1" stage="1" lat="1">
<core>NULL</core>
<MemPortIdVec></MemPortIdVec>
<condition id="-1">
<or_exp><and_exp></and_exp></or_exp>
</condition>

<Node id="26" bw="7" op_0_bw="7" op_1_bw="24" op_2_bw="32" op_3_bw="32">
<![CDATA[
_ZN8ap_fixedILi47ELi24EL9ap_q_mode5EL9ap_o_mode3ELi0EEC2ILi24ELi10ELb1ELS0_5ELS1_3ELi0EEERK13ap_fixed_baseIXT_EXT0_EXT1_EXT2_EXT3_EXT4_EE.exit_ifconv:21 %p_Result_s = partselect i7 @_ssdm_op_PartSelect.i7.i24.i32.i32, i24 %x_read, i32 11, i32 17

]]></Node>
<StgValue><ssdm name="p_Result_s"/></StgValue>
</operation>

<operation id="35" st_id="1" stage="1" lat="1">
<core>NULL</core>
<MemPortIdVec></MemPortIdVec>
<condition id="-1">
<or_exp><and_exp></and_exp></or_exp>
</condition>

<Node id="28" bw="8" op_0_bw="8" op_1_bw="24" op_2_bw="32" op_3_bw="32">
<![CDATA[
_ZN8ap_fixedILi47ELi24EL9ap_q_mode5EL9ap_o_mode3ELi0EEC2ILi24ELi10ELb1ELS0_5ELS1_3ELi0EEERK13ap_fixed_baseIXT_EXT0_EXT1_EXT2_EXT3_EXT4_EE.exit_ifconv:23 %tmp_107 = partselect i8 @_ssdm_op_PartSelect.i8.i24.i32.i32, i24 %x_read, i32 3, i32 10

]]></Node>
<StgValue><ssdm name="tmp_107"/></StgValue>
</operation>

<operation id="36" st_id="1" stage="1" lat="1">
<core>NULL</core>
<MemPortIdVec></MemPortIdVec>
<condition id="-1">
<or_exp><and_exp></and_exp></or_exp>
</condition>

<Node id="29" bw="3" op_0_bw="24">
<![CDATA[
_ZN8ap_fixedILi47ELi24EL9ap_q_mode5EL9ap_o_mode3ELi0EEC2ILi24ELi10ELb1ELS0_5ELS1_3ELi0EEERK13ap_fixed_baseIXT_EXT0_EXT1_EXT2_EXT3_EXT4_EE.exit_ifconv:24 %trunc_ln640_1 = trunc i24 %x_read

]]></Node>
<StgValue><ssdm name="trunc_ln640_1"/></StgValue>
</operation>

<operation id="37" st_id="1" stage="1" lat="1">
<core>NULL</core>
<MemPortIdVec></MemPortIdVec>
<condition id="-1">
<or_exp><and_exp></and_exp></or_exp>
</condition>

<Node id="30" bw="5" op_0_bw="5" op_1_bw="3" op_2_bw="2">
<![CDATA[
_ZN8ap_fixedILi47ELi24EL9ap_q_mode5EL9ap_o_mode3ELi0EEC2ILi24ELi10ELb1ELS0_5ELS1_3ELi0EEERK13ap_fixed_baseIXT_EXT0_EXT1_EXT2_EXT3_EXT4_EE.exit_ifconv:25 %tmp_108 = bitconcatenate i5 @_ssdm_op_BitConcatenate.i5.i3.i2, i3 %trunc_ln640_1, i2 0

]]></Node>
<StgValue><ssdm name="tmp_108"/></StgValue>
</operation>

<operation id="38" st_id="1" stage="1" lat="1">
<core>NULL</core>
<MemPortIdVec></MemPortIdVec>
<condition id="-1">
<or_exp><and_exp></and_exp></or_exp>
</condition>

<Node id="31" bw="64" op_0_bw="5">
<![CDATA[
_ZN8ap_fixedILi47ELi24EL9ap_q_mode5EL9ap_o_mode3ELi0EEC2ILi24ELi10ELb1ELS0_5ELS1_3ELi0EEERK13ap_fixed_baseIXT_EXT0_EXT1_EXT2_EXT3_EXT4_EE.exit_ifconv:26 %zext_ln587 = zext i5 %tmp_108

]]></Node>
<StgValue><ssdm name="zext_ln587"/></StgValue>
</operation>

<operation id="39" st_id="1" stage="1" lat="1">
<core>NULL</core>
<MemPortIdVec></MemPortIdVec>
<condition id="-1">
<or_exp><and_exp></and_exp></or_exp>
</condition>

<Node id="32" bw="5" op_0_bw="32" op_1_bw="64" op_2_bw="64">
<![CDATA[
_ZN8ap_fixedILi47ELi24EL9ap_q_mode5EL9ap_o_mode3ELi0EEC2ILi24ELi10ELb1ELS0_5ELS1_3ELi0EEERK13ap_fixed_baseIXT_EXT0_EXT1_EXT2_EXT3_EXT4_EE.exit_ifconv:27 %f_x_msb_3_table_V_addr = getelementptr i32 %f_x_msb_3_table_V, i64 0, i64 %zext_ln587

]]></Node>
<StgValue><ssdm name="f_x_msb_3_table_V_addr"/></StgValue>
</operation>

<operation id="40" st_id="1" stage="2" lat="2">
<core>ROM</core>
<MemPortIdVec>0 </MemPortIdVec>
<condition id="-1">
<or_exp><and_exp></and_exp></or_exp>
</condition>

<Node id="33" bw="32" op_0_bw="5">
<![CDATA[
_ZN8ap_fixedILi47ELi24EL9ap_q_mode5EL9ap_o_mode3ELi0EEC2ILi24ELi10ELb1ELS0_5ELS1_3ELi0EEERK13ap_fixed_baseIXT_EXT0_EXT1_EXT2_EXT3_EXT4_EE.exit_ifconv:28 %f_x_msb_3_V = load i5 %f_x_msb_3_table_V_addr

]]></Node>
<StgValue><ssdm name="f_x_msb_3_V"/></StgValue>
</operation>

<operation id="41" st_id="1" stage="1" lat="1">
<core>NULL</core>
<MemPortIdVec></MemPortIdVec>
<condition id="-1">
<or_exp><and_exp></and_exp></or_exp>
</condition>

<Node id="35" bw="64" op_0_bw="8">
<![CDATA[
_ZN8ap_fixedILi47ELi24EL9ap_q_mode5EL9ap_o_mode3ELi0EEC2ILi24ELi10ELb1ELS0_5ELS1_3ELi0EEERK13ap_fixed_baseIXT_EXT0_EXT1_EXT2_EXT3_EXT4_EE.exit_ifconv:30 %zext_ln587_2 = zext i8 %tmp_107

]]></Node>
<StgValue><ssdm name="zext_ln587_2"/></StgValue>
</operation>

<operation id="42" st_id="1" stage="1" lat="1">
<core>NULL</core>
<MemPortIdVec></MemPortIdVec>
<condition id="-1">
<or_exp><and_exp></and_exp></or_exp>
</condition>

<Node id="36" bw="8" op_0_bw="46" op_1_bw="64" op_2_bw="64">
<![CDATA[
_ZN8ap_fixedILi47ELi24EL9ap_q_mode5EL9ap_o_mode3ELi0EEC2ILi24ELi10ELb1ELS0_5ELS1_3ELi0EEERK13ap_fixed_baseIXT_EXT0_EXT1_EXT2_EXT3_EXT4_EE.exit_ifconv:31 %f_x_msb_2_table_V_addr = getelementptr i46 %f_x_msb_2_table_V, i64 0, i64 %zext_ln587_2

]]></Node>
<StgValue><ssdm name="f_x_msb_2_table_V_addr"/></StgValue>
</operation>

<operation id="43" st_id="1" stage="2" lat="2">
<core>ROM</core>
<MemPortIdVec>0 </MemPortIdVec>
<condition id="-1">
<or_exp><and_exp></and_exp></or_exp>
</condition>

<Node id="37" bw="46" op_0_bw="8">
<![CDATA[
_ZN8ap_fixedILi47ELi24EL9ap_q_mode5EL9ap_o_mode3ELi0EEC2ILi24ELi10ELb1ELS0_5ELS1_3ELi0EEERK13ap_fixed_baseIXT_EXT0_EXT1_EXT2_EXT3_EXT4_EE.exit_ifconv:32 %f_x_msb_2_V = load i8 %f_x_msb_2_table_V_addr

]]></Node>
<StgValue><ssdm name="f_x_msb_2_V"/></StgValue>
</operation>

<operation id="44" st_id="1" stage="1" lat="1">
<core>LogicGate</core>
<MemPortIdVec></MemPortIdVec>
<condition id="-1">
<or_exp><and_exp></and_exp></or_exp>
</condition>

<Node id="65" bw="1" op_0_bw="1" op_1_bw="1">
<![CDATA[
_ZN8ap_fixedILi47ELi24EL9ap_q_mode5EL9ap_o_mode3ELi0EEC2ILi24ELi10ELb1ELS0_5ELS1_3ELi0EEERK13ap_fixed_baseIXT_EXT0_EXT1_EXT2_EXT3_EXT4_EE.exit_ifconv:60 %or_ln300 = or i1 %overf, i1 %xor_ln222_3

]]></Node>
<StgValue><ssdm name="or_ln300"/></StgValue>
</operation>

<operation id="45" st_id="1" stage="1" lat="1">
<core>LogicGate</core>
<MemPortIdVec></MemPortIdVec>
<condition id="-1">
<or_exp><and_exp></and_exp></or_exp>
</condition>

<Node id="66" bw="1" op_0_bw="1" op_1_bw="1">
<![CDATA[
_ZN8ap_fixedILi47ELi24EL9ap_q_mode5EL9ap_o_mode3ELi0EEC2ILi24ELi10ELb1ELS0_5ELS1_3ELi0EEERK13ap_fixed_baseIXT_EXT0_EXT1_EXT2_EXT3_EXT4_EE.exit_ifconv:61 %or_ln300_1 = or i1 %or_ln300, i1 %xor_ln222_2

]]></Node>
<StgValue><ssdm name="or_ln300_1"/></StgValue>
</operation>

<operation id="46" st_id="1" stage="1" lat="1">
<core>LogicGate</core>
<MemPortIdVec></MemPortIdVec>
<condition id="-1">
<or_exp><and_exp></and_exp></or_exp>
</condition>

<Node id="67" bw="1" op_0_bw="1" op_1_bw="1">
<![CDATA[
_ZN8ap_fixedILi47ELi24EL9ap_q_mode5EL9ap_o_mode3ELi0EEC2ILi24ELi10ELb1ELS0_5ELS1_3ELi0EEERK13ap_fixed_baseIXT_EXT0_EXT1_EXT2_EXT3_EXT4_EE.exit_ifconv:62 %or_ln300_2 = or i1 %xor_ln222, i1 %and_ln300

]]></Node>
<StgValue><ssdm name="or_ln300_2"/></StgValue>
</operation>

<operation id="47" st_id="1" stage="1" lat="1">
<core>LogicGate</core>
<MemPortIdVec></MemPortIdVec>
<condition id="-1">
<or_exp><and_exp></and_exp></or_exp>
</condition>

<Node id="68" bw="1" op_0_bw="1" op_1_bw="1">
<![CDATA[
_ZN8ap_fixedILi47ELi24EL9ap_q_mode5EL9ap_o_mode3ELi0EEC2ILi24ELi10ELb1ELS0_5ELS1_3ELi0EEERK13ap_fixed_baseIXT_EXT0_EXT1_EXT2_EXT3_EXT4_EE.exit_ifconv:63 %or_ln300_3 = or i1 %or_ln300_2, i1 %xor_ln222_4

]]></Node>
<StgValue><ssdm name="or_ln300_3"/></StgValue>
</operation>
</state>

<state id="2" st_id="2">

<operation id="48" st_id="2" stage="1" lat="2">
<core>ROM</core>
<MemPortIdVec>0 </MemPortIdVec>
<condition id="-1">
<or_exp><and_exp></and_exp></or_exp>
</condition>

<Node id="33" bw="32" op_0_bw="5">
<![CDATA[
_ZN8ap_fixedILi47ELi24EL9ap_q_mode5EL9ap_o_mode3ELi0EEC2ILi24ELi10ELb1ELS0_5ELS1_3ELi0EEERK13ap_fixed_baseIXT_EXT0_EXT1_EXT2_EXT3_EXT4_EE.exit_ifconv:28 %f_x_msb_3_V = load i5 %f_x_msb_3_table_V_addr

]]></Node>
<StgValue><ssdm name="f_x_msb_3_V"/></StgValue>
</operation>

<operation id="49" st_id="2" stage="1" lat="2">
<core>ROM</core>
<MemPortIdVec>0 </MemPortIdVec>
<condition id="-1">
<or_exp><and_exp></and_exp></or_exp>
</condition>

<Node id="37" bw="46" op_0_bw="8">
<![CDATA[
_ZN8ap_fixedILi47ELi24EL9ap_q_mode5EL9ap_o_mode3ELi0EEC2ILi24ELi10ELb1ELS0_5ELS1_3ELi0EEERK13ap_fixed_baseIXT_EXT0_EXT1_EXT2_EXT3_EXT4_EE.exit_ifconv:32 %f_x_msb_2_V = load i8 %f_x_msb_2_table_V_addr

]]></Node>
<StgValue><ssdm name="f_x_msb_2_V"/></StgValue>
</operation>

<operation id="50" st_id="2" stage="1" lat="1">
<core>NULL</core>
<MemPortIdVec></MemPortIdVec>
<condition id="-1">
<or_exp><and_exp></and_exp></or_exp>
</condition>

<Node id="38" bw="5" op_0_bw="5" op_1_bw="46" op_2_bw="32" op_3_bw="32">
<![CDATA[
_ZN8ap_fixedILi47ELi24EL9ap_q_mode5EL9ap_o_mode3ELi0EEC2ILi24ELi10ELb1ELS0_5ELS1_3ELi0EEERK13ap_fixed_baseIXT_EXT0_EXT1_EXT2_EXT3_EXT4_EE.exit_ifconv:33 %p_Result_27 = partselect i5 @_ssdm_op_PartSelect.i5.i46.i32.i32, i46 %f_x_msb_2_V, i32 41, i32 45

]]></Node>
<StgValue><ssdm name="p_Result_27"/></StgValue>
</operation>

<operation id="51" st_id="2" stage="1" lat="1">
<core>NULL</core>
<MemPortIdVec></MemPortIdVec>
<condition id="-1">
<or_exp><and_exp></and_exp></or_exp>
</condition>

<Node id="39" bw="9" op_0_bw="5">
<![CDATA[
_ZN8ap_fixedILi47ELi24EL9ap_q_mode5EL9ap_o_mode3ELi0EEC2ILi24ELi10ELb1ELS0_5ELS1_3ELi0EEERK13ap_fixed_baseIXT_EXT0_EXT1_EXT2_EXT3_EXT4_EE.exit_ifconv:34 %zext_ln712 = zext i5 %p_Result_27

]]></Node>
<StgValue><ssdm name="zext_ln712"/></StgValue>
</operation>

<operation id="52" st_id="2" stage="1" lat="1">
<core>NULL</core>
<MemPortIdVec></MemPortIdVec>
<condition id="-1">
<or_exp><and_exp></and_exp></or_exp>
</condition>

<Node id="40" bw="9" op_0_bw="8">
<![CDATA[
_ZN8ap_fixedILi47ELi24EL9ap_q_mode5EL9ap_o_mode3ELi0EEC2ILi24ELi10ELb1ELS0_5ELS1_3ELi0EEERK13ap_fixed_baseIXT_EXT0_EXT1_EXT2_EXT3_EXT4_EE.exit_ifconv:35 %zext_ln712_2 = zext i8 %tmp_107

]]></Node>
<StgValue><ssdm name="zext_ln712_2"/></StgValue>
</operation>

<operation id="53" st_id="2" stage="1" lat="1">
<core>Adder</core>
<MemPortIdVec></MemPortIdVec>
<condition id="-1">
<or_exp><and_exp></and_exp></or_exp>
</condition>

<Node id="41" bw="9" op_0_bw="9" op_1_bw="9">
<![CDATA[
_ZN8ap_fixedILi47ELi24EL9ap_q_mode5EL9ap_o_mode3ELi0EEC2ILi24ELi10ELb1ELS0_5ELS1_3ELi0EEERK13ap_fixed_baseIXT_EXT0_EXT1_EXT2_EXT3_EXT4_EE.exit_ifconv:36 %ret_V_15 = add i9 %zext_ln712_2, i9 %zext_ln712

]]></Node>
<StgValue><ssdm name="ret_V_15"/></StgValue>
</operation>

<operation id="54" st_id="2" stage="1" lat="1">
<core>NULL</core>
<MemPortIdVec></MemPortIdVec>
<condition id="-1">
<or_exp><and_exp></and_exp></or_exp>
</condition>

<Node id="42" bw="41" op_0_bw="46">
<![CDATA[
_ZN8ap_fixedILi47ELi24EL9ap_q_mode5EL9ap_o_mode3ELi0EEC2ILi24ELi10ELb1ELS0_5ELS1_3ELi0EEERK13ap_fixed_baseIXT_EXT0_EXT1_EXT2_EXT3_EXT4_EE.exit_ifconv:37 %trunc_ln640_2 = trunc i46 %f_x_msb_2_V

]]></Node>
<StgValue><ssdm name="trunc_ln640_2"/></StgValue>
</operation>
</state>

<state id="3" st_id="3">

<operation id="55" st_id="3" stage="1" lat="1">
<core>NULL</core>
<MemPortIdVec></MemPortIdVec>
<condition id="-1">
<or_exp><and_exp></and_exp></or_exp>
</condition>

<Node id="34" bw="47" op_0_bw="47" op_1_bw="3" op_2_bw="9" op_3_bw="32" op_4_bw="3">
<![CDATA[
_ZN8ap_fixedILi47ELi24EL9ap_q_mode5EL9ap_o_mode3ELi0EEC2ILi24ELi10ELb1ELS0_5ELS1_3ELi0EEERK13ap_fixed_baseIXT_EXT0_EXT1_EXT2_EXT3_EXT4_EE.exit_ifconv:29 %rhs_2 = bitconcatenate i47 @_ssdm_op_BitConcatenate.i47.i3.i9.i32.i3, i3 %trunc_ln640_1, i9 0, i32 %f_x_msb_3_V, i3 0

]]></Node>
<StgValue><ssdm name="rhs_2"/></StgValue>
</operation>

<operation id="56" st_id="3" stage="1" lat="1">
<core>NULL</core>
<MemPortIdVec></MemPortIdVec>
<condition id="-1">
<or_exp><and_exp></and_exp></or_exp>
</condition>

<Node id="43" bw="50" op_0_bw="50" op_1_bw="9" op_2_bw="41">
<![CDATA[
_ZN8ap_fixedILi47ELi24EL9ap_q_mode5EL9ap_o_mode3ELi0EEC2ILi24ELi10ELb1ELS0_5ELS1_3ELi0EEERK13ap_fixed_baseIXT_EXT0_EXT1_EXT2_EXT3_EXT4_EE.exit_ifconv:38 %p_Result_28 = bitconcatenate i50 @_ssdm_op_BitConcatenate.i50.i9.i41, i9 %ret_V_15, i41 %trunc_ln640_2

]]></Node>
<StgValue><ssdm name="p_Result_28"/></StgValue>
</operation>

<operation id="57" st_id="3" stage="1" lat="1">
<core>NULL</core>
<MemPortIdVec></MemPortIdVec>
<condition id="-1">
<or_exp><and_exp></and_exp></or_exp>
</condition>

<Node id="44" bw="97" op_0_bw="50">
<![CDATA[
_ZN8ap_fixedILi47ELi24EL9ap_q_mode5EL9ap_o_mode3ELi0EEC2ILi24ELi10ELb1ELS0_5ELS1_3ELi0EEERK13ap_fixed_baseIXT_EXT0_EXT1_EXT2_EXT3_EXT4_EE.exit_ifconv:39 %zext_ln1168 = zext i50 %p_Result_28

]]></Node>
<StgValue><ssdm name="zext_ln1168"/></StgValue>
</operation>

<operation id="58" st_id="3" stage="1" lat="1">
<core>NULL</core>
<MemPortIdVec></MemPortIdVec>
<condition id="-1">
<or_exp><and_exp></and_exp></or_exp>
</condition>

<Node id="45" bw="97" op_0_bw="47">
<![CDATA[
_ZN8ap_fixedILi47ELi24EL9ap_q_mode5EL9ap_o_mode3ELi0EEC2ILi24ELi10ELb1ELS0_5ELS1_3ELi0EEERK13ap_fixed_baseIXT_EXT0_EXT1_EXT2_EXT3_EXT4_EE.exit_ifconv:40 %zext_ln1171 = zext i47 %rhs_2

]]></Node>
<StgValue><ssdm name="zext_ln1171"/></StgValue>
</operation>

<operation id="59" st_id="3" stage="5" lat="5">
<core>Multiplier</core>
<MemPortIdVec></MemPortIdVec>
<condition id="-1">
<or_exp><and_exp></and_exp></or_exp>
</condition>

<Node id="46" bw="97" op_0_bw="97" op_1_bw="97">
<![CDATA[
_ZN8ap_fixedILi47ELi24EL9ap_q_mode5EL9ap_o_mode3ELi0EEC2ILi24ELi10ELb1ELS0_5ELS1_3ELi0EEERK13ap_fixed_baseIXT_EXT0_EXT1_EXT2_EXT3_EXT4_EE.exit_ifconv:41 %r_V = mul i97 %zext_ln1168, i97 %zext_ln1171

]]></Node>
<StgValue><ssdm name="r_V"/></StgValue>
</operation>
</state>

<state id="4" st_id="4">

<operation id="60" st_id="4" stage="4" lat="5">
<core>Multiplier</core>
<MemPortIdVec></MemPortIdVec>
<condition id="-1">
<or_exp><and_exp></and_exp></or_exp>
</condition>

<Node id="46" bw="97" op_0_bw="97" op_1_bw="97">
<![CDATA[
_ZN8ap_fixedILi47ELi24EL9ap_q_mode5EL9ap_o_mode3ELi0EEC2ILi24ELi10ELb1ELS0_5ELS1_3ELi0EEERK13ap_fixed_baseIXT_EXT0_EXT1_EXT2_EXT3_EXT4_EE.exit_ifconv:41 %r_V = mul i97 %zext_ln1168, i97 %zext_ln1171

]]></Node>
<StgValue><ssdm name="r_V"/></StgValue>
</operation>
</state>

<state id="5" st_id="5">

<operation id="61" st_id="5" stage="3" lat="5">
<core>Multiplier</core>
<MemPortIdVec></MemPortIdVec>
<condition id="-1">
<or_exp><and_exp></and_exp></or_exp>
</condition>

<Node id="46" bw="97" op_0_bw="97" op_1_bw="97">
<![CDATA[
_ZN8ap_fixedILi47ELi24EL9ap_q_mode5EL9ap_o_mode3ELi0EEC2ILi24ELi10ELb1ELS0_5ELS1_3ELi0EEERK13ap_fixed_baseIXT_EXT0_EXT1_EXT2_EXT3_EXT4_EE.exit_ifconv:41 %r_V = mul i97 %zext_ln1168, i97 %zext_ln1171

]]></Node>
<StgValue><ssdm name="r_V"/></StgValue>
</operation>
</state>

<state id="6" st_id="6">

<operation id="62" st_id="6" stage="2" lat="5">
<core>Multiplier</core>
<MemPortIdVec></MemPortIdVec>
<condition id="-1">
<or_exp><and_exp></and_exp></or_exp>
</condition>

<Node id="46" bw="97" op_0_bw="97" op_1_bw="97">
<![CDATA[
_ZN8ap_fixedILi47ELi24EL9ap_q_mode5EL9ap_o_mode3ELi0EEC2ILi24ELi10ELb1ELS0_5ELS1_3ELi0EEERK13ap_fixed_baseIXT_EXT0_EXT1_EXT2_EXT3_EXT4_EE.exit_ifconv:41 %r_V = mul i97 %zext_ln1168, i97 %zext_ln1171

]]></Node>
<StgValue><ssdm name="r_V"/></StgValue>
</operation>
</state>

<state id="7" st_id="7">

<operation id="63" st_id="7" stage="1" lat="1">
<core>NULL</core>
<MemPortIdVec></MemPortIdVec>
<condition id="-1">
<or_exp><and_exp></and_exp></or_exp>
</condition>

<Node id="27" bw="8" op_0_bw="8" op_1_bw="1" op_2_bw="7">
<![CDATA[
_ZN8ap_fixedILi47ELi24EL9ap_q_mode5EL9ap_o_mode3ELi0EEC2ILi24ELi10ELb1ELS0_5ELS1_3ELi0EEERK13ap_fixed_baseIXT_EXT0_EXT1_EXT2_EXT3_EXT4_EE.exit_ifconv:22 %p_Result_26 = bitconcatenate i8 @_ssdm_op_BitConcatenate.i8.i1.i7, i1 %tmp, i7 %p_Result_s

]]></Node>
<StgValue><ssdm name="p_Result_26"/></StgValue>
</operation>

<operation id="64" st_id="7" stage="1" lat="5">
<core>Multiplier</core>
<MemPortIdVec></MemPortIdVec>
<condition id="-1">
<or_exp><and_exp></and_exp></or_exp>
</condition>

<Node id="46" bw="97" op_0_bw="97" op_1_bw="97">
<![CDATA[
_ZN8ap_fixedILi47ELi24EL9ap_q_mode5EL9ap_o_mode3ELi0EEC2ILi24ELi10ELb1ELS0_5ELS1_3ELi0EEERK13ap_fixed_baseIXT_EXT0_EXT1_EXT2_EXT3_EXT4_EE.exit_ifconv:41 %r_V = mul i97 %zext_ln1168, i97 %zext_ln1171

]]></Node>
<StgValue><ssdm name="r_V"/></StgValue>
</operation>

<operation id="65" st_id="7" stage="1" lat="1">
<core>NULL</core>
<MemPortIdVec></MemPortIdVec>
<condition id="-1">
<or_exp><and_exp></and_exp></or_exp>
</condition>

<Node id="47" bw="45" op_0_bw="45" op_1_bw="97" op_2_bw="32" op_3_bw="32">
<![CDATA[
_ZN8ap_fixedILi47ELi24EL9ap_q_mode5EL9ap_o_mode3ELi0EEC2ILi24ELi10ELb1ELS0_5ELS1_3ELi0EEERK13ap_fixed_baseIXT_EXT0_EXT1_EXT2_EXT3_EXT4_EE.exit_ifconv:42 %trunc_ln9 = partselect i45 @_ssdm_op_PartSelect.i45.i97.i32.i32, i97 %r_V, i32 52, i32 96

]]></Node>
<StgValue><ssdm name="trunc_ln9"/></StgValue>
</operation>

<operation id="66" st_id="7" stage="1" lat="1">
<core>NULL</core>
<MemPortIdVec></MemPortIdVec>
<condition id="-1">
<or_exp><and_exp></and_exp></or_exp>
</condition>

<Node id="55" bw="64" op_0_bw="8">
<![CDATA[
_ZN8ap_fixedILi47ELi24EL9ap_q_mode5EL9ap_o_mode3ELi0EEC2ILi24ELi10ELb1ELS0_5ELS1_3ELi0EEERK13ap_fixed_baseIXT_EXT0_EXT1_EXT2_EXT3_EXT4_EE.exit_ifconv:50 %zext_ln587_3 = zext i8 %p_Result_26

]]></Node>
<StgValue><ssdm name="zext_ln587_3"/></StgValue>
</operation>

<operation id="67" st_id="7" stage="1" lat="1">
<core>NULL</core>
<MemPortIdVec></MemPortIdVec>
<condition id="-1">
<or_exp><and_exp></and_exp></or_exp>
</condition>

<Node id="56" bw="8" op_0_bw="50" op_1_bw="64" op_2_bw="64">
<![CDATA[
_ZN8ap_fixedILi47ELi24EL9ap_q_mode5EL9ap_o_mode3ELi0EEC2ILi24ELi10ELb1ELS0_5ELS1_3ELi0EEERK13ap_fixed_baseIXT_EXT0_EXT1_EXT2_EXT3_EXT4_EE.exit_ifconv:51 %exp_x_msb_1_table_V_addr = getelementptr i50 %exp_x_msb_1_table_V, i64 0, i64 %zext_ln587_3

]]></Node>
<StgValue><ssdm name="exp_x_msb_1_table_V_addr"/></StgValue>
</operation>

<operation id="68" st_id="7" stage="2" lat="2">
<core>ROM</core>
<MemPortIdVec>0 </MemPortIdVec>
<condition id="-1">
<or_exp><and_exp></and_exp></or_exp>
</condition>

<Node id="57" bw="50" op_0_bw="8">
<![CDATA[
_ZN8ap_fixedILi47ELi24EL9ap_q_mode5EL9ap_o_mode3ELi0EEC2ILi24ELi10ELb1ELS0_5ELS1_3ELi0EEERK13ap_fixed_baseIXT_EXT0_EXT1_EXT2_EXT3_EXT4_EE.exit_ifconv:52 %exp_x_msb_1_V = load i8 %exp_x_msb_1_table_V_addr

]]></Node>
<StgValue><ssdm name="exp_x_msb_1_V"/></StgValue>
</operation>
</state>

<state id="8" st_id="8">

<operation id="69" st_id="8" stage="1" lat="1">
<core>NULL</core>
<MemPortIdVec></MemPortIdVec>
<condition id="-1">
<or_exp><and_exp></and_exp></or_exp>
</condition>

<Node id="48" bw="48" op_0_bw="45">
<![CDATA[
_ZN8ap_fixedILi47ELi24EL9ap_q_mode5EL9ap_o_mode3ELi0EEC2ILi24ELi10ELb1ELS0_5ELS1_3ELi0EEERK13ap_fixed_baseIXT_EXT0_EXT1_EXT2_EXT3_EXT4_EE.exit_ifconv:43 %zext_ln1245 = zext i45 %trunc_ln9

]]></Node>
<StgValue><ssdm name="zext_ln1245"/></StgValue>
</operation>

<operation id="70" st_id="8" stage="1" lat="1">
<core>NULL</core>
<MemPortIdVec></MemPortIdVec>
<condition id="-1">
<or_exp><and_exp></and_exp></or_exp>
</condition>

<Node id="49" bw="56" op_0_bw="56" op_1_bw="9" op_2_bw="41" op_3_bw="6">
<![CDATA[
_ZN8ap_fixedILi47ELi24EL9ap_q_mode5EL9ap_o_mode3ELi0EEC2ILi24ELi10ELb1ELS0_5ELS1_3ELi0EEERK13ap_fixed_baseIXT_EXT0_EXT1_EXT2_EXT3_EXT4_EE.exit_ifconv:44 %rhs_1 = bitconcatenate i56 @_ssdm_op_BitConcatenate.i56.i9.i41.i6, i9 %ret_V_15, i41 %trunc_ln640_2, i6 0

]]></Node>
<StgValue><ssdm name="rhs_1"/></StgValue>
</operation>

<operation id="71" st_id="8" stage="1" lat="1">
<core>NULL</core>
<MemPortIdVec></MemPortIdVec>
<condition id="-1">
<or_exp><and_exp></and_exp></or_exp>
</condition>

<Node id="50" bw="48" op_0_bw="47">
<![CDATA[
_ZN8ap_fixedILi47ELi24EL9ap_q_mode5EL9ap_o_mode3ELi0EEC2ILi24ELi10ELb1ELS0_5ELS1_3ELi0EEERK13ap_fixed_baseIXT_EXT0_EXT1_EXT2_EXT3_EXT4_EE.exit_ifconv:45 %zext_ln1245_1 = zext i47 %rhs_2

]]></Node>
<StgValue><ssdm name="zext_ln1245_1"/></StgValue>
</operation>

<operation id="72" st_id="8" stage="1" lat="1">
<core>Adder</core>
<MemPortIdVec></MemPortIdVec>
<condition id="-1">
<or_exp><and_exp></and_exp></or_exp>
</condition>

<Node id="51" bw="48" op_0_bw="48" op_1_bw="48">
<![CDATA[
_ZN8ap_fixedILi47ELi24EL9ap_q_mode5EL9ap_o_mode3ELi0EEC2ILi24ELi10ELb1ELS0_5ELS1_3ELi0EEERK13ap_fixed_baseIXT_EXT0_EXT1_EXT2_EXT3_EXT4_EE.exit_ifconv:46 %add_ln1245 = add i48 %zext_ln1245_1, i48 %zext_ln1245

]]></Node>
<StgValue><ssdm name="add_ln1245"/></StgValue>
</operation>

<operation id="73" st_id="8" stage="1" lat="1">
<core>NULL</core>
<MemPortIdVec></MemPortIdVec>
<condition id="-1">
<or_exp><and_exp></and_exp></or_exp>
</condition>

<Node id="52" bw="56" op_0_bw="48">
<![CDATA[
_ZN8ap_fixedILi47ELi24EL9ap_q_mode5EL9ap_o_mode3ELi0EEC2ILi24ELi10ELb1ELS0_5ELS1_3ELi0EEERK13ap_fixed_baseIXT_EXT0_EXT1_EXT2_EXT3_EXT4_EE.exit_ifconv:47 %zext_ln1245_2 = zext i48 %add_ln1245

]]></Node>
<StgValue><ssdm name="zext_ln1245_2"/></StgValue>
</operation>

<operation id="74" st_id="8" stage="1" lat="1">
<core>Adder</core>
<MemPortIdVec></MemPortIdVec>
<condition id="-1">
<or_exp><and_exp></and_exp></or_exp>
</condition>

<Node id="53" bw="56" op_0_bw="56" op_1_bw="56">
<![CDATA[
_ZN8ap_fixedILi47ELi24EL9ap_q_mode5EL9ap_o_mode3ELi0EEC2ILi24ELi10ELb1ELS0_5ELS1_3ELi0EEERK13ap_fixed_baseIXT_EXT0_EXT1_EXT2_EXT3_EXT4_EE.exit_ifconv:48 %ret_V = add i56 %zext_ln1245_2, i56 %rhs_1

]]></Node>
<StgValue><ssdm name="ret_V"/></StgValue>
</operation>

<operation id="75" st_id="8" stage="1" lat="1">
<core>NULL</core>
<MemPortIdVec></MemPortIdVec>
<condition id="-1">
<or_exp><and_exp></and_exp></or_exp>
</condition>

<Node id="54" bw="50" op_0_bw="50" op_1_bw="56" op_2_bw="32" op_3_bw="32">
<![CDATA[
_ZN8ap_fixedILi47ELi24EL9ap_q_mode5EL9ap_o_mode3ELi0EEC2ILi24ELi10ELb1ELS0_5ELS1_3ELi0EEERK13ap_fixed_baseIXT_EXT0_EXT1_EXT2_EXT3_EXT4_EE.exit_ifconv:49 %exp_x_msb_2_3_4_lsb_m_1_V = partselect i50 @_ssdm_op_PartSelect.i50.i56.i32.i32, i56 %ret_V, i32 6, i32 55

]]></Node>
<StgValue><ssdm name="exp_x_msb_2_3_4_lsb_m_1_V"/></StgValue>
</operation>

<operation id="76" st_id="8" stage="1" lat="2">
<core>ROM</core>
<MemPortIdVec>0 </MemPortIdVec>
<condition id="-1">
<or_exp><and_exp></and_exp></or_exp>
</condition>

<Node id="57" bw="50" op_0_bw="8">
<![CDATA[
_ZN8ap_fixedILi47ELi24EL9ap_q_mode5EL9ap_o_mode3ELi0EEC2ILi24ELi10ELb1ELS0_5ELS1_3ELi0EEERK13ap_fixed_baseIXT_EXT0_EXT1_EXT2_EXT3_EXT4_EE.exit_ifconv:52 %exp_x_msb_1_V = load i8 %exp_x_msb_1_table_V_addr

]]></Node>
<StgValue><ssdm name="exp_x_msb_1_V"/></StgValue>
</operation>
</state>

<state id="9" st_id="9">

<operation id="77" st_id="9" stage="1" lat="1">
<core>NULL</core>
<MemPortIdVec></MemPortIdVec>
<condition id="-1">
<or_exp><and_exp></and_exp></or_exp>
</condition>

<Node id="58" bw="100" op_0_bw="50">
<![CDATA[
_ZN8ap_fixedILi47ELi24EL9ap_q_mode5EL9ap_o_mode3ELi0EEC2ILi24ELi10ELb1ELS0_5ELS1_3ELi0EEERK13ap_fixed_baseIXT_EXT0_EXT1_EXT2_EXT3_EXT4_EE.exit_ifconv:53 %zext_ln1169 = zext i50 %exp_x_msb_1_V

]]></Node>
<StgValue><ssdm name="zext_ln1169"/></StgValue>
</operation>

<operation id="78" st_id="9" stage="1" lat="1">
<core>NULL</core>
<MemPortIdVec></MemPortIdVec>
<condition id="-1">
<or_exp><and_exp></and_exp></or_exp>
</condition>

<Node id="59" bw="100" op_0_bw="50">
<![CDATA[
_ZN8ap_fixedILi47ELi24EL9ap_q_mode5EL9ap_o_mode3ELi0EEC2ILi24ELi10ELb1ELS0_5ELS1_3ELi0EEERK13ap_fixed_baseIXT_EXT0_EXT1_EXT2_EXT3_EXT4_EE.exit_ifconv:54 %zext_ln1171_1 = zext i50 %exp_x_msb_2_3_4_lsb_m_1_V

]]></Node>
<StgValue><ssdm name="zext_ln1171_1"/></StgValue>
</operation>

<operation id="79" st_id="9" stage="5" lat="5">
<core>Multiplier</core>
<MemPortIdVec></MemPortIdVec>
<condition id="-1">
<or_exp><and_exp></and_exp></or_exp>
</condition>

<Node id="60" bw="100" op_0_bw="100" op_1_bw="100">
<![CDATA[
_ZN8ap_fixedILi47ELi24EL9ap_q_mode5EL9ap_o_mode3ELi0EEC2ILi24ELi10ELb1ELS0_5ELS1_3ELi0EEERK13ap_fixed_baseIXT_EXT0_EXT1_EXT2_EXT3_EXT4_EE.exit_ifconv:55 %r_V_76 = mul i100 %zext_ln1171_1, i100 %zext_ln1169

]]></Node>
<StgValue><ssdm name="r_V_76"/></StgValue>
</operation>
</state>

<state id="10" st_id="10">

<operation id="80" st_id="10" stage="4" lat="5">
<core>Multiplier</core>
<MemPortIdVec></MemPortIdVec>
<condition id="-1">
<or_exp><and_exp></and_exp></or_exp>
</condition>

<Node id="60" bw="100" op_0_bw="100" op_1_bw="100">
<![CDATA[
_ZN8ap_fixedILi47ELi24EL9ap_q_mode5EL9ap_o_mode3ELi0EEC2ILi24ELi10ELb1ELS0_5ELS1_3ELi0EEERK13ap_fixed_baseIXT_EXT0_EXT1_EXT2_EXT3_EXT4_EE.exit_ifconv:55 %r_V_76 = mul i100 %zext_ln1171_1, i100 %zext_ln1169

]]></Node>
<StgValue><ssdm name="r_V_76"/></StgValue>
</operation>
</state>

<state id="11" st_id="11">

<operation id="81" st_id="11" stage="3" lat="5">
<core>Multiplier</core>
<MemPortIdVec></MemPortIdVec>
<condition id="-1">
<or_exp><and_exp></and_exp></or_exp>
</condition>

<Node id="60" bw="100" op_0_bw="100" op_1_bw="100">
<![CDATA[
_ZN8ap_fixedILi47ELi24EL9ap_q_mode5EL9ap_o_mode3ELi0EEC2ILi24ELi10ELb1ELS0_5ELS1_3ELi0EEERK13ap_fixed_baseIXT_EXT0_EXT1_EXT2_EXT3_EXT4_EE.exit_ifconv:55 %r_V_76 = mul i100 %zext_ln1171_1, i100 %zext_ln1169

]]></Node>
<StgValue><ssdm name="r_V_76"/></StgValue>
</operation>
</state>

<state id="12" st_id="12">

<operation id="82" st_id="12" stage="2" lat="5">
<core>Multiplier</core>
<MemPortIdVec></MemPortIdVec>
<condition id="-1">
<or_exp><and_exp></and_exp></or_exp>
</condition>

<Node id="60" bw="100" op_0_bw="100" op_1_bw="100">
<![CDATA[
_ZN8ap_fixedILi47ELi24EL9ap_q_mode5EL9ap_o_mode3ELi0EEC2ILi24ELi10ELb1ELS0_5ELS1_3ELi0EEERK13ap_fixed_baseIXT_EXT0_EXT1_EXT2_EXT3_EXT4_EE.exit_ifconv:55 %r_V_76 = mul i100 %zext_ln1171_1, i100 %zext_ln1169

]]></Node>
<StgValue><ssdm name="r_V_76"/></StgValue>
</operation>
</state>

<state id="13" st_id="13">

<operation id="83" st_id="13" stage="1" lat="5">
<core>Multiplier</core>
<MemPortIdVec></MemPortIdVec>
<condition id="-1">
<or_exp><and_exp></and_exp></or_exp>
</condition>

<Node id="60" bw="100" op_0_bw="100" op_1_bw="100">
<![CDATA[
_ZN8ap_fixedILi47ELi24EL9ap_q_mode5EL9ap_o_mode3ELi0EEC2ILi24ELi10ELb1ELS0_5ELS1_3ELi0EEERK13ap_fixed_baseIXT_EXT0_EXT1_EXT2_EXT3_EXT4_EE.exit_ifconv:55 %r_V_76 = mul i100 %zext_ln1171_1, i100 %zext_ln1169

]]></Node>
<StgValue><ssdm name="r_V_76"/></StgValue>
</operation>

<operation id="84" st_id="13" stage="1" lat="1">
<core>NULL</core>
<MemPortIdVec></MemPortIdVec>
<condition id="-1">
<or_exp><and_exp></and_exp></or_exp>
</condition>

<Node id="61" bw="48" op_0_bw="48" op_1_bw="100" op_2_bw="32" op_3_bw="32">
<![CDATA[
_ZN8ap_fixedILi47ELi24EL9ap_q_mode5EL9ap_o_mode3ELi0EEC2ILi24ELi10ELb1ELS0_5ELS1_3ELi0EEERK13ap_fixed_baseIXT_EXT0_EXT1_EXT2_EXT3_EXT4_EE.exit_ifconv:56 %trunc_ln712_1 = partselect i48 @_ssdm_op_PartSelect.i48.i100.i32.i32, i100 %r_V_76, i32 52, i32 99

]]></Node>
<StgValue><ssdm name="trunc_ln712_1"/></StgValue>
</operation>
</state>

<state id="14" st_id="14">

<operation id="85" st_id="14" stage="1" lat="1">
<core>LogicGate</core>
<MemPortIdVec></MemPortIdVec>
<condition id="-1">
<or_exp><and_exp></and_exp></or_exp>
</condition>

<Node id="24" bw="1" op_0_bw="1" op_1_bw="1">
<![CDATA[
_ZN8ap_fixedILi47ELi24EL9ap_q_mode5EL9ap_o_mode3ELi0EEC2ILi24ELi10ELb1ELS0_5ELS1_3ELi0EEERK13ap_fixed_baseIXT_EXT0_EXT1_EXT2_EXT3_EXT4_EE.exit_ifconv:19 %xor_ln288 = xor i1 %tmp, i1 1

]]></Node>
<StgValue><ssdm name="xor_ln288"/></StgValue>
</operation>

<operation id="86" st_id="14" stage="1" lat="1">
<core>Sel</core>
<MemPortIdVec></MemPortIdVec>
<condition id="-1">
<or_exp><and_exp></and_exp></or_exp>
</condition>

<Node id="25" bw="46" op_0_bw="1" op_1_bw="46" op_2_bw="46">
<![CDATA[
_ZN8ap_fixedILi47ELi24EL9ap_q_mode5EL9ap_o_mode3ELi0EEC2ILi24ELi10ELb1ELS0_5ELS1_3ELi0EEERK13ap_fixed_baseIXT_EXT0_EXT1_EXT2_EXT3_EXT4_EE.exit_ifconv:20 %select_ln640 = select i1 %xor_ln288, i46 70368744177663, i46 0

]]></Node>
<StgValue><ssdm name="select_ln640"/></StgValue>
</operation>

<operation id="87" st_id="14" stage="1" lat="1">
<core>NULL</core>
<MemPortIdVec></MemPortIdVec>
<condition id="-1">
<or_exp><and_exp></and_exp></or_exp>
</condition>

<Node id="62" bw="50" op_0_bw="48">
<![CDATA[
_ZN8ap_fixedILi47ELi24EL9ap_q_mode5EL9ap_o_mode3ELi0EEC2ILi24ELi10ELb1ELS0_5ELS1_3ELi0EEERK13ap_fixed_baseIXT_EXT0_EXT1_EXT2_EXT3_EXT4_EE.exit_ifconv:57 %zext_ln712_1 = zext i48 %trunc_ln712_1

]]></Node>
<StgValue><ssdm name="zext_ln712_1"/></StgValue>
</operation>

<operation id="88" st_id="14" stage="1" lat="1">
<core>Adder</core>
<MemPortIdVec></MemPortIdVec>
<condition id="-1">
<or_exp><and_exp></and_exp></or_exp>
</condition>

<Node id="63" bw="50" op_0_bw="50" op_1_bw="50">
<![CDATA[
_ZN8ap_fixedILi47ELi24EL9ap_q_mode5EL9ap_o_mode3ELi0EEC2ILi24ELi10ELb1ELS0_5ELS1_3ELi0EEERK13ap_fixed_baseIXT_EXT0_EXT1_EXT2_EXT3_EXT4_EE.exit_ifconv:58 %y_l_V = add i50 %exp_x_msb_1_V, i50 %zext_ln712_1

]]></Node>
<StgValue><ssdm name="y_l_V"/></StgValue>
</operation>

<operation id="89" st_id="14" stage="1" lat="1">
<core>NULL</core>
<MemPortIdVec></MemPortIdVec>
<condition id="-1">
<or_exp><and_exp></and_exp></or_exp>
</condition>

<Node id="64" bw="46" op_0_bw="46" op_1_bw="50" op_2_bw="32" op_3_bw="32">
<![CDATA[
_ZN8ap_fixedILi47ELi24EL9ap_q_mode5EL9ap_o_mode3ELi0EEC2ILi24ELi10ELb1ELS0_5ELS1_3ELi0EEERK13ap_fixed_baseIXT_EXT0_EXT1_EXT2_EXT3_EXT4_EE.exit_ifconv:59 %y_V = partselect i46 @_ssdm_op_PartSelect.i46.i50.i32.i32, i50 %y_l_V, i32 4, i32 49

]]></Node>
<StgValue><ssdm name="y_V"/></StgValue>
</operation>

<operation id="90" st_id="14" stage="1" lat="1">
<core>LogicGate</core>
<MemPortIdVec></MemPortIdVec>
<condition id="-1">
<or_exp><and_exp></and_exp></or_exp>
</condition>

<Node id="69" bw="1" op_0_bw="1" op_1_bw="1">
<![CDATA[
_ZN8ap_fixedILi47ELi24EL9ap_q_mode5EL9ap_o_mode3ELi0EEC2ILi24ELi10ELb1ELS0_5ELS1_3ELi0EEERK13ap_fixed_baseIXT_EXT0_EXT1_EXT2_EXT3_EXT4_EE.exit_ifconv:64 %or_ln300_4 = or i1 %or_ln300_3, i1 %or_ln300_1

]]></Node>
<StgValue><ssdm name="or_ln300_4"/></StgValue>
</operation>

<operation id="91" st_id="14" stage="1" lat="1">
<core>Sel</core>
<MemPortIdVec></MemPortIdVec>
<condition id="-1">
<or_exp><and_exp></and_exp></or_exp>
</condition>

<Node id="70" bw="46" op_0_bw="1" op_1_bw="46" op_2_bw="46">
<![CDATA[
_ZN8ap_fixedILi47ELi24EL9ap_q_mode5EL9ap_o_mode3ELi0EEC2ILi24ELi10ELb1ELS0_5ELS1_3ELi0EEERK13ap_fixed_baseIXT_EXT0_EXT1_EXT2_EXT3_EXT4_EE.exit_ifconv:65 %p_Val2_37 = select i1 %or_ln300_4, i46 %select_ln640, i46 %y_V

]]></Node>
<StgValue><ssdm name="p_Val2_37"/></StgValue>
</operation>

<operation id="92" st_id="14" stage="1" lat="1">
<core>NULL</core>
<MemPortIdVec></MemPortIdVec>
<condition id="-1">
<or_exp><and_exp></and_exp></or_exp>
</condition>

<Node id="71" bw="2" op_0_bw="2" op_1_bw="46" op_2_bw="32" op_3_bw="32">
<![CDATA[
_ZN8ap_fixedILi47ELi24EL9ap_q_mode5EL9ap_o_mode3ELi0EEC2ILi24ELi10ELb1ELS0_5ELS1_3ELi0EEERK13ap_fixed_baseIXT_EXT0_EXT1_EXT2_EXT3_EXT4_EE.exit_ifconv:66 %tmp_94 = partselect i2 @_ssdm_op_PartSelect.i2.i46.i32.i32, i46 %p_Val2_37, i32 44, i32 45

]]></Node>
<StgValue><ssdm name="tmp_94"/></StgValue>
</operation>

<operation id="93" st_id="14" stage="1" lat="1">
<core>Cmp</core>
<MemPortIdVec></MemPortIdVec>
<condition id="-1">
<or_exp><and_exp></and_exp></or_exp>
</condition>

<Node id="72" bw="1" op_0_bw="2" op_1_bw="2">
<![CDATA[
_ZN8ap_fixedILi47ELi24EL9ap_q_mode5EL9ap_o_mode3ELi0EEC2ILi24ELi10ELb1ELS0_5ELS1_3ELi0EEERK13ap_fixed_baseIXT_EXT0_EXT1_EXT2_EXT3_EXT4_EE.exit_ifconv:67 %overf_1 = icmp_ne  i2 %tmp_94, i2 0

]]></Node>
<StgValue><ssdm name="overf_1"/></StgValue>
</operation>

<operation id="94" st_id="14" stage="1" lat="1">
<core>NULL</core>
<MemPortIdVec></MemPortIdVec>
<condition id="-1">
<or_exp><and_exp></and_exp></or_exp>
</condition>

<Node id="73" bw="1" op_0_bw="1" op_1_bw="46" op_2_bw="32">
<![CDATA[
_ZN8ap_fixedILi47ELi24EL9ap_q_mode5EL9ap_o_mode3ELi0EEC2ILi24ELi10ELb1ELS0_5ELS1_3ELi0EEERK13ap_fixed_baseIXT_EXT0_EXT1_EXT2_EXT3_EXT4_EE.exit_ifconv:68 %p_Result_s_53 = bitselect i1 @_ssdm_op_BitSelect.i1.i46.i32, i46 %p_Val2_37, i32 43

]]></Node>
<StgValue><ssdm name="p_Result_s_53"/></StgValue>
</operation>

<operation id="95" st_id="14" stage="1" lat="1">
<core>NULL</core>
<MemPortIdVec></MemPortIdVec>
<condition id="-1">
<or_exp><and_exp></and_exp></or_exp>
</condition>

<Node id="74" bw="1" op_0_bw="1" op_1_bw="46" op_2_bw="32">
<![CDATA[
_ZN8ap_fixedILi47ELi24EL9ap_q_mode5EL9ap_o_mode3ELi0EEC2ILi24ELi10ELb1ELS0_5ELS1_3ELi0EEERK13ap_fixed_baseIXT_EXT0_EXT1_EXT2_EXT3_EXT4_EE.exit_ifconv:69 %p_Result_13 = bitselect i1 @_ssdm_op_BitSelect.i1.i46.i32, i46 %p_Val2_37, i32 42

]]></Node>
<StgValue><ssdm name="p_Result_13"/></StgValue>
</operation>

<operation id="96" st_id="14" stage="1" lat="1">
<core>NULL</core>
<MemPortIdVec></MemPortIdVec>
<condition id="-1">
<or_exp><and_exp></and_exp></or_exp>
</condition>

<Node id="75" bw="1" op_0_bw="1" op_1_bw="46" op_2_bw="32">
<![CDATA[
_ZN8ap_fixedILi47ELi24EL9ap_q_mode5EL9ap_o_mode3ELi0EEC2ILi24ELi10ELb1ELS0_5ELS1_3ELi0EEERK13ap_fixed_baseIXT_EXT0_EXT1_EXT2_EXT3_EXT4_EE.exit_ifconv:70 %p_Result_14 = bitselect i1 @_ssdm_op_BitSelect.i1.i46.i32, i46 %p_Val2_37, i32 41

]]></Node>
<StgValue><ssdm name="p_Result_14"/></StgValue>
</operation>

<operation id="97" st_id="14" stage="1" lat="1">
<core>NULL</core>
<MemPortIdVec></MemPortIdVec>
<condition id="-1">
<or_exp><and_exp></and_exp></or_exp>
</condition>

<Node id="76" bw="1" op_0_bw="1" op_1_bw="46" op_2_bw="32">
<![CDATA[
_ZN8ap_fixedILi47ELi24EL9ap_q_mode5EL9ap_o_mode3ELi0EEC2ILi24ELi10ELb1ELS0_5ELS1_3ELi0EEERK13ap_fixed_baseIXT_EXT0_EXT1_EXT2_EXT3_EXT4_EE.exit_ifconv:71 %p_Result_15 = bitselect i1 @_ssdm_op_BitSelect.i1.i46.i32, i46 %p_Val2_37, i32 40

]]></Node>
<StgValue><ssdm name="p_Result_15"/></StgValue>
</operation>

<operation id="98" st_id="14" stage="1" lat="1">
<core>NULL</core>
<MemPortIdVec></MemPortIdVec>
<condition id="-1">
<or_exp><and_exp></and_exp></or_exp>
</condition>

<Node id="77" bw="1" op_0_bw="1" op_1_bw="46" op_2_bw="32">
<![CDATA[
_ZN8ap_fixedILi47ELi24EL9ap_q_mode5EL9ap_o_mode3ELi0EEC2ILi24ELi10ELb1ELS0_5ELS1_3ELi0EEERK13ap_fixed_baseIXT_EXT0_EXT1_EXT2_EXT3_EXT4_EE.exit_ifconv:72 %p_Result_16 = bitselect i1 @_ssdm_op_BitSelect.i1.i46.i32, i46 %p_Val2_37, i32 39

]]></Node>
<StgValue><ssdm name="p_Result_16"/></StgValue>
</operation>

<operation id="99" st_id="14" stage="1" lat="1">
<core>NULL</core>
<MemPortIdVec></MemPortIdVec>
<condition id="-1">
<or_exp><and_exp></and_exp></or_exp>
</condition>

<Node id="78" bw="1" op_0_bw="1" op_1_bw="46" op_2_bw="32">
<![CDATA[
_ZN8ap_fixedILi47ELi24EL9ap_q_mode5EL9ap_o_mode3ELi0EEC2ILi24ELi10ELb1ELS0_5ELS1_3ELi0EEERK13ap_fixed_baseIXT_EXT0_EXT1_EXT2_EXT3_EXT4_EE.exit_ifconv:73 %p_Result_17 = bitselect i1 @_ssdm_op_BitSelect.i1.i46.i32, i46 %p_Val2_37, i32 38

]]></Node>
<StgValue><ssdm name="p_Result_17"/></StgValue>
</operation>

<operation id="100" st_id="14" stage="1" lat="1">
<core>NULL</core>
<MemPortIdVec></MemPortIdVec>
<condition id="-1">
<or_exp><and_exp></and_exp></or_exp>
</condition>

<Node id="79" bw="1" op_0_bw="1" op_1_bw="46" op_2_bw="32">
<![CDATA[
_ZN8ap_fixedILi47ELi24EL9ap_q_mode5EL9ap_o_mode3ELi0EEC2ILi24ELi10ELb1ELS0_5ELS1_3ELi0EEERK13ap_fixed_baseIXT_EXT0_EXT1_EXT2_EXT3_EXT4_EE.exit_ifconv:74 %p_Result_18 = bitselect i1 @_ssdm_op_BitSelect.i1.i46.i32, i46 %p_Val2_37, i32 37

]]></Node>
<StgValue><ssdm name="p_Result_18"/></StgValue>
</operation>

<operation id="101" st_id="14" stage="1" lat="1">
<core>NULL</core>
<MemPortIdVec></MemPortIdVec>
<condition id="-1">
<or_exp><and_exp></and_exp></or_exp>
</condition>

<Node id="80" bw="1" op_0_bw="1" op_1_bw="46" op_2_bw="32">
<![CDATA[
_ZN8ap_fixedILi47ELi24EL9ap_q_mode5EL9ap_o_mode3ELi0EEC2ILi24ELi10ELb1ELS0_5ELS1_3ELi0EEERK13ap_fixed_baseIXT_EXT0_EXT1_EXT2_EXT3_EXT4_EE.exit_ifconv:75 %p_Result_19 = bitselect i1 @_ssdm_op_BitSelect.i1.i46.i32, i46 %p_Val2_37, i32 36

]]></Node>
<StgValue><ssdm name="p_Result_19"/></StgValue>
</operation>

<operation id="102" st_id="14" stage="1" lat="1">
<core>NULL</core>
<MemPortIdVec></MemPortIdVec>
<condition id="-1">
<or_exp><and_exp></and_exp></or_exp>
</condition>

<Node id="81" bw="1" op_0_bw="1" op_1_bw="46" op_2_bw="32">
<![CDATA[
_ZN8ap_fixedILi47ELi24EL9ap_q_mode5EL9ap_o_mode3ELi0EEC2ILi24ELi10ELb1ELS0_5ELS1_3ELi0EEERK13ap_fixed_baseIXT_EXT0_EXT1_EXT2_EXT3_EXT4_EE.exit_ifconv:76 %p_Result_20 = bitselect i1 @_ssdm_op_BitSelect.i1.i46.i32, i46 %p_Val2_37, i32 35

]]></Node>
<StgValue><ssdm name="p_Result_20"/></StgValue>
</operation>

<operation id="103" st_id="14" stage="1" lat="1">
<core>NULL</core>
<MemPortIdVec></MemPortIdVec>
<condition id="-1">
<or_exp><and_exp></and_exp></or_exp>
</condition>

<Node id="82" bw="1" op_0_bw="1" op_1_bw="46" op_2_bw="32">
<![CDATA[
_ZN8ap_fixedILi47ELi24EL9ap_q_mode5EL9ap_o_mode3ELi0EEC2ILi24ELi10ELb1ELS0_5ELS1_3ELi0EEERK13ap_fixed_baseIXT_EXT0_EXT1_EXT2_EXT3_EXT4_EE.exit_ifconv:77 %p_Result_21 = bitselect i1 @_ssdm_op_BitSelect.i1.i46.i32, i46 %p_Val2_37, i32 34

]]></Node>
<StgValue><ssdm name="p_Result_21"/></StgValue>
</operation>

<operation id="104" st_id="14" stage="1" lat="1">
<core>NULL</core>
<MemPortIdVec></MemPortIdVec>
<condition id="-1">
<or_exp><and_exp></and_exp></or_exp>
</condition>

<Node id="83" bw="1" op_0_bw="1" op_1_bw="46" op_2_bw="32">
<![CDATA[
_ZN8ap_fixedILi47ELi24EL9ap_q_mode5EL9ap_o_mode3ELi0EEC2ILi24ELi10ELb1ELS0_5ELS1_3ELi0EEERK13ap_fixed_baseIXT_EXT0_EXT1_EXT2_EXT3_EXT4_EE.exit_ifconv:78 %p_Result_22 = bitselect i1 @_ssdm_op_BitSelect.i1.i46.i32, i46 %p_Val2_37, i32 33

]]></Node>
<StgValue><ssdm name="p_Result_22"/></StgValue>
</operation>

<operation id="105" st_id="14" stage="1" lat="1">
<core>NULL</core>
<MemPortIdVec></MemPortIdVec>
<condition id="-1">
<or_exp><and_exp></and_exp></or_exp>
</condition>

<Node id="84" bw="1" op_0_bw="1" op_1_bw="46" op_2_bw="32">
<![CDATA[
_ZN8ap_fixedILi47ELi24EL9ap_q_mode5EL9ap_o_mode3ELi0EEC2ILi24ELi10ELb1ELS0_5ELS1_3ELi0EEERK13ap_fixed_baseIXT_EXT0_EXT1_EXT2_EXT3_EXT4_EE.exit_ifconv:79 %p_Result_23 = bitselect i1 @_ssdm_op_BitSelect.i1.i46.i32, i46 %p_Val2_37, i32 32

]]></Node>
<StgValue><ssdm name="p_Result_23"/></StgValue>
</operation>

<operation id="106" st_id="14" stage="1" lat="1">
<core>LogicGate</core>
<MemPortIdVec></MemPortIdVec>
<condition id="-1">
<or_exp><and_exp></and_exp></or_exp>
</condition>

<Node id="85" bw="1" op_0_bw="1" op_1_bw="1">
<![CDATA[
_ZN8ap_fixedILi47ELi24EL9ap_q_mode5EL9ap_o_mode3ELi0EEC2ILi24ELi10ELb1ELS0_5ELS1_3ELi0EEERK13ap_fixed_baseIXT_EXT0_EXT1_EXT2_EXT3_EXT4_EE.exit_ifconv:80 %or_ln533 = or i1 %overf_1, i1 %p_Result_13

]]></Node>
<StgValue><ssdm name="or_ln533"/></StgValue>
</operation>

<operation id="107" st_id="14" stage="1" lat="1">
<core>LogicGate</core>
<MemPortIdVec></MemPortIdVec>
<condition id="-1">
<or_exp><and_exp></and_exp></or_exp>
</condition>

<Node id="86" bw="1" op_0_bw="1" op_1_bw="1">
<![CDATA[
_ZN8ap_fixedILi47ELi24EL9ap_q_mode5EL9ap_o_mode3ELi0EEC2ILi24ELi10ELb1ELS0_5ELS1_3ELi0EEERK13ap_fixed_baseIXT_EXT0_EXT1_EXT2_EXT3_EXT4_EE.exit_ifconv:81 %or_ln533_1 = or i1 %or_ln533, i1 %p_Result_s_53

]]></Node>
<StgValue><ssdm name="or_ln533_1"/></StgValue>
</operation>

<operation id="108" st_id="14" stage="1" lat="1">
<core>LogicGate</core>
<MemPortIdVec></MemPortIdVec>
<condition id="-1">
<or_exp><and_exp></and_exp></or_exp>
</condition>

<Node id="87" bw="1" op_0_bw="1" op_1_bw="1">
<![CDATA[
_ZN8ap_fixedILi47ELi24EL9ap_q_mode5EL9ap_o_mode3ELi0EEC2ILi24ELi10ELb1ELS0_5ELS1_3ELi0EEERK13ap_fixed_baseIXT_EXT0_EXT1_EXT2_EXT3_EXT4_EE.exit_ifconv:82 %or_ln533_2 = or i1 %p_Result_15, i1 %p_Result_16

]]></Node>
<StgValue><ssdm name="or_ln533_2"/></StgValue>
</operation>

<operation id="109" st_id="14" stage="1" lat="1">
<core>LogicGate</core>
<MemPortIdVec></MemPortIdVec>
<condition id="-1">
<or_exp><and_exp></and_exp></or_exp>
</condition>

<Node id="88" bw="1" op_0_bw="1" op_1_bw="1">
<![CDATA[
_ZN8ap_fixedILi47ELi24EL9ap_q_mode5EL9ap_o_mode3ELi0EEC2ILi24ELi10ELb1ELS0_5ELS1_3ELi0EEERK13ap_fixed_baseIXT_EXT0_EXT1_EXT2_EXT3_EXT4_EE.exit_ifconv:83 %or_ln533_3 = or i1 %or_ln533_2, i1 %p_Result_14

]]></Node>
<StgValue><ssdm name="or_ln533_3"/></StgValue>
</operation>

<operation id="110" st_id="14" stage="1" lat="1">
<core>LogicGate</core>
<MemPortIdVec></MemPortIdVec>
<condition id="-1">
<or_exp><and_exp></and_exp></or_exp>
</condition>

<Node id="89" bw="1" op_0_bw="1" op_1_bw="1">
<![CDATA[
_ZN8ap_fixedILi47ELi24EL9ap_q_mode5EL9ap_o_mode3ELi0EEC2ILi24ELi10ELb1ELS0_5ELS1_3ELi0EEERK13ap_fixed_baseIXT_EXT0_EXT1_EXT2_EXT3_EXT4_EE.exit_ifconv:84 %or_ln533_4 = or i1 %or_ln533_3, i1 %or_ln533_1

]]></Node>
<StgValue><ssdm name="or_ln533_4"/></StgValue>
</operation>

<operation id="111" st_id="14" stage="1" lat="1">
<core>LogicGate</core>
<MemPortIdVec></MemPortIdVec>
<condition id="-1">
<or_exp><and_exp></and_exp></or_exp>
</condition>

<Node id="90" bw="1" op_0_bw="1" op_1_bw="1">
<![CDATA[
_ZN8ap_fixedILi47ELi24EL9ap_q_mode5EL9ap_o_mode3ELi0EEC2ILi24ELi10ELb1ELS0_5ELS1_3ELi0EEERK13ap_fixed_baseIXT_EXT0_EXT1_EXT2_EXT3_EXT4_EE.exit_ifconv:85 %or_ln533_5 = or i1 %p_Result_18, i1 %p_Result_19

]]></Node>
<StgValue><ssdm name="or_ln533_5"/></StgValue>
</operation>

<operation id="112" st_id="14" stage="1" lat="1">
<core>LogicGate</core>
<MemPortIdVec></MemPortIdVec>
<condition id="-1">
<or_exp><and_exp></and_exp></or_exp>
</condition>

<Node id="91" bw="1" op_0_bw="1" op_1_bw="1">
<![CDATA[
_ZN8ap_fixedILi47ELi24EL9ap_q_mode5EL9ap_o_mode3ELi0EEC2ILi24ELi10ELb1ELS0_5ELS1_3ELi0EEERK13ap_fixed_baseIXT_EXT0_EXT1_EXT2_EXT3_EXT4_EE.exit_ifconv:86 %or_ln533_6 = or i1 %or_ln533_5, i1 %p_Result_17

]]></Node>
<StgValue><ssdm name="or_ln533_6"/></StgValue>
</operation>

<operation id="113" st_id="14" stage="1" lat="1">
<core>LogicGate</core>
<MemPortIdVec></MemPortIdVec>
<condition id="-1">
<or_exp><and_exp></and_exp></or_exp>
</condition>

<Node id="92" bw="1" op_0_bw="1" op_1_bw="1">
<![CDATA[
_ZN8ap_fixedILi47ELi24EL9ap_q_mode5EL9ap_o_mode3ELi0EEC2ILi24ELi10ELb1ELS0_5ELS1_3ELi0EEERK13ap_fixed_baseIXT_EXT0_EXT1_EXT2_EXT3_EXT4_EE.exit_ifconv:87 %or_ln533_7 = or i1 %p_Result_20, i1 %p_Result_21

]]></Node>
<StgValue><ssdm name="or_ln533_7"/></StgValue>
</operation>

<operation id="114" st_id="14" stage="1" lat="1">
<core>LogicGate</core>
<MemPortIdVec></MemPortIdVec>
<condition id="-1">
<or_exp><and_exp></and_exp></or_exp>
</condition>

<Node id="93" bw="1" op_0_bw="1" op_1_bw="1">
<![CDATA[
_ZN8ap_fixedILi47ELi24EL9ap_q_mode5EL9ap_o_mode3ELi0EEC2ILi24ELi10ELb1ELS0_5ELS1_3ELi0EEERK13ap_fixed_baseIXT_EXT0_EXT1_EXT2_EXT3_EXT4_EE.exit_ifconv:88 %or_ln533_8 = or i1 %p_Result_22, i1 %p_Result_23

]]></Node>
<StgValue><ssdm name="or_ln533_8"/></StgValue>
</operation>

<operation id="115" st_id="14" stage="1" lat="1">
<core>LogicGate</core>
<MemPortIdVec></MemPortIdVec>
<condition id="-1">
<or_exp><and_exp></and_exp></or_exp>
</condition>

<Node id="94" bw="1" op_0_bw="1" op_1_bw="1">
<![CDATA[
_ZN8ap_fixedILi47ELi24EL9ap_q_mode5EL9ap_o_mode3ELi0EEC2ILi24ELi10ELb1ELS0_5ELS1_3ELi0EEERK13ap_fixed_baseIXT_EXT0_EXT1_EXT2_EXT3_EXT4_EE.exit_ifconv:89 %or_ln533_9 = or i1 %or_ln533_8, i1 %or_ln533_7

]]></Node>
<StgValue><ssdm name="or_ln533_9"/></StgValue>
</operation>

<operation id="116" st_id="14" stage="1" lat="1">
<core>LogicGate</core>
<MemPortIdVec></MemPortIdVec>
<condition id="-1">
<or_exp><and_exp></and_exp></or_exp>
</condition>

<Node id="95" bw="1" op_0_bw="1" op_1_bw="1">
<![CDATA[
_ZN8ap_fixedILi47ELi24EL9ap_q_mode5EL9ap_o_mode3ELi0EEC2ILi24ELi10ELb1ELS0_5ELS1_3ELi0EEERK13ap_fixed_baseIXT_EXT0_EXT1_EXT2_EXT3_EXT4_EE.exit_ifconv:90 %or_ln533_10 = or i1 %or_ln533_9, i1 %or_ln533_6

]]></Node>
<StgValue><ssdm name="or_ln533_10"/></StgValue>
</operation>

<operation id="117" st_id="14" stage="1" lat="1">
<core>LogicGate</core>
<MemPortIdVec></MemPortIdVec>
<condition id="-1">
<or_exp><and_exp></and_exp></or_exp>
</condition>

<Node id="96" bw="1" op_0_bw="1" op_1_bw="1">
<![CDATA[
_ZN8ap_fixedILi47ELi24EL9ap_q_mode5EL9ap_o_mode3ELi0EEC2ILi24ELi10ELb1ELS0_5ELS1_3ELi0EEERK13ap_fixed_baseIXT_EXT0_EXT1_EXT2_EXT3_EXT4_EE.exit_ifconv:91 %overf_2 = or i1 %or_ln533_10, i1 %or_ln533_4

]]></Node>
<StgValue><ssdm name="overf_2"/></StgValue>
</operation>
</state>

<state id="15" st_id="15">

<operation id="118" st_id="15" stage="1" lat="1">
<core>NULL</core>
<MemPortIdVec></MemPortIdVec>
<condition id="-1">
<or_exp><and_exp></and_exp></or_exp>
</condition>

<Node id="5" bw="0" op_0_bw="0" op_1_bw="32" op_2_bw="32" op_3_bw="32" op_4_bw="32" op_5_bw="0">
<![CDATA[
_ZN8ap_fixedILi47ELi24EL9ap_q_mode5EL9ap_o_mode3ELi0EEC2ILi24ELi10ELb1ELS0_5ELS1_3ELi0EEERK13ap_fixed_baseIXT_EXT0_EXT1_EXT2_EXT3_EXT4_EE.exit_ifconv:0 %specpipeline_ln39 = specpipeline void @_ssdm_op_SpecPipeline, i32 4294967295, i32 0, i32 0, i32 0, void @empty_4

]]></Node>
<StgValue><ssdm name="specpipeline_ln39"/></StgValue>
</operation>

<operation id="119" st_id="15" stage="1" lat="1">
<core>NULL</core>
<MemPortIdVec></MemPortIdVec>
<condition id="-1">
<or_exp><and_exp><literal name="overf_2" val="0"/>
</and_exp></or_exp>
</condition>

<Node id="97" bw="23" op_0_bw="23" op_1_bw="46" op_2_bw="32" op_3_bw="32">
<![CDATA[
_ZN8ap_fixedILi47ELi24EL9ap_q_mode5EL9ap_o_mode3ELi0EEC2ILi24ELi10ELb1ELS0_5ELS1_3ELi0EEERK13ap_fixed_baseIXT_EXT0_EXT1_EXT2_EXT3_EXT4_EE.exit_ifconv:92 %tmp_s = partselect i23 @_ssdm_op_PartSelect.i23.i46.i32.i32, i46 %p_Val2_37, i32 9, i32 31

]]></Node>
<StgValue><ssdm name="tmp_s"/></StgValue>
</operation>

<operation id="120" st_id="15" stage="1" lat="1">
<core>Sel</core>
<MemPortIdVec></MemPortIdVec>
<condition id="-1">
<or_exp><and_exp></and_exp></or_exp>
</condition>

<Node id="98" bw="23" op_0_bw="1" op_1_bw="23" op_2_bw="23">
<![CDATA[
_ZN8ap_fixedILi47ELi24EL9ap_q_mode5EL9ap_o_mode3ELi0EEC2ILi24ELi10ELb1ELS0_5ELS1_3ELi0EEERK13ap_fixed_baseIXT_EXT0_EXT1_EXT2_EXT3_EXT4_EE.exit_ifconv:93 %select_ln536 = select i1 %overf_2, i23 8388607, i23 %tmp_s

]]></Node>
<StgValue><ssdm name="select_ln536"/></StgValue>
</operation>

<operation id="121" st_id="15" stage="1" lat="1">
<core>NULL</core>
<MemPortIdVec></MemPortIdVec>
<condition id="-1">
<or_exp><and_exp></and_exp></or_exp>
</condition>

<Node id="99" bw="0" op_0_bw="23">
<![CDATA[
_ZN8ap_fixedILi47ELi24EL9ap_q_mode5EL9ap_o_mode3ELi0EEC2ILi24ELi10ELb1ELS0_5ELS1_3ELi0EEERK13ap_fixed_baseIXT_EXT0_EXT1_EXT2_EXT3_EXT4_EE.exit_ifconv:94 %ret_ln953 = ret i23 %select_ln536

]]></Node>
<StgValue><ssdm name="ret_ln953"/></StgValue>
</operation>
</state>
</state_list>


<ports>
<port id="151" name="x" dir="0" iftype="0">
<core>NULL</core><StgValue><ssdm name="x"/></StgValue>
</port>
<port id="152" name="f_x_msb_3_table_V" dir="0" iftype="1">
<core>ROM</core><StgValue><ssdm name="f_x_msb_3_table_V"/><MemPortTyVec>1 </MemPortTyVec>
</StgValue>
</port>
<port id="153" name="f_x_msb_2_table_V" dir="0" iftype="1">
<core>ROM</core><StgValue><ssdm name="f_x_msb_2_table_V"/><MemPortTyVec>1 </MemPortTyVec>
</StgValue>
</port>
<port id="154" name="exp_x_msb_1_table_V" dir="0" iftype="1">
<core>ROM</core><StgValue><ssdm name="exp_x_msb_1_table_V"/><MemPortTyVec>1 </MemPortTyVec>
</StgValue>
</port>
</ports>


<dataflows>
<dataflow id="156" from="_ssdm_op_Read.ap_auto.i24" to="x_read" fromId="155" toId="16">
</dataflow>
<dataflow id="157" from="x" to="x_read" fromId="151" toId="16">
</dataflow>
<dataflow id="159" from="_ssdm_op_PartSelect.i5.i24.i32.i32" to="p_Result_24" fromId="158" toId="17">
</dataflow>
<dataflow id="160" from="x_read" to="p_Result_24" fromId="16" toId="17">
</dataflow>
<dataflow id="162" from="StgValue_161" to="p_Result_24" fromId="161" toId="17">
</dataflow>
<dataflow id="164" from="StgValue_163" to="p_Result_24" fromId="163" toId="17">
</dataflow>
<dataflow id="165" from="x_read" to="trunc_ln640" fromId="16" toId="18">
</dataflow>
<dataflow id="167" from="_ssdm_op_BitConcatenate.i23.i14.i9" to="p_Result_25" fromId="166" toId="19">
</dataflow>
<dataflow id="168" from="trunc_ln640" to="p_Result_25" fromId="18" toId="19">
</dataflow>
<dataflow id="170" from="StgValue_169" to="p_Result_25" fromId="169" toId="19">
</dataflow>
<dataflow id="172" from="_ssdm_op_BitSelect.i1.i24.i32" to="tmp" fromId="171" toId="20">
</dataflow>
<dataflow id="173" from="x_read" to="tmp" fromId="16" toId="20">
</dataflow>
<dataflow id="175" from="StgValue_174" to="tmp" fromId="174" toId="20">
</dataflow>
<dataflow id="176" from="_ssdm_op_BitSelect.i1.i24.i32" to="tmp_87" fromId="171" toId="21">
</dataflow>
<dataflow id="177" from="x_read" to="tmp_87" fromId="16" toId="21">
</dataflow>
<dataflow id="178" from="StgValue_163" to="tmp_87" fromId="163" toId="21">
</dataflow>
<dataflow id="179" from="tmp" to="overf" fromId="20" toId="22">
</dataflow>
<dataflow id="180" from="tmp_87" to="overf" fromId="21" toId="22">
</dataflow>
<dataflow id="181" from="_ssdm_op_BitSelect.i1.i24.i32" to="tmp_88" fromId="171" toId="23">
</dataflow>
<dataflow id="182" from="x_read" to="tmp_88" fromId="16" toId="23">
</dataflow>
<dataflow id="184" from="StgValue_183" to="tmp_88" fromId="183" toId="23">
</dataflow>
<dataflow id="185" from="tmp" to="xor_ln222_2" fromId="20" toId="24">
</dataflow>
<dataflow id="186" from="tmp_88" to="xor_ln222_2" fromId="23" toId="24">
</dataflow>
<dataflow id="187" from="_ssdm_op_BitSelect.i1.i24.i32" to="tmp_89" fromId="171" toId="25">
</dataflow>
<dataflow id="188" from="x_read" to="tmp_89" fromId="16" toId="25">
</dataflow>
<dataflow id="190" from="StgValue_189" to="tmp_89" fromId="189" toId="25">
</dataflow>
<dataflow id="191" from="tmp" to="xor_ln222_3" fromId="20" toId="26">
</dataflow>
<dataflow id="192" from="tmp_89" to="xor_ln222_3" fromId="25" toId="26">
</dataflow>
<dataflow id="193" from="_ssdm_op_BitSelect.i1.i24.i32" to="tmp_90" fromId="171" toId="27">
</dataflow>
<dataflow id="194" from="x_read" to="tmp_90" fromId="16" toId="27">
</dataflow>
<dataflow id="196" from="StgValue_195" to="tmp_90" fromId="195" toId="27">
</dataflow>
<dataflow id="197" from="tmp" to="xor_ln222_4" fromId="20" toId="28">
</dataflow>
<dataflow id="198" from="tmp_90" to="xor_ln222_4" fromId="27" toId="28">
</dataflow>
<dataflow id="199" from="_ssdm_op_BitSelect.i1.i24.i32" to="tmp_91" fromId="171" toId="29">
</dataflow>
<dataflow id="200" from="x_read" to="tmp_91" fromId="16" toId="29">
</dataflow>
<dataflow id="202" from="StgValue_201" to="tmp_91" fromId="201" toId="29">
</dataflow>
<dataflow id="203" from="tmp" to="xor_ln222" fromId="20" toId="30">
</dataflow>
<dataflow id="204" from="tmp_91" to="xor_ln222" fromId="29" toId="30">
</dataflow>
<dataflow id="205" from="p_Result_24" to="icmp_ln1551" fromId="17" toId="31">
</dataflow>
<dataflow id="207" from="StgValue_206" to="icmp_ln1551" fromId="206" toId="31">
</dataflow>
<dataflow id="208" from="p_Result_25" to="icmp_ln1549" fromId="19" toId="32">
</dataflow>
<dataflow id="210" from="StgValue_209" to="icmp_ln1549" fromId="209" toId="32">
</dataflow>
<dataflow id="211" from="icmp_ln1551" to="and_ln300" fromId="31" toId="33">
</dataflow>
<dataflow id="212" from="icmp_ln1549" to="and_ln300" fromId="32" toId="33">
</dataflow>
<dataflow id="214" from="_ssdm_op_PartSelect.i7.i24.i32.i32" to="p_Result_s" fromId="213" toId="34">
</dataflow>
<dataflow id="215" from="x_read" to="p_Result_s" fromId="16" toId="34">
</dataflow>
<dataflow id="217" from="StgValue_216" to="p_Result_s" fromId="216" toId="34">
</dataflow>
<dataflow id="219" from="StgValue_218" to="p_Result_s" fromId="218" toId="34">
</dataflow>
<dataflow id="221" from="_ssdm_op_PartSelect.i8.i24.i32.i32" to="tmp_107" fromId="220" toId="35">
</dataflow>
<dataflow id="222" from="x_read" to="tmp_107" fromId="16" toId="35">
</dataflow>
<dataflow id="224" from="StgValue_223" to="tmp_107" fromId="223" toId="35">
</dataflow>
<dataflow id="226" from="StgValue_225" to="tmp_107" fromId="225" toId="35">
</dataflow>
<dataflow id="227" from="x_read" to="trunc_ln640_1" fromId="16" toId="36">
</dataflow>
<dataflow id="229" from="_ssdm_op_BitConcatenate.i5.i3.i2" to="tmp_108" fromId="228" toId="37">
</dataflow>
<dataflow id="230" from="trunc_ln640_1" to="tmp_108" fromId="36" toId="37">
</dataflow>
<dataflow id="232" from="StgValue_231" to="tmp_108" fromId="231" toId="37">
</dataflow>
<dataflow id="233" from="tmp_108" to="zext_ln587" fromId="37" toId="38">
</dataflow>
<dataflow id="234" from="f_x_msb_3_table_V" to="f_x_msb_3_table_V_addr" fromId="152" toId="39">
</dataflow>
<dataflow id="236" from="StgValue_235" to="f_x_msb_3_table_V_addr" fromId="235" toId="39">
</dataflow>
<dataflow id="237" from="zext_ln587" to="f_x_msb_3_table_V_addr" fromId="38" toId="39">
</dataflow>
<dataflow id="238" from="f_x_msb_3_table_V_addr" to="f_x_msb_3_V" fromId="39" toId="40">
</dataflow>
<dataflow id="239" from="tmp_107" to="zext_ln587_2" fromId="35" toId="41">
</dataflow>
<dataflow id="240" from="f_x_msb_2_table_V" to="f_x_msb_2_table_V_addr" fromId="153" toId="42">
</dataflow>
<dataflow id="241" from="StgValue_235" to="f_x_msb_2_table_V_addr" fromId="235" toId="42">
</dataflow>
<dataflow id="242" from="zext_ln587_2" to="f_x_msb_2_table_V_addr" fromId="41" toId="42">
</dataflow>
<dataflow id="243" from="f_x_msb_2_table_V_addr" to="f_x_msb_2_V" fromId="42" toId="43">
</dataflow>
<dataflow id="244" from="overf" to="or_ln300" fromId="22" toId="44">
</dataflow>
<dataflow id="245" from="xor_ln222_3" to="or_ln300" fromId="26" toId="44">
</dataflow>
<dataflow id="246" from="or_ln300" to="or_ln300_1" fromId="44" toId="45">
</dataflow>
<dataflow id="247" from="xor_ln222_2" to="or_ln300_1" fromId="24" toId="45">
</dataflow>
<dataflow id="248" from="xor_ln222" to="or_ln300_2" fromId="30" toId="46">
</dataflow>
<dataflow id="249" from="and_ln300" to="or_ln300_2" fromId="33" toId="46">
</dataflow>
<dataflow id="250" from="or_ln300_2" to="or_ln300_3" fromId="46" toId="47">
</dataflow>
<dataflow id="251" from="xor_ln222_4" to="or_ln300_3" fromId="28" toId="47">
</dataflow>
<dataflow id="252" from="f_x_msb_3_table_V_addr" to="f_x_msb_3_V" fromId="39" toId="48">
</dataflow>
<dataflow id="253" from="f_x_msb_2_table_V_addr" to="f_x_msb_2_V" fromId="42" toId="49">
</dataflow>
<dataflow id="255" from="_ssdm_op_PartSelect.i5.i46.i32.i32" to="p_Result_27" fromId="254" toId="50">
</dataflow>
<dataflow id="256" from="f_x_msb_2_V" to="p_Result_27" fromId="49" toId="50">
</dataflow>
<dataflow id="258" from="StgValue_257" to="p_Result_27" fromId="257" toId="50">
</dataflow>
<dataflow id="260" from="StgValue_259" to="p_Result_27" fromId="259" toId="50">
</dataflow>
<dataflow id="261" from="p_Result_27" to="zext_ln712" fromId="50" toId="51">
</dataflow>
<dataflow id="262" from="tmp_107" to="zext_ln712_2" fromId="35" toId="52">
</dataflow>
<dataflow id="263" from="zext_ln712_2" to="ret_V_15" fromId="52" toId="53">
</dataflow>
<dataflow id="264" from="zext_ln712" to="ret_V_15" fromId="51" toId="53">
</dataflow>
<dataflow id="265" from="f_x_msb_2_V" to="trunc_ln640_2" fromId="49" toId="54">
</dataflow>
<dataflow id="267" from="_ssdm_op_BitConcatenate.i47.i3.i9.i32.i3" to="rhs_2" fromId="266" toId="55">
</dataflow>
<dataflow id="268" from="trunc_ln640_1" to="rhs_2" fromId="36" toId="55">
</dataflow>
<dataflow id="269" from="StgValue_169" to="rhs_2" fromId="169" toId="55">
</dataflow>
<dataflow id="270" from="f_x_msb_3_V" to="rhs_2" fromId="48" toId="55">
</dataflow>
<dataflow id="272" from="StgValue_271" to="rhs_2" fromId="271" toId="55">
</dataflow>
<dataflow id="274" from="_ssdm_op_BitConcatenate.i50.i9.i41" to="p_Result_28" fromId="273" toId="56">
</dataflow>
<dataflow id="275" from="ret_V_15" to="p_Result_28" fromId="53" toId="56">
</dataflow>
<dataflow id="276" from="trunc_ln640_2" to="p_Result_28" fromId="54" toId="56">
</dataflow>
<dataflow id="277" from="p_Result_28" to="zext_ln1168" fromId="56" toId="57">
</dataflow>
<dataflow id="278" from="rhs_2" to="zext_ln1171" fromId="55" toId="58">
</dataflow>
<dataflow id="279" from="zext_ln1168" to="r_V" fromId="57" toId="59">
</dataflow>
<dataflow id="280" from="zext_ln1171" to="r_V" fromId="58" toId="59">
</dataflow>
<dataflow id="281" from="zext_ln1168" to="r_V" fromId="57" toId="60">
</dataflow>
<dataflow id="282" from="zext_ln1171" to="r_V" fromId="58" toId="60">
</dataflow>
<dataflow id="283" from="zext_ln1168" to="r_V" fromId="57" toId="61">
</dataflow>
<dataflow id="284" from="zext_ln1171" to="r_V" fromId="58" toId="61">
</dataflow>
<dataflow id="285" from="zext_ln1168" to="r_V" fromId="57" toId="62">
</dataflow>
<dataflow id="286" from="zext_ln1171" to="r_V" fromId="58" toId="62">
</dataflow>
<dataflow id="288" from="_ssdm_op_BitConcatenate.i8.i1.i7" to="p_Result_26" fromId="287" toId="63">
</dataflow>
<dataflow id="289" from="tmp" to="p_Result_26" fromId="20" toId="63">
</dataflow>
<dataflow id="290" from="p_Result_s" to="p_Result_26" fromId="34" toId="63">
</dataflow>
<dataflow id="291" from="zext_ln1168" to="r_V" fromId="57" toId="64">
</dataflow>
<dataflow id="292" from="zext_ln1171" to="r_V" fromId="58" toId="64">
</dataflow>
<dataflow id="294" from="_ssdm_op_PartSelect.i45.i97.i32.i32" to="trunc_ln9" fromId="293" toId="65">
</dataflow>
<dataflow id="295" from="r_V" to="trunc_ln9" fromId="64" toId="65">
</dataflow>
<dataflow id="297" from="StgValue_296" to="trunc_ln9" fromId="296" toId="65">
</dataflow>
<dataflow id="299" from="StgValue_298" to="trunc_ln9" fromId="298" toId="65">
</dataflow>
<dataflow id="300" from="p_Result_26" to="zext_ln587_3" fromId="63" toId="66">
</dataflow>
<dataflow id="301" from="exp_x_msb_1_table_V" to="exp_x_msb_1_table_V_addr" fromId="154" toId="67">
</dataflow>
<dataflow id="302" from="StgValue_235" to="exp_x_msb_1_table_V_addr" fromId="235" toId="67">
</dataflow>
<dataflow id="303" from="zext_ln587_3" to="exp_x_msb_1_table_V_addr" fromId="66" toId="67">
</dataflow>
<dataflow id="304" from="exp_x_msb_1_table_V_addr" to="exp_x_msb_1_V" fromId="67" toId="68">
</dataflow>
<dataflow id="305" from="trunc_ln9" to="zext_ln1245" fromId="65" toId="69">
</dataflow>
<dataflow id="307" from="_ssdm_op_BitConcatenate.i56.i9.i41.i6" to="rhs_1" fromId="306" toId="70">
</dataflow>
<dataflow id="308" from="ret_V_15" to="rhs_1" fromId="53" toId="70">
</dataflow>
<dataflow id="309" from="trunc_ln640_2" to="rhs_1" fromId="54" toId="70">
</dataflow>
<dataflow id="311" from="StgValue_310" to="rhs_1" fromId="310" toId="70">
</dataflow>
<dataflow id="312" from="rhs_2" to="zext_ln1245_1" fromId="55" toId="71">
</dataflow>
<dataflow id="313" from="zext_ln1245_1" to="add_ln1245" fromId="71" toId="72">
</dataflow>
<dataflow id="314" from="zext_ln1245" to="add_ln1245" fromId="69" toId="72">
</dataflow>
<dataflow id="315" from="add_ln1245" to="zext_ln1245_2" fromId="72" toId="73">
</dataflow>
<dataflow id="316" from="zext_ln1245_2" to="ret_V" fromId="73" toId="74">
</dataflow>
<dataflow id="317" from="rhs_1" to="ret_V" fromId="70" toId="74">
</dataflow>
<dataflow id="319" from="_ssdm_op_PartSelect.i50.i56.i32.i32" to="exp_x_msb_2_3_4_lsb_m_1_V" fromId="318" toId="75">
</dataflow>
<dataflow id="320" from="ret_V" to="exp_x_msb_2_3_4_lsb_m_1_V" fromId="74" toId="75">
</dataflow>
<dataflow id="322" from="StgValue_321" to="exp_x_msb_2_3_4_lsb_m_1_V" fromId="321" toId="75">
</dataflow>
<dataflow id="324" from="StgValue_323" to="exp_x_msb_2_3_4_lsb_m_1_V" fromId="323" toId="75">
</dataflow>
<dataflow id="325" from="exp_x_msb_1_table_V_addr" to="exp_x_msb_1_V" fromId="67" toId="76">
</dataflow>
<dataflow id="326" from="exp_x_msb_1_V" to="zext_ln1169" fromId="76" toId="77">
</dataflow>
<dataflow id="327" from="exp_x_msb_2_3_4_lsb_m_1_V" to="zext_ln1171_1" fromId="75" toId="78">
</dataflow>
<dataflow id="328" from="zext_ln1171_1" to="r_V_76" fromId="78" toId="79">
</dataflow>
<dataflow id="329" from="zext_ln1169" to="r_V_76" fromId="77" toId="79">
</dataflow>
<dataflow id="330" from="zext_ln1171_1" to="r_V_76" fromId="78" toId="80">
</dataflow>
<dataflow id="331" from="zext_ln1169" to="r_V_76" fromId="77" toId="80">
</dataflow>
<dataflow id="332" from="zext_ln1171_1" to="r_V_76" fromId="78" toId="81">
</dataflow>
<dataflow id="333" from="zext_ln1169" to="r_V_76" fromId="77" toId="81">
</dataflow>
<dataflow id="334" from="zext_ln1171_1" to="r_V_76" fromId="78" toId="82">
</dataflow>
<dataflow id="335" from="zext_ln1169" to="r_V_76" fromId="77" toId="82">
</dataflow>
<dataflow id="336" from="zext_ln1171_1" to="r_V_76" fromId="78" toId="83">
</dataflow>
<dataflow id="337" from="zext_ln1169" to="r_V_76" fromId="77" toId="83">
</dataflow>
<dataflow id="339" from="_ssdm_op_PartSelect.i48.i100.i32.i32" to="trunc_ln712_1" fromId="338" toId="84">
</dataflow>
<dataflow id="340" from="r_V_76" to="trunc_ln712_1" fromId="83" toId="84">
</dataflow>
<dataflow id="341" from="StgValue_296" to="trunc_ln712_1" fromId="296" toId="84">
</dataflow>
<dataflow id="343" from="StgValue_342" to="trunc_ln712_1" fromId="342" toId="84">
</dataflow>
<dataflow id="344" from="tmp" to="xor_ln288" fromId="20" toId="85">
</dataflow>
<dataflow id="346" from="StgValue_345" to="xor_ln288" fromId="345" toId="85">
</dataflow>
<dataflow id="347" from="xor_ln288" to="select_ln640" fromId="85" toId="86">
</dataflow>
<dataflow id="349" from="StgValue_348" to="select_ln640" fromId="348" toId="86">
</dataflow>
<dataflow id="351" from="StgValue_350" to="select_ln640" fromId="350" toId="86">
</dataflow>
<dataflow id="352" from="trunc_ln712_1" to="zext_ln712_1" fromId="84" toId="87">
</dataflow>
<dataflow id="353" from="exp_x_msb_1_V" to="y_l_V" fromId="76" toId="88">
</dataflow>
<dataflow id="354" from="zext_ln712_1" to="y_l_V" fromId="87" toId="88">
</dataflow>
<dataflow id="356" from="_ssdm_op_PartSelect.i46.i50.i32.i32" to="y_V" fromId="355" toId="89">
</dataflow>
<dataflow id="357" from="y_l_V" to="y_V" fromId="88" toId="89">
</dataflow>
<dataflow id="359" from="StgValue_358" to="y_V" fromId="358" toId="89">
</dataflow>
<dataflow id="361" from="StgValue_360" to="y_V" fromId="360" toId="89">
</dataflow>
<dataflow id="362" from="or_ln300_3" to="or_ln300_4" fromId="47" toId="90">
</dataflow>
<dataflow id="363" from="or_ln300_1" to="or_ln300_4" fromId="45" toId="90">
</dataflow>
<dataflow id="364" from="or_ln300_4" to="p_Val2_37" fromId="90" toId="91">
</dataflow>
<dataflow id="365" from="select_ln640" to="p_Val2_37" fromId="86" toId="91">
</dataflow>
<dataflow id="366" from="y_V" to="p_Val2_37" fromId="89" toId="91">
</dataflow>
<dataflow id="368" from="_ssdm_op_PartSelect.i2.i46.i32.i32" to="tmp_94" fromId="367" toId="92">
</dataflow>
<dataflow id="369" from="p_Val2_37" to="tmp_94" fromId="91" toId="92">
</dataflow>
<dataflow id="371" from="StgValue_370" to="tmp_94" fromId="370" toId="92">
</dataflow>
<dataflow id="372" from="StgValue_259" to="tmp_94" fromId="259" toId="92">
</dataflow>
<dataflow id="373" from="tmp_94" to="overf_1" fromId="92" toId="93">
</dataflow>
<dataflow id="374" from="StgValue_231" to="overf_1" fromId="231" toId="93">
</dataflow>
<dataflow id="376" from="_ssdm_op_BitSelect.i1.i46.i32" to="p_Result_s_53" fromId="375" toId="94">
</dataflow>
<dataflow id="377" from="p_Val2_37" to="p_Result_s_53" fromId="91" toId="94">
</dataflow>
<dataflow id="379" from="StgValue_378" to="p_Result_s_53" fromId="378" toId="94">
</dataflow>
<dataflow id="380" from="_ssdm_op_BitSelect.i1.i46.i32" to="p_Result_13" fromId="375" toId="95">
</dataflow>
<dataflow id="381" from="p_Val2_37" to="p_Result_13" fromId="91" toId="95">
</dataflow>
<dataflow id="383" from="StgValue_382" to="p_Result_13" fromId="382" toId="95">
</dataflow>
<dataflow id="384" from="_ssdm_op_BitSelect.i1.i46.i32" to="p_Result_14" fromId="375" toId="96">
</dataflow>
<dataflow id="385" from="p_Val2_37" to="p_Result_14" fromId="91" toId="96">
</dataflow>
<dataflow id="386" from="StgValue_257" to="p_Result_14" fromId="257" toId="96">
</dataflow>
<dataflow id="387" from="_ssdm_op_BitSelect.i1.i46.i32" to="p_Result_15" fromId="375" toId="97">
</dataflow>
<dataflow id="388" from="p_Val2_37" to="p_Result_15" fromId="91" toId="97">
</dataflow>
<dataflow id="390" from="StgValue_389" to="p_Result_15" fromId="389" toId="97">
</dataflow>
<dataflow id="391" from="_ssdm_op_BitSelect.i1.i46.i32" to="p_Result_16" fromId="375" toId="98">
</dataflow>
<dataflow id="392" from="p_Val2_37" to="p_Result_16" fromId="91" toId="98">
</dataflow>
<dataflow id="394" from="StgValue_393" to="p_Result_16" fromId="393" toId="98">
</dataflow>
<dataflow id="395" from="_ssdm_op_BitSelect.i1.i46.i32" to="p_Result_17" fromId="375" toId="99">
</dataflow>
<dataflow id="396" from="p_Val2_37" to="p_Result_17" fromId="91" toId="99">
</dataflow>
<dataflow id="398" from="StgValue_397" to="p_Result_17" fromId="397" toId="99">
</dataflow>
<dataflow id="399" from="_ssdm_op_BitSelect.i1.i46.i32" to="p_Result_18" fromId="375" toId="100">
</dataflow>
<dataflow id="400" from="p_Val2_37" to="p_Result_18" fromId="91" toId="100">
</dataflow>
<dataflow id="402" from="StgValue_401" to="p_Result_18" fromId="401" toId="100">
</dataflow>
<dataflow id="403" from="_ssdm_op_BitSelect.i1.i46.i32" to="p_Result_19" fromId="375" toId="101">
</dataflow>
<dataflow id="404" from="p_Val2_37" to="p_Result_19" fromId="91" toId="101">
</dataflow>
<dataflow id="406" from="StgValue_405" to="p_Result_19" fromId="405" toId="101">
</dataflow>
<dataflow id="407" from="_ssdm_op_BitSelect.i1.i46.i32" to="p_Result_20" fromId="375" toId="102">
</dataflow>
<dataflow id="408" from="p_Val2_37" to="p_Result_20" fromId="91" toId="102">
</dataflow>
<dataflow id="410" from="StgValue_409" to="p_Result_20" fromId="409" toId="102">
</dataflow>
<dataflow id="411" from="_ssdm_op_BitSelect.i1.i46.i32" to="p_Result_21" fromId="375" toId="103">
</dataflow>
<dataflow id="412" from="p_Val2_37" to="p_Result_21" fromId="91" toId="103">
</dataflow>
<dataflow id="414" from="StgValue_413" to="p_Result_21" fromId="413" toId="103">
</dataflow>
<dataflow id="415" from="_ssdm_op_BitSelect.i1.i46.i32" to="p_Result_22" fromId="375" toId="104">
</dataflow>
<dataflow id="416" from="p_Val2_37" to="p_Result_22" fromId="91" toId="104">
</dataflow>
<dataflow id="418" from="StgValue_417" to="p_Result_22" fromId="417" toId="104">
</dataflow>
<dataflow id="419" from="_ssdm_op_BitSelect.i1.i46.i32" to="p_Result_23" fromId="375" toId="105">
</dataflow>
<dataflow id="420" from="p_Val2_37" to="p_Result_23" fromId="91" toId="105">
</dataflow>
<dataflow id="422" from="StgValue_421" to="p_Result_23" fromId="421" toId="105">
</dataflow>
<dataflow id="423" from="overf_1" to="or_ln533" fromId="93" toId="106">
</dataflow>
<dataflow id="424" from="p_Result_13" to="or_ln533" fromId="95" toId="106">
</dataflow>
<dataflow id="425" from="or_ln533" to="or_ln533_1" fromId="106" toId="107">
</dataflow>
<dataflow id="426" from="p_Result_s_53" to="or_ln533_1" fromId="94" toId="107">
</dataflow>
<dataflow id="427" from="p_Result_15" to="or_ln533_2" fromId="97" toId="108">
</dataflow>
<dataflow id="428" from="p_Result_16" to="or_ln533_2" fromId="98" toId="108">
</dataflow>
<dataflow id="429" from="or_ln533_2" to="or_ln533_3" fromId="108" toId="109">
</dataflow>
<dataflow id="430" from="p_Result_14" to="or_ln533_3" fromId="96" toId="109">
</dataflow>
<dataflow id="431" from="or_ln533_3" to="or_ln533_4" fromId="109" toId="110">
</dataflow>
<dataflow id="432" from="or_ln533_1" to="or_ln533_4" fromId="107" toId="110">
</dataflow>
<dataflow id="433" from="p_Result_18" to="or_ln533_5" fromId="100" toId="111">
</dataflow>
<dataflow id="434" from="p_Result_19" to="or_ln533_5" fromId="101" toId="111">
</dataflow>
<dataflow id="435" from="or_ln533_5" to="or_ln533_6" fromId="111" toId="112">
</dataflow>
<dataflow id="436" from="p_Result_17" to="or_ln533_6" fromId="99" toId="112">
</dataflow>
<dataflow id="437" from="p_Result_20" to="or_ln533_7" fromId="102" toId="113">
</dataflow>
<dataflow id="438" from="p_Result_21" to="or_ln533_7" fromId="103" toId="113">
</dataflow>
<dataflow id="439" from="p_Result_22" to="or_ln533_8" fromId="104" toId="114">
</dataflow>
<dataflow id="440" from="p_Result_23" to="or_ln533_8" fromId="105" toId="114">
</dataflow>
<dataflow id="441" from="or_ln533_8" to="or_ln533_9" fromId="114" toId="115">
</dataflow>
<dataflow id="442" from="or_ln533_7" to="or_ln533_9" fromId="113" toId="115">
</dataflow>
<dataflow id="443" from="or_ln533_9" to="or_ln533_10" fromId="115" toId="116">
</dataflow>
<dataflow id="444" from="or_ln533_6" to="or_ln533_10" fromId="112" toId="116">
</dataflow>
<dataflow id="445" from="or_ln533_10" to="overf_2" fromId="116" toId="117">
</dataflow>
<dataflow id="446" from="or_ln533_4" to="overf_2" fromId="110" toId="117">
</dataflow>
<dataflow id="448" from="_ssdm_op_SpecPipeline" to="specpipeline_ln39" fromId="447" toId="118">
</dataflow>
<dataflow id="450" from="StgValue_449" to="specpipeline_ln39" fromId="449" toId="118">
</dataflow>
<dataflow id="452" from="StgValue_451" to="specpipeline_ln39" fromId="451" toId="118">
</dataflow>
<dataflow id="453" from="StgValue_451" to="specpipeline_ln39" fromId="451" toId="118">
</dataflow>
<dataflow id="454" from="StgValue_451" to="specpipeline_ln39" fromId="451" toId="118">
</dataflow>
<dataflow id="456" from="empty_4" to="specpipeline_ln39" fromId="455" toId="118">
</dataflow>
<dataflow id="458" from="_ssdm_op_PartSelect.i23.i46.i32.i32" to="tmp_s" fromId="457" toId="119">
</dataflow>
<dataflow id="459" from="p_Val2_37" to="tmp_s" fromId="91" toId="119">
</dataflow>
<dataflow id="461" from="StgValue_460" to="tmp_s" fromId="460" toId="119">
</dataflow>
<dataflow id="463" from="StgValue_462" to="tmp_s" fromId="462" toId="119">
</dataflow>
<dataflow id="464" from="overf_2" to="select_ln536" fromId="117" toId="120">
</dataflow>
<dataflow id="466" from="StgValue_465" to="select_ln536" fromId="465" toId="120">
</dataflow>
<dataflow id="467" from="tmp_s" to="select_ln536" fromId="119" toId="120">
</dataflow>
<dataflow id="468" from="select_ln536" to="ret_ln953" fromId="120" toId="121">
</dataflow>
<dataflow id="469" from="overf_2" to="StgValue_15" fromId="117" toId="15">
</dataflow>
</dataflows>


</stg>
