<stg><name>exp<24, 10></name>


<trans_list>

<trans id="137" from="1" to="2">
<condition id="-1">
<or_exp><and_exp></and_exp></or_exp>
</condition>
</trans>

<trans id="138" from="2" to="3">
<condition id="-1">
<or_exp><and_exp></and_exp></or_exp>
</condition>
</trans>

<trans id="139" from="3" to="4">
<condition id="-1">
<or_exp><and_exp></and_exp></or_exp>
</condition>
</trans>

<trans id="140" from="4" to="5">
<condition id="-1">
<or_exp><and_exp></and_exp></or_exp>
</condition>
</trans>

<trans id="141" from="5" to="6">
<condition id="-1">
<or_exp><and_exp></and_exp></or_exp>
</condition>
</trans>

<trans id="142" from="6" to="7">
<condition id="-1">
<or_exp><and_exp></and_exp></or_exp>
</condition>
</trans>

<trans id="143" from="7" to="8">
<condition id="-1">
<or_exp><and_exp></and_exp></or_exp>
</condition>
</trans>

<trans id="144" from="8" to="9">
<condition id="-1">
<or_exp><and_exp></and_exp></or_exp>
</condition>
</trans>

<trans id="145" from="9" to="10">
<condition id="-1">
<or_exp><and_exp></and_exp></or_exp>
</condition>
</trans>

<trans id="146" from="10" to="11">
<condition id="-1">
<or_exp><and_exp></and_exp></or_exp>
</condition>
</trans>

<trans id="147" from="11" to="12">
<condition id="-1">
<or_exp><and_exp></and_exp></or_exp>
</condition>
</trans>

<trans id="148" from="12" to="13">
<condition id="-1">
<or_exp><and_exp></and_exp></or_exp>
</condition>
</trans>

<trans id="149" from="13" to="14">
<condition id="-1">
<or_exp><and_exp></and_exp></or_exp>
</condition>
</trans>

<trans id="150" from="14" to="15">
<condition id="-1">
<or_exp><and_exp></and_exp></or_exp>
</condition>
</trans>
</trans_list>



<state_list>

<state id="1" st_id="1">

<operation id="16" st_id="1" stage="1" lat="1">
<core>NULL</core>
<MemPortIdVec></MemPortIdVec>
<condition id="-1">
<or_exp><and_exp></and_exp></or_exp>
</condition>

<Node id="6" bw="24" op_0_bw="24" op_1_bw="24">
<![CDATA[
_ZN8ap_fixedILi47ELi24EL9ap_q_mode5EL9ap_o_mode3ELi0EEC2ILi24ELi10ELb1ELS0_5ELS1_3ELi0EEERK13ap_fixed_baseIXT_EXT0_EXT1_EXT2_EXT3_EXT4_EE.exit_ifconv:1 %x_read = read i24 @_ssdm_op_Read.ap_auto.i24, i24 %x

]]></Node>
<StgValue><ssdm name="x_read"/></StgValue>
</operation>

<operation id="17" st_id="1" stage="1" lat="1">
<core>NULL</core>
<MemPortIdVec></MemPortIdVec>
<condition id="-1">
<or_exp><and_exp></and_exp></or_exp>
</condition>

<Node id="7" bw="5" op_0_bw="5" op_1_bw="24" op_2_bw="32" op_3_bw="32">
<![CDATA[
_ZN8ap_fixedILi47ELi24EL9ap_q_mode5EL9ap_o_mode3ELi0EEC2ILi24ELi10ELb1ELS0_5ELS1_3ELi0EEERK13ap_fixed_baseIXT_EXT0_EXT1_EXT2_EXT3_EXT4_EE.exit_ifconv:2 %p_Result_24 = partselect i5 @_ssdm_op_PartSelect.i5.i24.i32.i32, i24 %x_read, i32 14, i32 18

]]></Node>
<StgValue><ssdm name="p_Result_24"/></StgValue>
</operation>

<operation id="18" st_id="1" stage="1" lat="1">
<core>NULL</core>
<MemPortIdVec></MemPortIdVec>
<condition id="-1">
<or_exp><and_exp></and_exp></or_exp>
</condition>

<Node id="8" bw="14" op_0_bw="24">
<![CDATA[
_ZN8ap_fixedILi47ELi24EL9ap_q_mode5EL9ap_o_mode3ELi0EEC2ILi24ELi10ELb1ELS0_5ELS1_3ELi0EEERK13ap_fixed_baseIXT_EXT0_EXT1_EXT2_EXT3_EXT4_EE.exit_ifconv:3 %trunc_ln640 = trunc i24 %x_read

]]></Node>
<StgValue><ssdm name="trunc_ln640"/></StgValue>
</operation>

<operation id="19" st_id="1" stage="1" lat="1">
<core>NULL</core>
<MemPortIdVec></MemPortIdVec>
<condition id="-1">
<or_exp><and_exp></and_exp></or_exp>
</condition>

<Node id="9" bw="23" op_0_bw="23" op_1_bw="14" op_2_bw="9">
<![CDATA[
_ZN8ap_fixedILi47ELi24EL9ap_q_mode5EL9ap_o_mode3ELi0EEC2ILi24ELi10ELb1ELS0_5ELS1_3ELi0EEERK13ap_fixed_baseIXT_EXT0_EXT1_EXT2_EXT3_EXT4_EE.exit_ifconv:4 %p_Result_25 = bitconcatenate i23 @_ssdm_op_BitConcatenate.i23.i14.i9, i14 %trunc_ln640, i9 0

]]></Node>
<StgValue><ssdm name="p_Result_25"/></StgValue>
</operation>

<operation id="20" st_id="1" stage="1" lat="1">
<core>NULL</core>
<MemPortIdVec></MemPortIdVec>
<condition id="-1">
<or_exp><and_exp></and_exp></or_exp>
</condition>

<Node id="10" bw="1" op_0_bw="1" op_1_bw="24" op_2_bw="32">
<![CDATA[
_ZN8ap_fixedILi47ELi24EL9ap_q_mode5EL9ap_o_mode3ELi0EEC2ILi24ELi10ELb1ELS0_5ELS1_3ELi0EEERK13ap_fixed_baseIXT_EXT0_EXT1_EXT2_EXT3_EXT4_EE.exit_ifconv:5 %tmp = bitselect i1 @_ssdm_op_BitSelect.i1.i24.i32, i24 %x_read, i32 23

]]></Node>
<StgValue><ssdm name="tmp"/></StgValue>
</operation>

<operation id="21" st_id="1" stage="1" lat="1">
<core>NULL</core>
<MemPortIdVec></MemPortIdVec>
<condition id="-1">
<or_exp><and_exp></and_exp></or_exp>
</condition>

<Node id="11" bw="1" op_0_bw="1" op_1_bw="24" op_2_bw="32">
<![CDATA[
_ZN8ap_fixedILi47ELi24EL9ap_q_mode5EL9ap_o_mode3ELi0EEC2ILi24ELi10ELb1ELS0_5ELS1_3ELi0EEERK13ap_fixed_baseIXT_EXT0_EXT1_EXT2_EXT3_EXT4_EE.exit_ifconv:6 %tmp_87 = bitselect i1 @_ssdm_op_BitSelect.i1.i24.i32, i24 %x_read, i32 18

]]></Node>
<StgValue><ssdm name="tmp_87"/></StgValue>
</operation>

<operation id="22" st_id="1" stage="1" lat="1">
<core>LogicGate</core>
<MemPortIdVec></MemPortIdVec>
<condition id="-1">
<or_exp><and_exp></and_exp></or_exp>
</condition>

<Node id="12" bw="1" op_0_bw="1" op_1_bw="1">
<![CDATA[
_ZN8ap_fixedILi47ELi24EL9ap_q_mode5EL9ap_o_mode3ELi0EEC2ILi24ELi10ELb1ELS0_5ELS1_3ELi0EEERK13ap_fixed_baseIXT_EXT0_EXT1_EXT2_EXT3_EXT4_EE.exit_ifconv:7 %overf = xor i1 %tmp, i1 %tmp_87

]]></Node>
<StgValue><ssdm name="overf"/></StgValue>
</operation>

<operation id="23" st_id="1" stage="1" lat="1">
<core>NULL</core>
<MemPortIdVec></MemPortIdVec>
<condition id="-1">
<or_exp><and_exp></and_exp></or_exp>
</condition>

<Node id="13" bw="1" op_0_bw="1" op_1_bw="24" op_2_bw="32">
<![CDATA[
_ZN8ap_fixedILi47ELi24EL9ap_q_mode5EL9ap_o_mode3ELi0EEC2ILi24ELi10ELb1ELS0_5ELS1_3ELi0EEERK13ap_fixed_baseIXT_EXT0_EXT1_EXT2_EXT3_EXT4_EE.exit_ifconv:8 %tmp_88 = bitselect i1 @_ssdm_op_BitSelect.i1.i24.i32, i24 %x_read, i32 19

]]></Node>
<StgValue><ssdm name="tmp_88"/></StgValue>
</operation>

<operation id="24" st_id="1" stage="1" lat="1">
<core>LogicGate</core>
<MemPortIdVec></MemPortIdVec>
<condition id="-1">
<or_exp><and_exp></and_exp></or_exp>
</condition>

<Node id="14" bw="1" op_0_bw="1" op_1_bw="1">
<![CDATA[
_ZN8ap_fixedILi47ELi24EL9ap_q_mode5EL9ap_o_mode3ELi0EEC2ILi24ELi10ELb1ELS0_5ELS1_3ELi0EEERK13ap_fixed_baseIXT_EXT0_EXT1_EXT2_EXT3_EXT4_EE.exit_ifconv:9 %xor_ln222_2 = xor i1 %tmp, i1 %tmp_88

]]></Node>
<StgValue><ssdm name="xor_ln222_2"/></StgValue>
</operation>

<operation id="25" st_id="1" stage="1" lat="1">
<core>NULL</core>
<MemPortIdVec></MemPortIdVec>
<condition id="-1">
<or_exp><and_exp></and_exp></or_exp>
</condition>

<Node id="15" bw="1" op_0_bw="1" op_1_bw="24" op_2_bw="32">
<![CDATA[
_ZN8ap_fixedILi47ELi24EL9ap_q_mode5EL9ap_o_mode3ELi0EEC2ILi24ELi10ELb1ELS0_5ELS1_3ELi0EEERK13ap_fixed_baseIXT_EXT0_EXT1_EXT2_EXT3_EXT4_EE.exit_ifconv:10 %tmp_89 = bitselect i1 @_ssdm_op_BitSelect.i1.i24.i32, i24 %x_read, i32 20

]]></Node>
<StgValue><ssdm name="tmp_89"/></StgValue>
</operation>

<operation id="26" st_id="1" stage="1" lat="1">
<core>LogicGate</core>
<MemPortIdVec></MemPortIdVec>
<condition id="-1">
<or_exp><and_exp></and_exp></or_exp>
</condition>

<Node id="16" bw="1" op_0_bw="1" op_1_bw="1">
<![CDATA[
_ZN8ap_fixedILi47ELi24EL9ap_q_mode5EL9ap_o_mode3ELi0EEC2ILi24ELi10ELb1ELS0_5ELS1_3ELi0EEERK13ap_fixed_baseIXT_EXT0_EXT1_EXT2_EXT3_EXT4_EE.exit_ifconv:11 %xor_ln222_3 = xor i1 %tmp, i1 %tmp_89

]]></Node>
<StgValue><ssdm name="xor_ln222_3"/></StgValue>
</operation>

<operation id="27" st_id="1" stage="1" lat="1">
<core>NULL</core>
<MemPortIdVec></MemPortIdVec>
<condition id="-1">
<or_exp><and_exp></and_exp></or_exp>
</condition>

<Node id="17" bw="1" op_0_bw="1" op_1_bw="24" op_2_bw="32">
<![CDATA[
_ZN8ap_fixedILi47ELi24EL9ap_q_mode5EL9ap_o_mode3ELi0EEC2ILi24ELi10ELb1ELS0_5ELS1_3ELi0EEERK13ap_fixed_baseIXT_EXT0_EXT1_EXT2_EXT3_EXT4_EE.exit_ifconv:12 %tmp_90 = bitselect i1 @_ssdm_op_BitSelect.i1.i24.i32, i24 %x_read, i32 21

]]></Node>
<StgValue><ssdm name="tmp_90"/></StgValue>
</operation>

<operation id="28" st_id="1" stage="1" lat="1">
<core>LogicGate</core>
<MemPortIdVec></MemPortIdVec>
<condition id="-1">
<or_exp><and_exp></and_exp></or_exp>
</condition>

<Node id="18" bw="1" op_0_bw="1" op_1_bw="1">
<![CDATA[
_ZN8ap_fixedILi47ELi24EL9ap_q_mode5EL9ap_o_mode3ELi0EEC2ILi24ELi10ELb1ELS0_5ELS1_3ELi0EEERK13ap_fixed_baseIXT_EXT0_EXT1_EXT2_EXT3_EXT4_EE.exit_ifconv:13 %xor_ln222_4 = xor i1 %tmp, i1 %tmp_90

]]></Node>
<StgValue><ssdm name="xor_ln222_4"/></StgValue>
</operation>

<operation id="29" st_id="1" stage="1" lat="1">
<core>NULL</core>
<MemPortIdVec></MemPortIdVec>
<condition id="-1">
<or_exp><and_exp></and_exp></or_exp>
</condition>

<Node id="19" bw="1" op_0_bw="1" op_1_bw="24" op_2_bw="32">
<![CDATA[
_ZN8ap_fixedILi47ELi24EL9ap_q_mode5EL9ap_o_mode3ELi0EEC2ILi24ELi10ELb1ELS0_5ELS1_3ELi0EEERK13ap_fixed_baseIXT_EXT0_EXT1_EXT2_EXT3_EXT4_EE.exit_ifconv:14 %tmp_91 = bitselect i1 @_ssdm_op_BitSelect.i1.i24.i32, i24 %x_read, i32 22

]]></Node>
<StgValue><ssdm name="tmp_91"/></StgValue>
</operation>

<operation id="30" st_id="1" stage="1" lat="1">
<core>LogicGate</core>
<MemPortIdVec></MemPortIdVec>
<condition id="-1">
<or_exp><and_exp></and_exp></or_exp>
</condition>

<Node id="20" bw="1" op_0_bw="1" op_1_bw="1">
<![CDATA[
_ZN8ap_fixedILi47ELi24EL9ap_q_mode5EL9ap_o_mode3ELi0EEC2ILi24ELi10ELb1ELS0_5ELS1_3ELi0EEERK13ap_fixed_baseIXT_EXT0_EXT1_EXT2_EXT3_EXT4_EE.exit_ifconv:15 %xor_ln222 = xor i1 %tmp, i1 %tmp_91

]]></Node>
<StgValue><ssdm name="xor_ln222"/></StgValue>
</operation>

<operation id="31" st_id="1" stage="1" lat="1">
<core>Cmp</core>
<MemPortIdVec></MemPortIdVec>
<condition id="-1">
<or_exp><and_exp></and_exp></or_exp>
</condition>

<Node id="21" bw="1" op_0_bw="5" op_1_bw="5">
<![CDATA[
_ZN8ap_fixedILi47ELi24EL9ap_q_mode5EL9ap_o_mode3ELi0EEC2ILi24ELi10ELb1ELS0_5ELS1_3ELi0EEERK13ap_fixed_baseIXT_EXT0_EXT1_EXT2_EXT3_EXT4_EE.exit_ifconv:16 %icmp_ln1551 = icmp_eq  i5 %p_Result_24, i5 15

]]></Node>
<StgValue><ssdm name="icmp_ln1551"/></StgValue>
</operation>

<operation id="32" st_id="1" stage="1" lat="1">
<core>Cmp</core>
<MemPortIdVec></MemPortIdVec>
<condition id="-1">
<or_exp><and_exp></and_exp></or_exp>
</condition>

<Node id="22" bw="1" op_0_bw="23" op_1_bw="23">
<![CDATA[
_ZN8ap_fixedILi47ELi24EL9ap_q_mode5EL9ap_o_mode3ELi0EEC2ILi24ELi10ELb1ELS0_5ELS1_3ELi0EEERK13ap_fixed_baseIXT_EXT0_EXT1_EXT2_EXT3_EXT4_EE.exit_ifconv:17 %icmp_ln1549 = icmp_ugt  i23 %p_Result_25, i23 7905299

]]></Node>
<StgValue><ssdm name="icmp_ln1549"/></StgValue>
</operation>

<operation id="33" st_id="1" stage="1" lat="1">
<core>LogicGate</core>
<MemPortIdVec></MemPortIdVec>
<condition id="-1">
<or_exp><and_exp></and_exp></or_exp>
</condition>

<Node id="23" bw="1" op_0_bw="1" op_1_bw="1">
<![CDATA[
_ZN8ap_fixedILi47ELi24EL9ap_q_mode5EL9ap_o_mode3ELi0EEC2ILi24ELi10ELb1ELS0_5ELS1_3ELi0EEERK13ap_fixed_baseIXT_EXT0_EXT1_EXT2_EXT3_EXT4_EE.exit_ifconv:18 %and_ln300 = and i1 %icmp_ln1551, i1 %icmp_ln1549

]]></Node>
<StgValue><ssdm name="and_ln300"/></StgValue>
</operation>

<operation id="34" st_id="1" stage="1" lat="1">
<core>NULL</core>
<MemPortIdVec></MemPortIdVec>
<condition id="-1">
<or_exp><and_exp></and_exp></or_exp>
</condition>

<Node id="26" bw="7" op_0_bw="7" op_1_bw="24" op_2_bw="32" op_3_bw="32">
<![CDATA[
_ZN8ap_fixedILi47ELi24EL9ap_q_mode5EL9ap_o_mode3ELi0EEC2ILi24ELi10ELb1ELS0_5ELS1_3ELi0EEERK13ap_fixed_baseIXT_EXT0_EXT1_EXT2_EXT3_EXT4_EE.exit_ifconv:21 %p_Result_s = partselect i7 @_ssdm_op_PartSelect.i7.i24.i32.i32, i24 %x_read, i32 11, i32 17

]]></Node>
<StgValue><ssdm name="p_Result_s"/></StgValue>
</operation>

<operation id="35" st_id="1" stage="1" lat="1">
<core>NULL</core>
<MemPortIdVec></MemPortIdVec>
<condition id="-1">
<or_exp><and_exp></and_exp></or_exp>
</condition>

<Node id="28" bw="8" op_0_bw="8" op_1_bw="24" op_2_bw="32" op_3_bw="32">
<![CDATA[
_ZN8ap_fixedILi47ELi24EL9ap_q_mode5EL9ap_o_mode3ELi0EEC2ILi24ELi10ELb1ELS0_5ELS1_3ELi0EEERK13ap_fixed_baseIXT_EXT0_EXT1_EXT2_EXT3_EXT4_EE.exit_ifconv:23 %tmp_107 = partselect i8 @_ssdm_op_PartSelect.i8.i24.i32.i32, i24 %x_read, i32 3, i32 10

]]></Node>
<StgValue><ssdm name="tmp_107"/></StgValue>
</operation>

<operation id="36" st_id="1" stage="1" lat="1">
<core>NULL</core>
<MemPortIdVec></MemPortIdVec>
<condition id="-1">
<or_exp><and_exp></and_exp></or_exp>
</condition>

<Node id="29" bw="3" op_0_bw="24">
<![CDATA[
_ZN8ap_fixedILi47ELi24EL9ap_q_mode5EL9ap_o_mode3ELi0EEC2ILi24ELi10ELb1ELS0_5ELS1_3ELi0EEERK13ap_fixed_baseIXT_EXT0_EXT1_EXT2_EXT3_EXT4_EE.exit_ifconv:24 %trunc_ln640_1 = trunc i24 %x_read

]]></Node>
<StgValue><ssdm name="trunc_ln640_1"/></StgValue>
</operation>

<operation id="37" st_id="1" stage="1" lat="1">
<core>NULL</core>
<MemPortIdVec></MemPortIdVec>
<condition id="-1">
<or_exp><and_exp></and_exp></or_exp>
</condition>

<Node id="30" bw="5" op_0_bw="5" op_1_bw="3" op_2_bw="2">
<![CDATA[
_ZN8ap_fixedILi47ELi24EL9ap_q_mode5EL9ap_o_mode3ELi0EEC2ILi24ELi10ELb1ELS0_5ELS1_3ELi0EEERK13ap_fixed_baseIXT_EXT0_EXT1_EXT2_EXT3_EXT4_EE.exit_ifconv:25 %tmp_108 = bitconcatenate i5 @_ssdm_op_BitConcatenate.i5.i3.i2, i3 %trunc_ln640_1, i2 0

]]></Node>
<StgValue><ssdm name="tmp_108"/></StgValue>
</operation>

<operation id="38" st_id="1" stage="1" lat="1">
<core>NULL</core>
<MemPortIdVec></MemPortIdVec>
<condition id="-1">
<or_exp><and_exp></and_exp></or_exp>
</condition>

<Node id="31" bw="64" op_0_bw="5">
<![CDATA[
_ZN8ap_fixedILi47ELi24EL9ap_q_mode5EL9ap_o_mode3ELi0EEC2ILi24ELi10ELb1ELS0_5ELS1_3ELi0EEERK13ap_fixed_baseIXT_EXT0_EXT1_EXT2_EXT3_EXT4_EE.exit_ifconv:26 %zext_ln587 = zext i5 %tmp_108

]]></Node>
<StgValue><ssdm name="zext_ln587"/></StgValue>
</operation>

<operation id="39" st_id="1" stage="1" lat="1">
<core>NULL</core>
<MemPortIdVec></MemPortIdVec>
<condition id="-1">
<or_exp><and_exp></and_exp></or_exp>
</condition>

<Node id="32" bw="5" op_0_bw="32" op_1_bw="64" op_2_bw="64">
<![CDATA[
_ZN8ap_fixedILi47ELi24EL9ap_q_mode5EL9ap_o_mode3ELi0EEC2ILi24ELi10ELb1ELS0_5ELS1_3ELi0EEERK13ap_fixed_baseIXT_EXT0_EXT1_EXT2_EXT3_EXT4_EE.exit_ifconv:27 %f_x_msb_3_table_V_addr = getelementptr i32 %f_x_msb_3_table_V, i64 0, i64 %zext_ln587

]]></Node>
<StgValue><ssdm name="f_x_msb_3_table_V_addr"/></StgValue>
</operation>

<operation id="40" st_id="1" stage="2" lat="2">
<core>ROM</core>
<MemPortIdVec></MemPortIdVec>
<condition id="-1">
<or_exp><and_exp></and_exp></or_exp>
</condition>

<Node id="33" bw="32" op_0_bw="5">
<![CDATA[
_ZN8ap_fixedILi47ELi24EL9ap_q_mode5EL9ap_o_mode3ELi0EEC2ILi24ELi10ELb1ELS0_5ELS1_3ELi0EEERK13ap_fixed_baseIXT_EXT0_EXT1_EXT2_EXT3_EXT4_EE.exit_ifconv:28 %f_x_msb_3_V = load i5 %f_x_msb_3_table_V_addr

]]></Node>
<StgValue><ssdm name="f_x_msb_3_V"/></StgValue>
</operation>

<operation id="41" st_id="1" stage="1" lat="1">
<core>NULL</core>
<MemPortIdVec></MemPortIdVec>
<condition id="-1">
<or_exp><and_exp></and_exp></or_exp>
</condition>

<Node id="35" bw="64" op_0_bw="8">
<![CDATA[
_ZN8ap_fixedILi47ELi24EL9ap_q_mode5EL9ap_o_mode3ELi0EEC2ILi24ELi10ELb1ELS0_5ELS1_3ELi0EEERK13ap_fixed_baseIXT_EXT0_EXT1_EXT2_EXT3_EXT4_EE.exit_ifconv:30 %zext_ln587_2 = zext i8 %tmp_107

]]></Node>
<StgValue><ssdm name="zext_ln587_2"/></StgValue>
</operation>

<operation id="42" st_id="1" stage="1" lat="1">
<core>NULL</core>
<MemPortIdVec></MemPortIdVec>
<condition id="-1">
<or_exp><and_exp></and_exp></or_exp>
</condition>

<Node id="36" bw="8" op_0_bw="46" op_1_bw="64" op_2_bw="64">
<![CDATA[
_ZN8ap_fixedILi47ELi24EL9ap_q_mode5EL9ap_o_mode3ELi0EEC2ILi24ELi10ELb1ELS0_5ELS1_3ELi0EEERK13ap_fixed_baseIXT_EXT0_EXT1_EXT2_EXT3_EXT4_EE.exit_ifconv:31 %f_x_msb_2_table_V_addr = getelementptr i46 %f_x_msb_2_table_V, i64 0, i64 %zext_ln587_2

]]></Node>
<StgValue><ssdm name="f_x_msb_2_table_V_addr"/></StgValue>
</operation>

<operation id="43" st_id="1" stage="2" lat="2">
<core>ROM</core>
<MemPortIdVec></MemPortIdVec>
<condition id="-1">
<or_exp><and_exp></and_exp></or_exp>
</condition>

<Node id="37" bw="46" op_0_bw="8">
<![CDATA[
_ZN8ap_fixedILi47ELi24EL9ap_q_mode5EL9ap_o_mode3ELi0EEC2ILi24ELi10ELb1ELS0_5ELS1_3ELi0EEERK13ap_fixed_baseIXT_EXT0_EXT1_EXT2_EXT3_EXT4_EE.exit_ifconv:32 %f_x_msb_2_V = load i8 %f_x_msb_2_table_V_addr

]]></Node>
<StgValue><ssdm name="f_x_msb_2_V"/></StgValue>
</operation>

<operation id="44" st_id="1" stage="1" lat="1">
<core>LogicGate</core>
<MemPortIdVec></MemPortIdVec>
<condition id="-1">
<or_exp><and_exp></and_exp></or_exp>
</condition>

<Node id="65" bw="1" op_0_bw="1" op_1_bw="1">
<![CDATA[
_ZN8ap_fixedILi47ELi24EL9ap_q_mode5EL9ap_o_mode3ELi0EEC2ILi24ELi10ELb1ELS0_5ELS1_3ELi0EEERK13ap_fixed_baseIXT_EXT0_EXT1_EXT2_EXT3_EXT4_EE.exit_ifconv:60 %or_ln300 = or i1 %overf, i1 %xor_ln222_3

]]></Node>
<StgValue><ssdm name="or_ln300"/></StgValue>
</operation>

<operation id="45" st_id="1" stage="1" lat="1">
<core>LogicGate</core>
<MemPortIdVec></MemPortIdVec>
<condition id="-1">
<or_exp><and_exp></and_exp></or_exp>
</condition>

<Node id="66" bw="1" op_0_bw="1" op_1_bw="1">
<![CDATA[
_ZN8ap_fixedILi47ELi24EL9ap_q_mode5EL9ap_o_mode3ELi0EEC2ILi24ELi10ELb1ELS0_5ELS1_3ELi0EEERK13ap_fixed_baseIXT_EXT0_EXT1_EXT2_EXT3_EXT4_EE.exit_ifconv:61 %or_ln300_1 = or i1 %or_ln300, i1 %xor_ln222_2

]]></Node>
<StgValue><ssdm name="or_ln300_1"/></StgValue>
</operation>

<operation id="46" st_id="1" stage="1" lat="1">
<core>LogicGate</core>
<MemPortIdVec></MemPortIdVec>
<condition id="-1">
<or_exp><and_exp></and_exp></or_exp>
</condition>

<Node id="67" bw="1" op_0_bw="1" op_1_bw="1">
<![CDATA[
_ZN8ap_fixedILi47ELi24EL9ap_q_mode5EL9ap_o_mode3ELi0EEC2ILi24ELi10ELb1ELS0_5ELS1_3ELi0EEERK13ap_fixed_baseIXT_EXT0_EXT1_EXT2_EXT3_EXT4_EE.exit_ifconv:62 %or_ln300_2 = or i1 %xor_ln222, i1 %and_ln300

]]></Node>
<StgValue><ssdm name="or_ln300_2"/></StgValue>
</operation>

<operation id="47" st_id="1" stage="1" lat="1">
<core>LogicGate</core>
<MemPortIdVec></MemPortIdVec>
<condition id="-1">
<or_exp><and_exp></and_exp></or_exp>
</condition>

<Node id="68" bw="1" op_0_bw="1" op_1_bw="1">
<![CDATA[
_ZN8ap_fixedILi47ELi24EL9ap_q_mode5EL9ap_o_mode3ELi0EEC2ILi24ELi10ELb1ELS0_5ELS1_3ELi0EEERK13ap_fixed_baseIXT_EXT0_EXT1_EXT2_EXT3_EXT4_EE.exit_ifconv:63 %or_ln300_3 = or i1 %or_ln300_2, i1 %xor_ln222_4

]]></Node>
<StgValue><ssdm name="or_ln300_3"/></StgValue>
</operation>
</state>

<state id="2" st_id="2">

<operation id="48" st_id="2" stage="1" lat="2">
<core>ROM</core>
<MemPortIdVec></MemPortIdVec>
<condition id="-1">
<or_exp><and_exp></and_exp></or_exp>
</condition>

<Node id="33" bw="32" op_0_bw="5">
<![CDATA[
_ZN8ap_fixedILi47ELi24EL9ap_q_mode5EL9ap_o_mode3ELi0EEC2ILi24ELi10ELb1ELS0_5ELS1_3ELi0EEERK13ap_fixed_baseIXT_EXT0_EXT1_EXT2_EXT3_EXT4_EE.exit_ifconv:28 %f_x_msb_3_V = load i5 %f_x_msb_3_table_V_addr

]]></Node>
<StgValue><ssdm name="f_x_msb_3_V"/></StgValue>
</operation>

<operation id="49" st_id="2" stage="1" lat="2">
<core>ROM</core>
<MemPortIdVec></MemPortIdVec>
<condition id="-1">
<or_exp><and_exp></and_exp></or_exp>
</condition>

<Node id="37" bw="46" op_0_bw="8">
<![CDATA[
_ZN8ap_fixedILi47ELi24EL9ap_q_mode5EL9ap_o_mode3ELi0EEC2ILi24ELi10ELb1ELS0_5ELS1_3ELi0EEERK13ap_fixed_baseIXT_EXT0_EXT1_EXT2_EXT3_EXT4_EE.exit_ifconv:32 %f_x_msb_2_V = load i8 %f_x_msb_2_table_V_addr

]]></Node>
<StgValue><ssdm name="f_x_msb_2_V"/></StgValue>
</operation>

<operation id="50" st_id="2" stage="1" lat="1">
<core>NULL</core>
<MemPortIdVec></MemPortIdVec>
<condition id="-1">
<or_exp><and_exp></and_exp></or_exp>
</condition>

<Node id="38" bw="5" op_0_bw="5" op_1_bw="46" op_2_bw="32" op_3_bw="32">
<![CDATA[
_ZN8ap_fixedILi47ELi24EL9ap_q_mode5EL9ap_o_mode3ELi0EEC2ILi24ELi10ELb1ELS0_5ELS1_3ELi0EEERK13ap_fixed_baseIXT_EXT0_EXT1_EXT2_EXT3_EXT4_EE.exit_ifconv:33 %p_Result_27 = partselect i5 @_ssdm_op_PartSelect.i5.i46.i32.i32, i46 %f_x_msb_2_V, i32 41, i32 45

]]></Node>
<StgValue><ssdm name="p_Result_27"/></StgValue>
</operation>

<operation id="51" st_id="2" stage="1" lat="1">
<core>NULL</core>
<MemPortIdVec></MemPortIdVec>
<condition id="-1">
<or_exp><and_exp></and_exp></or_exp>
</condition>

<Node id="39" bw="9" op_0_bw="5">
<![CDATA[
_ZN8ap_fixedILi47ELi24EL9ap_q_mode5EL9ap_o_mode3ELi0EEC2ILi24ELi10ELb1ELS0_5ELS1_3ELi0EEERK13ap_fixed_baseIXT_EXT0_EXT1_EXT2_EXT3_EXT4_EE.exit_ifconv:34 %zext_ln712 = zext i5 %p_Result_27

]]></Node>
<StgValue><ssdm name="zext_ln712"/></StgValue>
</operation>

<operation id="52" st_id="2" stage="1" lat="1">
<core>NULL</core>
<MemPortIdVec></MemPortIdVec>
<condition id="-1">
<or_exp><and_exp></and_exp></or_exp>
</condition>

<Node id="40" bw="9" op_0_bw="8">
<![CDATA[
_ZN8ap_fixedILi47ELi24EL9ap_q_mode5EL9ap_o_mode3ELi0EEC2ILi24ELi10ELb1ELS0_5ELS1_3ELi0EEERK13ap_fixed_baseIXT_EXT0_EXT1_EXT2_EXT3_EXT4_EE.exit_ifconv:35 %zext_ln712_2 = zext i8 %tmp_107

]]></Node>
<StgValue><ssdm name="zext_ln712_2"/></StgValue>
</operation>

<operation id="53" st_id="2" stage="1" lat="1">
<core>Adder</core>
<MemPortIdVec></MemPortIdVec>
<condition id="-1">
<or_exp><and_exp></and_exp></or_exp>
</condition>

<Node id="41" bw="9" op_0_bw="9" op_1_bw="9">
<![CDATA[
_ZN8ap_fixedILi47ELi24EL9ap_q_mode5EL9ap_o_mode3ELi0EEC2ILi24ELi10ELb1ELS0_5ELS1_3ELi0EEERK13ap_fixed_baseIXT_EXT0_EXT1_EXT2_EXT3_EXT4_EE.exit_ifconv:36 %ret_V_15 = add i9 %zext_ln712_2, i9 %zext_ln712

]]></Node>
<StgValue><ssdm name="ret_V_15"/></StgValue>
</operation>

<operation id="54" st_id="2" stage="1" lat="1">
<core>NULL</core>
<MemPortIdVec></MemPortIdVec>
<condition id="-1">
<or_exp><and_exp></and_exp></or_exp>
</condition>

<Node id="42" bw="41" op_0_bw="46">
<![CDATA[
_ZN8ap_fixedILi47ELi24EL9ap_q_mode5EL9ap_o_mode3ELi0EEC2ILi24ELi10ELb1ELS0_5ELS1_3ELi0EEERK13ap_fixed_baseIXT_EXT0_EXT1_EXT2_EXT3_EXT4_EE.exit_ifconv:37 %trunc_ln640_2 = trunc i46 %f_x_msb_2_V

]]></Node>
<StgValue><ssdm name="trunc_ln640_2"/></StgValue>
</operation>
</state>

<state id="3" st_id="3">

<operation id="55" st_id="3" stage="1" lat="1">
<core>NULL</core>
<MemPortIdVec></MemPortIdVec>
<condition id="-1">
<or_exp><and_exp></and_exp></or_exp>
</condition>

<Node id="34" bw="47" op_0_bw="47" op_1_bw="3" op_2_bw="9" op_3_bw="32" op_4_bw="3">
<![CDATA[
_ZN8ap_fixedILi47ELi24EL9ap_q_mode5EL9ap_o_mode3ELi0EEC2ILi24ELi10ELb1ELS0_5ELS1_3ELi0EEERK13ap_fixed_baseIXT_EXT0_EXT1_EXT2_EXT3_EXT4_EE.exit_ifconv:29 %rhs_2 = bitconcatenate i47 @_ssdm_op_BitConcatenate.i47.i3.i9.i32.i3, i3 %trunc_ln640_1, i9 0, i32 %f_x_msb_3_V, i3 0

]]></Node>
<StgValue><ssdm name="rhs_2"/></StgValue>
</operation>

<operation id="56" st_id="3" stage="1" lat="1">
<core>NULL</core>
<MemPortIdVec></MemPortIdVec>
<condition id="-1">
<or_exp><and_exp></and_exp></or_exp>
</condition>

<Node id="43" bw="50" op_0_bw="50" op_1_bw="9" op_2_bw="41">
<![CDATA[
_ZN8ap_fixedILi47ELi24EL9ap_q_mode5EL9ap_o_mode3ELi0EEC2ILi24ELi10ELb1ELS0_5ELS1_3ELi0EEERK13ap_fixed_baseIXT_EXT0_EXT1_EXT2_EXT3_EXT4_EE.exit_ifconv:38 %p_Result_28 = bitconcatenate i50 @_ssdm_op_BitConcatenate.i50.i9.i41, i9 %ret_V_15, i41 %trunc_ln640_2

]]></Node>
<StgValue><ssdm name="p_Result_28"/></StgValue>
</operation>

<operation id="57" st_id="3" stage="1" lat="1">
<core>NULL</core>
<MemPortIdVec></MemPortIdVec>
<condition id="-1">
<or_exp><and_exp></and_exp></or_exp>
</condition>

<Node id="44" bw="97" op_0_bw="50">
<![CDATA[
_ZN8ap_fixedILi47ELi24EL9ap_q_mode5EL9ap_o_mode3ELi0EEC2ILi24ELi10ELb1ELS0_5ELS1_3ELi0EEERK13ap_fixed_baseIXT_EXT0_EXT1_EXT2_EXT3_EXT4_EE.exit_ifconv:39 %zext_ln1168 = zext i50 %p_Result_28

]]></Node>
<StgValue><ssdm name="zext_ln1168"/></StgValue>
</operation>

<operation id="58" st_id="3" stage="1" lat="1">
<core>NULL</core>
<MemPortIdVec></MemPortIdVec>
<condition id="-1">
<or_exp><and_exp></and_exp></or_exp>
</condition>

<Node id="45" bw="97" op_0_bw="47">
<![CDATA[
_ZN8ap_fixedILi47ELi24EL9ap_q_mode5EL9ap_o_mode3ELi0EEC2ILi24ELi10ELb1ELS0_5ELS1_3ELi0EEERK13ap_fixed_baseIXT_EXT0_EXT1_EXT2_EXT3_EXT4_EE.exit_ifconv:40 %zext_ln1171 = zext i47 %rhs_2

]]></Node>
<StgValue><ssdm name="zext_ln1171"/></StgValue>
</operation>

<operation id="59" st_id="3" stage="5" lat="5">
<core>Multiplier</core>
<MemPortIdVec></MemPortIdVec>
<condition id="-1">
<or_exp><and_exp></and_exp></or_exp>
</condition>

<Node id="46" bw="97" op_0_bw="97" op_1_bw="97">
<![CDATA[
_ZN8ap_fixedILi47ELi24EL9ap_q_mode5EL9ap_o_mode3ELi0EEC2ILi24ELi10ELb1ELS0_5ELS1_3ELi0EEERK13ap_fixed_baseIXT_EXT0_EXT1_EXT2_EXT3_EXT4_EE.exit_ifconv:41 %r_V = mul i97 %zext_ln1168, i97 %zext_ln1171

]]></Node>
<StgValue><ssdm name="r_V"/></StgValue>
</operation>
</state>

<state id="4" st_id="4">

<operation id="60" st_id="4" stage="4" lat="5">
<core>Multiplier</core>
<MemPortIdVec></MemPortIdVec>
<condition id="-1">
<or_exp><and_exp></and_exp></or_exp>
</condition>

<Node id="46" bw="97" op_0_bw="97" op_1_bw="97">
<![CDATA[
_ZN8ap_fixedILi47ELi24EL9ap_q_mode5EL9ap_o_mode3ELi0EEC2ILi24ELi10ELb1ELS0_5ELS1_3ELi0EEERK13ap_fixed_baseIXT_EXT0_EXT1_EXT2_EXT3_EXT4_EE.exit_ifconv:41 %r_V = mul i97 %zext_ln1168, i97 %zext_ln1171

]]></Node>
<StgValue><ssdm name="r_V"/></StgValue>
</operation>
</state>

<state id="5" st_id="5">

<operation id="61" st_id="5" stage="3" lat="5">
<core>Multiplier</core>
<MemPortIdVec></MemPortIdVec>
<condition id="-1">
<or_exp><and_exp></and_exp></or_exp>
</condition>

<Node id="46" bw="97" op_0_bw="97" op_1_bw="97">
<![CDATA[
_ZN8ap_fixedILi47ELi24EL9ap_q_mode5EL9ap_o_mode3ELi0EEC2ILi24ELi10ELb1ELS0_5ELS1_3ELi0EEERK13ap_fixed_baseIXT_EXT0_EXT1_EXT2_EXT3_EXT4_EE.exit_ifconv:41 %r_V = mul i97 %zext_ln1168, i97 %zext_ln1171

]]></Node>
<StgValue><ssdm name="r_V"/></StgValue>
</operation>
</state>

<state id="6" st_id="6">

<operation id="62" st_id="6" stage="2" lat="5">
<core>Multiplier</core>
<MemPortIdVec></MemPortIdVec>
<condition id="-1">
<or_exp><and_exp></and_exp></or_exp>
</condition>

<Node id="46" bw="97" op_0_bw="97" op_1_bw="97">
<![CDATA[
_ZN8ap_fixedILi47ELi24EL9ap_q_mode5EL9ap_o_mode3ELi0EEC2ILi24ELi10ELb1ELS0_5ELS1_3ELi0EEERK13ap_fixed_baseIXT_EXT0_EXT1_EXT2_EXT3_EXT4_EE.exit_ifconv:41 %r_V = mul i97 %zext_ln1168, i97 %zext_ln1171

]]></Node>
<StgValue><ssdm name="r_V"/></StgValue>
</operation>
</state>

<state id="7" st_id="7">

<operation id="63" st_id="7" stage="1" lat="1">
<core>NULL</core>
<MemPortIdVec></MemPortIdVec>
<condition id="-1">
<or_exp><and_exp></and_exp></or_exp>
</condition>

<Node id="27" bw="8" op_0_bw="8" op_1_bw="1" op_2_bw="7">
<![CDATA[
_ZN8ap_fixedILi47ELi24EL9ap_q_mode5EL9ap_o_mode3ELi0EEC2ILi24ELi10ELb1ELS0_5ELS1_3ELi0EEERK13ap_fixed_baseIXT_EXT0_EXT1_EXT2_EXT3_EXT4_EE.exit_ifconv:22 %p_Result_26 = bitconcatenate i8 @_ssdm_op_BitConcatenate.i8.i1.i7, i1 %tmp, i7 %p_Result_s

]]></Node>
<StgValue><ssdm name="p_Result_26"/></StgValue>
</operation>

<operation id="64" st_id="7" stage="1" lat="5">
<core>Multiplier</core>
<MemPortIdVec></MemPortIdVec>
<condition id="-1">
<or_exp><and_exp></and_exp></or_exp>
</condition>

<Node id="46" bw="97" op_0_bw="97" op_1_bw="97">
<![CDATA[
_ZN8ap_fixedILi47ELi24EL9ap_q_mode5EL9ap_o_mode3ELi0EEC2ILi24ELi10ELb1ELS0_5ELS1_3ELi0EEERK13ap_fixed_baseIXT_EXT0_EXT1_EXT2_EXT3_EXT4_EE.exit_ifconv:41 %r_V = mul i97 %zext_ln1168, i97 %zext_ln1171

]]></Node>
<StgValue><ssdm name="r_V"/></StgValue>
</operation>

<operation id="65" st_id="7" stage="1" lat="1">
<core>NULL</core>
<MemPortIdVec></MemPortIdVec>
<condition id="-1">
<or_exp><and_exp></and_exp></or_exp>
</condition>

<Node id="47" bw="45" op_0_bw="45" op_1_bw="97" op_2_bw="32" op_3_bw="32">
<![CDATA[
_ZN8ap_fixedILi47ELi24EL9ap_q_mode5EL9ap_o_mode3ELi0EEC2ILi24ELi10ELb1ELS0_5ELS1_3ELi0EEERK13ap_fixed_baseIXT_EXT0_EXT1_EXT2_EXT3_EXT4_EE.exit_ifconv:42 %trunc_ln9 = partselect i45 @_ssdm_op_PartSelect.i45.i97.i32.i32, i97 %r_V, i32 52, i32 96

]]></Node>
<StgValue><ssdm name="trunc_ln9"/></StgValue>
</operation>

<operation id="66" st_id="7" stage="1" lat="1">
<core>NULL</core>
<MemPortIdVec></MemPortIdVec>
<condition id="-1">
<or_exp><and_exp></and_exp></or_exp>
</condition>

<Node id="55" bw="64" op_0_bw="8">
<![CDATA[
_ZN8ap_fixedILi47ELi24EL9ap_q_mode5EL9ap_o_mode3ELi0EEC2ILi24ELi10ELb1ELS0_5ELS1_3ELi0EEERK13ap_fixed_baseIXT_EXT0_EXT1_EXT2_EXT3_EXT4_EE.exit_ifconv:50 %zext_ln587_3 = zext i8 %p_Result_26

]]></Node>
<StgValue><ssdm name="zext_ln587_3"/></StgValue>
</operation>

<operation id="67" st_id="7" stage="1" lat="1">
<core>NULL</core>
<MemPortIdVec></MemPortIdVec>
<condition id="-1">
<or_exp><and_exp></and_exp></or_exp>
</condition>

<Node id="56" bw="8" op_0_bw="50" op_1_bw="64" op_2_bw="64">
<![CDATA[
_ZN8ap_fixedILi47ELi24EL9ap_q_mode5EL9ap_o_mode3ELi0EEC2ILi24ELi10ELb1ELS0_5ELS1_3ELi0EEERK13ap_fixed_baseIXT_EXT0_EXT1_EXT2_EXT3_EXT4_EE.exit_ifconv:51 %exp_x_msb_1_table_V_addr = getelementptr i50 %exp_x_msb_1_table_V, i64 0, i64 %zext_ln587_3

]]></Node>
<StgValue><ssdm name="exp_x_msb_1_table_V_addr"/></StgValue>
</operation>

<operation id="68" st_id="7" stage="2" lat="2">
<core>ROM</core>
<MemPortIdVec></MemPortIdVec>
<condition id="-1">
<or_exp><and_exp></and_exp></or_exp>
</condition>

<Node id="57" bw="50" op_0_bw="8">
<![CDATA[
_ZN8ap_fixedILi47ELi24EL9ap_q_mode5EL9ap_o_mode3ELi0EEC2ILi24ELi10ELb1ELS0_5ELS1_3ELi0EEERK13ap_fixed_baseIXT_EXT0_EXT1_EXT2_EXT3_EXT4_EE.exit_ifconv:52 %exp_x_msb_1_V = load i8 %exp_x_msb_1_table_V_addr

]]></Node>
<StgValue><ssdm name="exp_x_msb_1_V"/></StgValue>
</operation>
</state>

<state id="8" st_id="8">

<operation id="69" st_id="8" stage="1" lat="1">
<core>NULL</core>
<MemPortIdVec></MemPortIdVec>
<condition id="-1">
<or_exp><and_exp></and_exp></or_exp>
</condition>

<Node id="48" bw="48" op_0_bw="45">
<![CDATA[
_ZN8ap_fixedILi47ELi24EL9ap_q_mode5EL9ap_o_mode3ELi0EEC2ILi24ELi10ELb1ELS0_5ELS1_3ELi0EEERK13ap_fixed_baseIXT_EXT0_EXT1_EXT2_EXT3_EXT4_EE.exit_ifconv:43 %zext_ln1245 = zext i45 %trunc_ln9

]]></Node>
<StgValue><ssdm name="zext_ln1245"/></StgValue>
</operation>

<operation id="70" st_id="8" stage="1" lat="1">
<core>NULL</core>
<MemPortIdVec></MemPortIdVec>
<condition id="-1">
<or_exp><and_exp></and_exp></or_exp>
</condition>

<Node id="49" bw="56" op_0_bw="56" op_1_bw="9" op_2_bw="41" op_3_bw="6">
<![CDATA[
_ZN8ap_fixedILi47ELi24EL9ap_q_mode5EL9ap_o_mode3ELi0EEC2ILi24ELi10ELb1ELS0_5ELS1_3ELi0EEERK13ap_fixed_baseIXT_EXT0_EXT1_EXT2_EXT3_EXT4_EE.exit_ifconv:44 %rhs_1 = bitconcatenate i56 @_ssdm_op_BitConcatenate.i56.i9.i41.i6, i9 %ret_V_15, i41 %trunc_ln640_2, i6 0

]]></Node>
<StgValue><ssdm name="rhs_1"/></StgValue>
</operation>

<operation id="71" st_id="8" stage="1" lat="1">
<core>NULL</core>
<MemPortIdVec></MemPortIdVec>
<condition id="-1">
<or_exp><and_exp></and_exp></or_exp>
</condition>

<Node id="50" bw="48" op_0_bw="47">
<![CDATA[
_ZN8ap_fixedILi47ELi24EL9ap_q_mode5EL9ap_o_mode3ELi0EEC2ILi24ELi10ELb1ELS0_5ELS1_3ELi0EEERK13ap_fixed_baseIXT_EXT0_EXT1_EXT2_EXT3_EXT4_EE.exit_ifconv:45 %zext_ln1245_1 = zext i47 %rhs_2

]]></Node>
<StgValue><ssdm name="zext_ln1245_1"/></StgValue>
</operation>

<operation id="72" st_id="8" stage="1" lat="1">
<core>Adder</core>
<MemPortIdVec></MemPortIdVec>
<condition id="-1">
<or_exp><and_exp></and_exp></or_exp>
</condition>

<Node id="51" bw="48" op_0_bw="48" op_1_bw="48">
<![CDATA[
_ZN8ap_fixedILi47ELi24EL9ap_q_mode5EL9ap_o_mode3ELi0EEC2ILi24ELi10ELb1ELS0_5ELS1_3ELi0EEERK13ap_fixed_baseIXT_EXT0_EXT1_EXT2_EXT3_EXT4_EE.exit_ifconv:46 %add_ln1245 = add i48 %zext_ln1245_1, i48 %zext_ln1245

]]></Node>
<StgValue><ssdm name="add_ln1245"/></StgValue>
</operation>

<operation id="73" st_id="8" stage="1" lat="1">
<core>NULL</core>
<MemPortIdVec></MemPortIdVec>
<condition id="-1">
<or_exp><and_exp></and_exp></or_exp>
</condition>

<Node id="52" bw="56" op_0_bw="48">
<![CDATA[
_ZN8ap_fixedILi47ELi24EL9ap_q_mode5EL9ap_o_mode3ELi0EEC2ILi24ELi10ELb1ELS0_5ELS1_3ELi0EEERK13ap_fixed_baseIXT_EXT0_EXT1_EXT2_EXT3_EXT4_EE.exit_ifconv:47 %zext_ln1245_2 = zext i48 %add_ln1245

]]></Node>
<StgValue><ssdm name="zext_ln1245_2"/></StgValue>
</operation>

<operation id="74" st_id="8" stage="1" lat="1">
<core>Adder</core>
<MemPortIdVec></MemPortIdVec>
<condition id="-1">
<or_exp><and_exp></and_exp></or_exp>
</condition>

<Node id="53" bw="56" op_0_bw="56" op_1_bw="56">
<![CDATA[
_ZN8ap_fixedILi47ELi24EL9ap_q_mode5EL9ap_o_mode3ELi0EEC2ILi24ELi10ELb1ELS0_5ELS1_3ELi0EEERK13ap_fixed_baseIXT_EXT0_EXT1_EXT2_EXT3_EXT4_EE.exit_ifconv:48 %ret_V = add i56 %zext_ln1245_2, i56 %rhs_1

]]></Node>
<StgValue><ssdm name="ret_V"/></StgValue>
</operation>

<operation id="75" st_id="8" stage="1" lat="1">
<core>NULL</core>
<MemPortIdVec></MemPortIdVec>
<condition id="-1">
<or_exp><and_exp></and_exp></or_exp>
</condition>

<Node id="54" bw="50" op_0_bw="50" op_1_bw="56" op_2_bw="32" op_3_bw="32">
<![CDATA[
_ZN8ap_fixedILi47ELi24EL9ap_q_mode5EL9ap_o_mode3ELi0EEC2ILi24ELi10ELb1ELS0_5ELS1_3ELi0EEERK13ap_fixed_baseIXT_EXT0_EXT1_EXT2_EXT3_EXT4_EE.exit_ifconv:49 %exp_x_msb_2_3_4_lsb_m_1_V = partselect i50 @_ssdm_op_PartSelect.i50.i56.i32.i32, i56 %ret_V, i32 6, i32 55

]]></Node>
<StgValue><ssdm name="exp_x_msb_2_3_4_lsb_m_1_V"/></StgValue>
</operation>

<operation id="76" st_id="8" stage="1" lat="2">
<core>ROM</core>
<MemPortIdVec></MemPortIdVec>
<condition id="-1">
<or_exp><and_exp></and_exp></or_exp>
</condition>

<Node id="57" bw="50" op_0_bw="8">
<![CDATA[
_ZN8ap_fixedILi47ELi24EL9ap_q_mode5EL9ap_o_mode3ELi0EEC2ILi24ELi10ELb1ELS0_5ELS1_3ELi0EEERK13ap_fixed_baseIXT_EXT0_EXT1_EXT2_EXT3_EXT4_EE.exit_ifconv:52 %exp_x_msb_1_V = load i8 %exp_x_msb_1_table_V_addr

]]></Node>
<StgValue><ssdm name="exp_x_msb_1_V"/></StgValue>
</operation>
</state>

<state id="9" st_id="9">

<operation id="77" st_id="9" stage="1" lat="1">
<core>NULL</core>
<MemPortIdVec></MemPortIdVec>
<condition id="-1">
<or_exp><and_exp></and_exp></or_exp>
</condition>

<Node id="58" bw="100" op_0_bw="50">
<![CDATA[
_ZN8ap_fixedILi47ELi24EL9ap_q_mode5EL9ap_o_mode3ELi0EEC2ILi24ELi10ELb1ELS0_5ELS1_3ELi0EEERK13ap_fixed_baseIXT_EXT0_EXT1_EXT2_EXT3_EXT4_EE.exit_ifconv:53 %zext_ln1169 = zext i50 %exp_x_msb_1_V

]]></Node>
<StgValue><ssdm name="zext_ln1169"/></StgValue>
</operation>

<operation id="78" st_id="9" stage="1" lat="1">
<core>NULL</core>
<MemPortIdVec></MemPortIdVec>
<condition id="-1">
<or_exp><and_exp></and_exp></or_exp>
</condition>

<Node id="59" bw="100" op_0_bw="50">
<![CDATA[
_ZN8ap_fixedILi47ELi24EL9ap_q_mode5EL9ap_o_mode3ELi0EEC2ILi24ELi10ELb1ELS0_5ELS1_3ELi0EEERK13ap_fixed_baseIXT_EXT0_EXT1_EXT2_EXT3_EXT4_EE.exit_ifconv:54 %zext_ln1171_1 = zext i50 %exp_x_msb_2_3_4_lsb_m_1_V

]]></Node>
<StgValue><ssdm name="zext_ln1171_1"/></StgValue>
</operation>

<operation id="79" st_id="9" stage="5" lat="5">
<core>Multiplier</core>
<MemPortIdVec></MemPortIdVec>
<condition id="-1">
<or_exp><and_exp></and_exp></or_exp>
</condition>

<Node id="60" bw="100" op_0_bw="100" op_1_bw="100">
<![CDATA[
_ZN8ap_fixedILi47ELi24EL9ap_q_mode5EL9ap_o_mode3ELi0EEC2ILi24ELi10ELb1ELS0_5ELS1_3ELi0EEERK13ap_fixed_baseIXT_EXT0_EXT1_EXT2_EXT3_EXT4_EE.exit_ifconv:55 %r_V_76 = mul i100 %zext_ln1171_1, i100 %zext_ln1169

]]></Node>
<StgValue><ssdm name="r_V_76"/></StgValue>
</operation>
</state>

<state id="10" st_id="10">

<operation id="80" st_id="10" stage="4" lat="5">
<core>Multiplier</core>
<MemPortIdVec></MemPortIdVec>
<condition id="-1">
<or_exp><and_exp></and_exp></or_exp>
</condition>

<Node id="60" bw="100" op_0_bw="100" op_1_bw="100">
<![CDATA[
_ZN8ap_fixedILi47ELi24EL9ap_q_mode5EL9ap_o_mode3ELi0EEC2ILi24ELi10ELb1ELS0_5ELS1_3ELi0EEERK13ap_fixed_baseIXT_EXT0_EXT1_EXT2_EXT3_EXT4_EE.exit_ifconv:55 %r_V_76 = mul i100 %zext_ln1171_1, i100 %zext_ln1169

]]></Node>
<StgValue><ssdm name="r_V_76"/></StgValue>
</operation>
</state>

<state id="11" st_id="11">

<operation id="81" st_id="11" stage="3" lat="5">
<core>Multiplier</core>
<MemPortIdVec></MemPortIdVec>
<condition id="-1">
<or_exp><and_exp></and_exp></or_exp>
</condition>

<Node id="60" bw="100" op_0_bw="100" op_1_bw="100">
<![CDATA[
_ZN8ap_fixedILi47ELi24EL9ap_q_mode5EL9ap_o_mode3ELi0EEC2ILi24ELi10ELb1ELS0_5ELS1_3ELi0EEERK13ap_fixed_baseIXT_EXT0_EXT1_EXT2_EXT3_EXT4_EE.exit_ifconv:55 %r_V_76 = mul i100 %zext_ln1171_1, i100 %zext_ln1169

]]></Node>
<StgValue><ssdm name="r_V_76"/></StgValue>
</operation>
</state>

<state id="12" st_id="12">

<operation id="82" st_id="12" stage="2" lat="5">
<core>Multiplier</core>
<MemPortIdVec></MemPortIdVec>
<condition id="-1">
<or_exp><and_exp></and_exp></or_exp>
</condition>

<Node id="60" bw="100" op_0_bw="100" op_1_bw="100">
<![CDATA[
_ZN8ap_fixedILi47ELi24EL9ap_q_mode5EL9ap_o_mode3ELi0EEC2ILi24ELi10ELb1ELS0_5ELS1_3ELi0EEERK13ap_fixed_baseIXT_EXT0_EXT1_EXT2_EXT3_EXT4_EE.exit_ifconv:55 %r_V_76 = mul i100 %zext_ln1171_1, i100 %zext_ln1169

]]></Node>
<StgValue><ssdm name="r_V_76"/></StgValue>
</operation>
</state>

<state id="13" st_id="13">

<operation id="83" st_id="13" stage="1" lat="5">
<core>Multiplier</core>
<MemPortIdVec></MemPortIdVec>
<condition id="-1">
<or_exp><and_exp></and_exp></or_exp>
</condition>

<Node id="60" bw="100" op_0_bw="100" op_1_bw="100">
<![CDATA[
_ZN8ap_fixedILi47ELi24EL9ap_q_mode5EL9ap_o_mode3ELi0EEC2ILi24ELi10ELb1ELS0_5ELS1_3ELi0EEERK13ap_fixed_baseIXT_EXT0_EXT1_EXT2_EXT3_EXT4_EE.exit_ifconv:55 %r_V_76 = mul i100 %zext_ln1171_1, i100 %zext_ln1169

]]></Node>
<StgValue><ssdm name="r_V_76"/></StgValue>
</operation>

<operation id="84" st_id="13" stage="1" lat="1">
<core>NULL</core>
<MemPortIdVec></MemPortIdVec>
<condition id="-1">
<or_exp><and_exp></and_exp></or_exp>
</condition>

<Node id="61" bw="48" op_0_bw="48" op_1_bw="100" op_2_bw="32" op_3_bw="32">
<![CDATA[
_ZN8ap_fixedILi47ELi24EL9ap_q_mode5EL9ap_o_mode3ELi0EEC2ILi24ELi10ELb1ELS0_5ELS1_3ELi0EEERK13ap_fixed_baseIXT_EXT0_EXT1_EXT2_EXT3_EXT4_EE.exit_ifconv:56 %trunc_ln712_1 = partselect i48 @_ssdm_op_PartSelect.i48.i100.i32.i32, i100 %r_V_76, i32 52, i32 99

]]></Node>
<StgValue><ssdm name="trunc_ln712_1"/></StgValue>
</operation>
</state>

<state id="14" st_id="14">

<operation id="85" st_id="14" stage="1" lat="1">
<core>LogicGate</core>
<MemPortIdVec></MemPortIdVec>
<condition id="-1">
<or_exp><and_exp></and_exp></or_exp>
</condition>

<Node id="24" bw="1" op_0_bw="1" op_1_bw="1">
<![CDATA[
_ZN8ap_fixedILi47ELi24EL9ap_q_mode5EL9ap_o_mode3ELi0EEC2ILi24ELi10ELb1ELS0_5ELS1_3ELi0EEERK13ap_fixed_baseIXT_EXT0_EXT1_EXT2_EXT3_EXT4_EE.exit_ifconv:19 %xor_ln288 = xor i1 %tmp, i1 1

]]></Node>
<StgValue><ssdm name="xor_ln288"/></StgValue>
</operation>

<operation id="86" st_id="14" stage="1" lat="1">
<core>Sel</core>
<MemPortIdVec></MemPortIdVec>
<condition id="-1">
<or_exp><and_exp></and_exp></or_exp>
</condition>

<Node id="25" bw="46" op_0_bw="1" op_1_bw="46" op_2_bw="46">
<![CDATA[
_ZN8ap_fixedILi47ELi24EL9ap_q_mode5EL9ap_o_mode3ELi0EEC2ILi24ELi10ELb1ELS0_5ELS1_3ELi0EEERK13ap_fixed_baseIXT_EXT0_EXT1_EXT2_EXT3_EXT4_EE.exit_ifconv:20 %select_ln640 = select i1 %xor_ln288, i46 70368744177663, i46 0

]]></Node>
<StgValue><ssdm name="select_ln640"/></StgValue>
</operation>

<operation id="87" st_id="14" stage="1" lat="1">
<core>NULL</core>
<MemPortIdVec></MemPortIdVec>
<condition id="-1">
<or_exp><and_exp></and_exp></or_exp>
</condition>

<Node id="62" bw="50" op_0_bw="48">
<![CDATA[
_ZN8ap_fixedILi47ELi24EL9ap_q_mode5EL9ap_o_mode3ELi0EEC2ILi24ELi10ELb1ELS0_5ELS1_3ELi0EEERK13ap_fixed_baseIXT_EXT0_EXT1_EXT2_EXT3_EXT4_EE.exit_ifconv:57 %zext_ln712_1 = zext i48 %trunc_ln712_1

]]></Node>
<StgValue><ssdm name="zext_ln712_1"/></StgValue>
</operation>

<operation id="88" st_id="14" stage="1" lat="1">
<core>Adder</core>
<MemPortIdVec></MemPortIdVec>
<condition id="-1">
<or_exp><and_exp></and_exp></or_exp>
</condition>

<Node id="63" bw="50" op_0_bw="50" op_1_bw="50">
<![CDATA[
_ZN8ap_fixedILi47ELi24EL9ap_q_mode5EL9ap_o_mode3ELi0EEC2ILi24ELi10ELb1ELS0_5ELS1_3ELi0EEERK13ap_fixed_baseIXT_EXT0_EXT1_EXT2_EXT3_EXT4_EE.exit_ifconv:58 %y_l_V = add i50 %exp_x_msb_1_V, i50 %zext_ln712_1

]]></Node>
<StgValue><ssdm name="y_l_V"/></StgValue>
</operation>

<operation id="89" st_id="14" stage="1" lat="1">
<core>NULL</core>
<MemPortIdVec></MemPortIdVec>
<condition id="-1">
<or_exp><and_exp></and_exp></or_exp>
</condition>

<Node id="64" bw="46" op_0_bw="46" op_1_bw="50" op_2_bw="32" op_3_bw="32">
<![CDATA[
_ZN8ap_fixedILi47ELi24EL9ap_q_mode5EL9ap_o_mode3ELi0EEC2ILi24ELi10ELb1ELS0_5ELS1_3ELi0EEERK13ap_fixed_baseIXT_EXT0_EXT1_EXT2_EXT3_EXT4_EE.exit_ifconv:59 %y_V = partselect i46 @_ssdm_op_PartSelect.i46.i50.i32.i32, i50 %y_l_V, i32 4, i32 49

]]></Node>
<StgValue><ssdm name="y_V"/></StgValue>
</operation>

<operation id="90" st_id="14" stage="1" lat="1">
<core>LogicGate</core>
<MemPortIdVec></MemPortIdVec>
<condition id="-1">
<or_exp><and_exp></and_exp></or_exp>
</condition>

<Node id="69" bw="1" op_0_bw="1" op_1_bw="1">
<![CDATA[
_ZN8ap_fixedILi47ELi24EL9ap_q_mode5EL9ap_o_mode3ELi0EEC2ILi24ELi10ELb1ELS0_5ELS1_3ELi0EEERK13ap_fixed_baseIXT_EXT0_EXT1_EXT2_EXT3_EXT4_EE.exit_ifconv:64 %or_ln300_4 = or i1 %or_ln300_3, i1 %or_ln300_1

]]></Node>
<StgValue><ssdm name="or_ln300_4"/></StgValue>
</operation>

<operation id="91" st_id="14" stage="1" lat="1">
<core>Sel</core>
<MemPortIdVec></MemPortIdVec>
<condition id="-1">
<or_exp><and_exp></and_exp></or_exp>
</condition>

<Node id="70" bw="46" op_0_bw="1" op_1_bw="46" op_2_bw="46">
<![CDATA[
_ZN8ap_fixedILi47ELi24EL9ap_q_mode5EL9ap_o_mode3ELi0EEC2ILi24ELi10ELb1ELS0_5ELS1_3ELi0EEERK13ap_fixed_baseIXT_EXT0_EXT1_EXT2_EXT3_EXT4_EE.exit_ifconv:65 %p_Val2_37 = select i1 %or_ln300_4, i46 %select_ln640, i46 %y_V

]]></Node>
<StgValue><ssdm name="p_Val2_37"/></StgValue>
</operation>

<operation id="92" st_id="14" stage="1" lat="1">
<core>NULL</core>
<MemPortIdVec></MemPortIdVec>
<condition id="-1">
<or_exp><and_exp></and_exp></or_exp>
</condition>

<Node id="71" bw="2" op_0_bw="2" op_1_bw="46" op_2_bw="32" op_3_bw="32">
<![CDATA[
_ZN8ap_fixedILi47ELi24EL9ap_q_mode5EL9ap_o_mode3ELi0EEC2ILi24ELi10ELb1ELS0_5ELS1_3ELi0EEERK13ap_fixed_baseIXT_EXT0_EXT1_EXT2_EXT3_EXT4_EE.exit_ifconv:66 %tmp_94 = partselect i2 @_ssdm_op_PartSelect.i2.i46.i32.i32, i46 %p_Val2_37, i32 44, i32 45

]]></Node>
<StgValue><ssdm name="tmp_94"/></StgValue>
</operation>

<operation id="93" st_id="14" stage="1" lat="1">
<core>Cmp</core>
<MemPortIdVec></MemPortIdVec>
<condition id="-1">
<or_exp><and_exp></and_exp></or_exp>
</condition>

<Node id="72" bw="1" op_0_bw="2" op_1_bw="2">
<![CDATA[
_ZN8ap_fixedILi47ELi24EL9ap_q_mode5EL9ap_o_mode3ELi0EEC2ILi24ELi10ELb1ELS0_5ELS1_3ELi0EEERK13ap_fixed_baseIXT_EXT0_EXT1_EXT2_EXT3_EXT4_EE.exit_ifconv:67 %overf_1 = icmp_ne  i2 %tmp_94, i2 0

]]></Node>
<StgValue><ssdm name="overf_1"/></StgValue>
</operation>

<operation id="94" st_id="14" stage="1" lat="1">
<core>NULL</core>
<MemPortIdVec></MemPortIdVec>
<condition id="-1">
<or_exp><and_exp></and_exp></or_exp>
</condition>

<Node id="73" bw="1" op_0_bw="1" op_1_bw="46" op_2_bw="32">
<![CDATA[
_ZN8ap_fixedILi47ELi24EL9ap_q_mode5EL9ap_o_mode3ELi0EEC2ILi24ELi10ELb1ELS0_5ELS1_3ELi0EEERK13ap_fixed_baseIXT_EXT0_EXT1_EXT2_EXT3_EXT4_EE.exit_ifconv:68 %p_Result_s_53 = bitselect i1 @_ssdm_op_BitSelect.i1.i46.i32, i46 %p_Val2_37, i32 43

]]></Node>
<StgValue><ssdm name="p_Result_s_53"/></StgValue>
</operation>

<operation id="95" st_id="14" stage="1" lat="1">
<core>NULL</core>
<MemPortIdVec></MemPortIdVec>
<condition id="-1">
<or_exp><and_exp></and_exp></or_exp>
</condition>

<Node id="74" bw="1" op_0_bw="1" op_1_bw="46" op_2_bw="32">
<![CDATA[
_ZN8ap_fixedILi47ELi24EL9ap_q_mode5EL9ap_o_mode3ELi0EEC2ILi24ELi10ELb1ELS0_5ELS1_3ELi0EEERK13ap_fixed_baseIXT_EXT0_EXT1_EXT2_EXT3_EXT4_EE.exit_ifconv:69 %p_Result_13 = bitselect i1 @_ssdm_op_BitSelect.i1.i46.i32, i46 %p_Val2_37, i32 42

]]></Node>
<StgValue><ssdm name="p_Result_13"/></StgValue>
</operation>

<operation id="96" st_id="14" stage="1" lat="1">
<core>NULL</core>
<MemPortIdVec></MemPortIdVec>
<condition id="-1">
<or_exp><and_exp></and_exp></or_exp>
</condition>

<Node id="75" bw="1" op_0_bw="1" op_1_bw="46" op_2_bw="32">
<![CDATA[
_ZN8ap_fixedILi47ELi24EL9ap_q_mode5EL9ap_o_mode3ELi0EEC2ILi24ELi10ELb1ELS0_5ELS1_3ELi0EEERK13ap_fixed_baseIXT_EXT0_EXT1_EXT2_EXT3_EXT4_EE.exit_ifconv:70 %p_Result_14 = bitselect i1 @_ssdm_op_BitSelect.i1.i46.i32, i46 %p_Val2_37, i32 41

]]></Node>
<StgValue><ssdm name="p_Result_14"/></StgValue>
</operation>

<operation id="97" st_id="14" stage="1" lat="1">
<core>NULL</core>
<MemPortIdVec></MemPortIdVec>
<condition id="-1">
<or_exp><and_exp></and_exp></or_exp>
</condition>

<Node id="76" bw="1" op_0_bw="1" op_1_bw="46" op_2_bw="32">
<![CDATA[
_ZN8ap_fixedILi47ELi24EL9ap_q_mode5EL9ap_o_mode3ELi0EEC2ILi24ELi10ELb1ELS0_5ELS1_3ELi0EEERK13ap_fixed_baseIXT_EXT0_EXT1_EXT2_EXT3_EXT4_EE.exit_ifconv:71 %p_Result_15 = bitselect i1 @_ssdm_op_BitSelect.i1.i46.i32, i46 %p_Val2_37, i32 40

]]></Node>
<StgValue><ssdm name="p_Result_15"/></StgValue>
</operation>

<operation id="98" st_id="14" stage="1" lat="1">
<core>NULL</core>
<MemPortIdVec></MemPortIdVec>
<condition id="-1">
<or_exp><and_exp></and_exp></or_exp>
</condition>

<Node id="77" bw="1" op_0_bw="1" op_1_bw="46" op_2_bw="32">
<![CDATA[
_ZN8ap_fixedILi47ELi24EL9ap_q_mode5EL9ap_o_mode3ELi0EEC2ILi24ELi10ELb1ELS0_5ELS1_3ELi0EEERK13ap_fixed_baseIXT_EXT0_EXT1_EXT2_EXT3_EXT4_EE.exit_ifconv:72 %p_Result_16 = bitselect i1 @_ssdm_op_BitSelect.i1.i46.i32, i46 %p_Val2_37, i32 39

]]></Node>
<StgValue><ssdm name="p_Result_16"/></StgValue>
</operation>

<operation id="99" st_id="14" stage="1" lat="1">
<core>NULL</core>
<MemPortIdVec></MemPortIdVec>
<condition id="-1">
<or_exp><and_exp></and_exp></or_exp>
</condition>

<Node id="78" bw="1" op_0_bw="1" op_1_bw="46" op_2_bw="32">
<![CDATA[
_ZN8ap_fixedILi47ELi24EL9ap_q_mode5EL9ap_o_mode3ELi0EEC2ILi24ELi10ELb1ELS0_5ELS1_3ELi0EEERK13ap_fixed_baseIXT_EXT0_EXT1_EXT2_EXT3_EXT4_EE.exit_ifconv:73 %p_Result_17 = bitselect i1 @_ssdm_op_BitSelect.i1.i46.i32, i46 %p_Val2_37, i32 38

]]></Node>
<StgValue><ssdm name="p_Result_17"/></StgValue>
</operation>

<operation id="100" st_id="14" stage="1" lat="1">
<core>NULL</core>
<MemPortIdVec></MemPortIdVec>
<condition id="-1">
<or_exp><and_exp></and_exp></or_exp>
</condition>

<Node id="79" bw="1" op_0_bw="1" op_1_bw="46" op_2_bw="32">
<![CDATA[
_ZN8ap_fixedILi47ELi24EL9ap_q_mode5EL9ap_o_mode3ELi0EEC2ILi24ELi10ELb1ELS0_5ELS1_3ELi0EEERK13ap_fixed_baseIXT_EXT0_EXT1_EXT2_EXT3_EXT4_EE.exit_ifconv:74 %p_Result_18 = bitselect i1 @_ssdm_op_BitSelect.i1.i46.i32, i46 %p_Val2_37, i32 37

]]></Node>
<StgValue><ssdm name="p_Result_18"/></StgValue>
</operation>

<operation id="101" st_id="14" stage="1" lat="1">
<core>NULL</core>
<MemPortIdVec></MemPortIdVec>
<condition id="-1">
<or_exp><and_exp></and_exp></or_exp>
</condition>

<Node id="80" bw="1" op_0_bw="1" op_1_bw="46" op_2_bw="32">
<![CDATA[
_ZN8ap_fixedILi47ELi24EL9ap_q_mode5EL9ap_o_mode3ELi0EEC2ILi24ELi10ELb1ELS0_5ELS1_3ELi0EEERK13ap_fixed_baseIXT_EXT0_EXT1_EXT2_EXT3_EXT4_EE.exit_ifconv:75 %p_Result_19 = bitselect i1 @_ssdm_op_BitSelect.i1.i46.i32, i46 %p_Val2_37, i32 36

]]></Node>
<StgValue><ssdm name="p_Result_19"/></StgValue>
</operation>

<operation id="102" st_id="14" stage="1" lat="1">
<core>NULL</core>
<MemPortIdVec></MemPortIdVec>
<condition id="-1">
<or_exp><and_exp></and_exp></or_exp>
</condition>

<Node id="81" bw="1" op_0_bw="1" op_1_bw="46" op_2_bw="32">
<![CDATA[
_ZN8ap_fixedILi47ELi24EL9ap_q_mode5EL9ap_o_mode3ELi0EEC2ILi24ELi10ELb1ELS0_5ELS1_3ELi0EEERK13ap_fixed_baseIXT_EXT0_EXT1_EXT2_EXT3_EXT4_EE.exit_ifconv:76 %p_Result_20 = bitselect i1 @_ssdm_op_BitSelect.i1.i46.i32, i46 %p_Val2_37, i32 35

]]></Node>
<StgValue><ssdm name="p_Result_20"/></StgValue>
</operation>

<operation id="103" st_id="14" stage="1" lat="1">
<core>NULL</core>
<MemPortIdVec></MemPortIdVec>
<condition id="-1">
<or_exp><and_exp></and_exp></or_exp>
</condition>

<Node id="82" bw="1" op_0_bw="1" op_1_bw="46" op_2_bw="32">
<![CDATA[
_ZN8ap_fixedILi47ELi24EL9ap_q_mode5EL9ap_o_mode3ELi0EEC2ILi24ELi10ELb1ELS0_5ELS1_3ELi0EEERK13ap_fixed_baseIXT_EXT0_EXT1_EXT2_EXT3_EXT4_EE.exit_ifconv:77 %p_Result_21 = bitselect i1 @_ssdm_op_BitSelect.i1.i46.i32, i46 %p_Val2_37, i32 34

]]></Node>
<StgValue><ssdm name="p_Result_21"/></StgValue>
</operation>

<operation id="104" st_id="14" stage="1" lat="1">
<core>NULL</core>
<MemPortIdVec></MemPortIdVec>
<condition id="-1">
<or_exp><and_exp></and_exp></or_exp>
</condition>

<Node id="83" bw="1" op_0_bw="1" op_1_bw="46" op_2_bw="32">
<![CDATA[
_ZN8ap_fixedILi47ELi24EL9ap_q_mode5EL9ap_o_mode3ELi0EEC2ILi24ELi10ELb1ELS0_5ELS1_3ELi0EEERK13ap_fixed_baseIXT_EXT0_EXT1_EXT2_EXT3_EXT4_EE.exit_ifconv:78 %p_Result_22 = bitselect i1 @_ssdm_op_BitSelect.i1.i46.i32, i46 %p_Val2_37, i32 33

]]></Node>
<StgValue><ssdm name="p_Result_22"/></StgValue>
</operation>

<operation id="105" st_id="14" stage="1" lat="1">
<core>NULL</core>
<MemPortIdVec></MemPortIdVec>
<condition id="-1">
<or_exp><and_exp></and_exp></or_exp>
</condition>

<Node id="84" bw="1" op_0_bw="1" op_1_bw="46" op_2_bw="32">
<![CDATA[
_ZN8ap_fixedILi47ELi24EL9ap_q_mode5EL9ap_o_mode3ELi0EEC2ILi24ELi10ELb1ELS0_5ELS1_3ELi0EEERK13ap_fixed_baseIXT_EXT0_EXT1_EXT2_EXT3_EXT4_EE.exit_ifconv:79 %p_Result_23 = bitselect i1 @_ssdm_op_BitSelect.i1.i46.i32, i46 %p_Val2_37, i32 32

]]></Node>
<StgValue><ssdm name="p_Result_23"/></StgValue>
</operation>

<operation id="106" st_id="14" stage="1" lat="1">
<core>LogicGate</core>
<MemPortIdVec></MemPortIdVec>
<condition id="-1">
<or_exp><and_exp></and_exp></or_exp>
</condition>

<Node id="85" bw="1" op_0_bw="1" op_1_bw="1">
<![CDATA[
_ZN8ap_fixedILi47ELi24EL9ap_q_mode5EL9ap_o_mode3ELi0EEC2ILi24ELi10ELb1ELS0_5ELS1_3ELi0EEERK13ap_fixed_baseIXT_EXT0_EXT1_EXT2_EXT3_EXT4_EE.exit_ifconv:80 %or_ln533 = or i1 %overf_1, i1 %p_Result_13

]]></Node>
<StgValue><ssdm name="or_ln533"/></StgValue>
</operation>

<operation id="107" st_id="14" stage="1" lat="1">
<core>LogicGate</core>
<MemPortIdVec></MemPortIdVec>
<condition id="-1">
<or_exp><and_exp></and_exp></or_exp>
</condition>

<Node id="86" bw="1" op_0_bw="1" op_1_bw="1">
<![CDATA[
_ZN8ap_fixedILi47ELi24EL9ap_q_mode5EL9ap_o_mode3ELi0EEC2ILi24ELi10ELb1ELS0_5ELS1_3ELi0EEERK13ap_fixed_baseIXT_EXT0_EXT1_EXT2_EXT3_EXT4_EE.exit_ifconv:81 %or_ln533_1 = or i1 %or_ln533, i1 %p_Result_s_53

]]></Node>
<StgValue><ssdm name="or_ln533_1"/></StgValue>
</operation>

<operation id="108" st_id="14" stage="1" lat="1">
<core>LogicGate</core>
<MemPortIdVec></MemPortIdVec>
<condition id="-1">
<or_exp><and_exp></and_exp></or_exp>
</condition>

<Node id="87" bw="1" op_0_bw="1" op_1_bw="1">
<![CDATA[
_ZN8ap_fixedILi47ELi24EL9ap_q_mode5EL9ap_o_mode3ELi0EEC2ILi24ELi10ELb1ELS0_5ELS1_3ELi0EEERK13ap_fixed_baseIXT_EXT0_EXT1_EXT2_EXT3_EXT4_EE.exit_ifconv:82 %or_ln533_2 = or i1 %p_Result_15, i1 %p_Result_16

]]></Node>
<StgValue><ssdm name="or_ln533_2"/></StgValue>
</operation>

<operation id="109" st_id="14" stage="1" lat="1">
<core>LogicGate</core>
<MemPortIdVec></MemPortIdVec>
<condition id="-1">
<or_exp><and_exp></and_exp></or_exp>
</condition>

<Node id="88" bw="1" op_0_bw="1" op_1_bw="1">
<![CDATA[
_ZN8ap_fixedILi47ELi24EL9ap_q_mode5EL9ap_o_mode3ELi0EEC2ILi24ELi10ELb1ELS0_5ELS1_3ELi0EEERK13ap_fixed_baseIXT_EXT0_EXT1_EXT2_EXT3_EXT4_EE.exit_ifconv:83 %or_ln533_3 = or i1 %or_ln533_2, i1 %p_Result_14

]]></Node>
<StgValue><ssdm name="or_ln533_3"/></StgValue>
</operation>

<operation id="110" st_id="14" stage="1" lat="1">
<core>LogicGate</core>
<MemPortIdVec></MemPortIdVec>
<condition id="-1">
<or_exp><and_exp></and_exp></or_exp>
</condition>

<Node id="89" bw="1" op_0_bw="1" op_1_bw="1">
<![CDATA[
_ZN8ap_fixedILi47ELi24EL9ap_q_mode5EL9ap_o_mode3ELi0EEC2ILi24ELi10ELb1ELS0_5ELS1_3ELi0EEERK13ap_fixed_baseIXT_EXT0_EXT1_EXT2_EXT3_EXT4_EE.exit_ifconv:84 %or_ln533_4 = or i1 %or_ln533_3, i1 %or_ln533_1

]]></Node>
<StgValue><ssdm name="or_ln533_4"/></StgValue>
</operation>

<operation id="111" st_id="14" stage="1" lat="1">
<core>LogicGate</core>
<MemPortIdVec></MemPortIdVec>
<condition id="-1">
<or_exp><and_exp></and_exp></or_exp>
</condition>

<Node id="90" bw="1" op_0_bw="1" op_1_bw="1">
<![CDATA[
_ZN8ap_fixedILi47ELi24EL9ap_q_mode5EL9ap_o_mode3ELi0EEC2ILi24ELi10ELb1ELS0_5ELS1_3ELi0EEERK13ap_fixed_baseIXT_EXT0_EXT1_EXT2_EXT3_EXT4_EE.exit_ifconv:85 %or_ln533_5 = or i1 %p_Result_18, i1 %p_Result_19

]]></Node>
<StgValue><ssdm name="or_ln533_5"/></StgValue>
</operation>

<operation id="112" st_id="14" stage="1" lat="1">
<core>LogicGate</core>
<MemPortIdVec></MemPortIdVec>
<condition id="-1">
<or_exp><and_exp></and_exp></or_exp>
</condition>

<Node id="91" bw="1" op_0_bw="1" op_1_bw="1">
<![CDATA[
_ZN8ap_fixedILi47ELi24EL9ap_q_mode5EL9ap_o_mode3ELi0EEC2ILi24ELi10ELb1ELS0_5ELS1_3ELi0EEERK13ap_fixed_baseIXT_EXT0_EXT1_EXT2_EXT3_EXT4_EE.exit_ifconv:86 %or_ln533_6 = or i1 %or_ln533_5, i1 %p_Result_17

]]></Node>
<StgValue><ssdm name="or_ln533_6"/></StgValue>
</operation>

<operation id="113" st_id="14" stage="1" lat="1">
<core>LogicGate</core>
<MemPortIdVec></MemPortIdVec>
<condition id="-1">
<or_exp><and_exp></and_exp></or_exp>
</condition>

<Node id="92" bw="1" op_0_bw="1" op_1_bw="1">
<![CDATA[
_ZN8ap_fixedILi47ELi24EL9ap_q_mode5EL9ap_o_mode3ELi0EEC2ILi24ELi10ELb1ELS0_5ELS1_3ELi0EEERK13ap_fixed_baseIXT_EXT0_EXT1_EXT2_EXT3_EXT4_EE.exit_ifconv:87 %or_ln533_7 = or i1 %p_Result_20, i1 %p_Result_21

]]></Node>
<StgValue><ssdm name="or_ln533_7"/></StgValue>
</operation>

<operation id="114" st_id="14" stage="1" lat="1">
<core>LogicGate</core>
<MemPortIdVec></MemPortIdVec>
<condition id="-1">
<or_exp><and_exp></and_exp></or_exp>
</condition>

<Node id="93" bw="1" op_0_bw="1" op_1_bw="1">
<![CDATA[
_ZN8ap_fixedILi47ELi24EL9ap_q_mode5EL9ap_o_mode3ELi0EEC2ILi24ELi10ELb1ELS0_5ELS1_3ELi0EEERK13ap_fixed_baseIXT_EXT0_EXT1_EXT2_EXT3_EXT4_EE.exit_ifconv:88 %or_ln533_8 = or i1 %p_Result_22, i1 %p_Result_23

]]></Node>
<StgValue><ssdm name="or_ln533_8"/></StgValue>
</operation>

<operation id="115" st_id="14" stage="1" lat="1">
<core>LogicGate</core>
<MemPortIdVec></MemPortIdVec>
<condition id="-1">
<or_exp><and_exp></and_exp></or_exp>
</condition>

<Node id="94" bw="1" op_0_bw="1" op_1_bw="1">
<![CDATA[
_ZN8ap_fixedILi47ELi24EL9ap_q_mode5EL9ap_o_mode3ELi0EEC2ILi24ELi10ELb1ELS0_5ELS1_3ELi0EEERK13ap_fixed_baseIXT_EXT0_EXT1_EXT2_EXT3_EXT4_EE.exit_ifconv:89 %or_ln533_9 = or i1 %or_ln533_8, i1 %or_ln533_7

]]></Node>
<StgValue><ssdm name="or_ln533_9"/></StgValue>
</operation>

<operation id="116" st_id="14" stage="1" lat="1">
<core>LogicGate</core>
<MemPortIdVec></MemPortIdVec>
<condition id="-1">
<or_exp><and_exp></and_exp></or_exp>
</condition>

<Node id="95" bw="1" op_0_bw="1" op_1_bw="1">
<![CDATA[
_ZN8ap_fixedILi47ELi24EL9ap_q_mode5EL9ap_o_mode3ELi0EEC2ILi24ELi10ELb1ELS0_5ELS1_3ELi0EEERK13ap_fixed_baseIXT_EXT0_EXT1_EXT2_EXT3_EXT4_EE.exit_ifconv:90 %or_ln533_10 = or i1 %or_ln533_9, i1 %or_ln533_6

]]></Node>
<StgValue><ssdm name="or_ln533_10"/></StgValue>
</operation>

<operation id="117" st_id="14" stage="1" lat="1">
<core>LogicGate</core>
<MemPortIdVec></MemPortIdVec>
<condition id="-1">
<or_exp><and_exp></and_exp></or_exp>
</condition>

<Node id="96" bw="1" op_0_bw="1" op_1_bw="1">
<![CDATA[
_ZN8ap_fixedILi47ELi24EL9ap_q_mode5EL9ap_o_mode3ELi0EEC2ILi24ELi10ELb1ELS0_5ELS1_3ELi0EEERK13ap_fixed_baseIXT_EXT0_EXT1_EXT2_EXT3_EXT4_EE.exit_ifconv:91 %overf_2 = or i1 %or_ln533_10, i1 %or_ln533_4

]]></Node>
<StgValue><ssdm name="overf_2"/></StgValue>
</operation>
</state>

<state id="15" st_id="15">

<operation id="118" st_id="15" stage="1" lat="1">
<core>NULL</core>
<MemPortIdVec></MemPortIdVec>
<condition id="-1">
<or_exp><and_exp></and_exp></or_exp>
</condition>

<Node id="5" bw="0" op_0_bw="0" op_1_bw="32" op_2_bw="32" op_3_bw="32" op_4_bw="32" op_5_bw="0">
<![CDATA[
_ZN8ap_fixedILi47ELi24EL9ap_q_mode5EL9ap_o_mode3ELi0EEC2ILi24ELi10ELb1ELS0_5ELS1_3ELi0EEERK13ap_fixed_baseIXT_EXT0_EXT1_EXT2_EXT3_EXT4_EE.exit_ifconv:0 %specpipeline_ln39 = specpipeline void @_ssdm_op_SpecPipeline, i32 4294967295, i32 0, i32 0, i32 0, void @empty_4

]]></Node>
<StgValue><ssdm name="specpipeline_ln39"/></StgValue>
</operation>

<operation id="119" st_id="15" stage="1" lat="1">
<core>NULL</core>
<MemPortIdVec></MemPortIdVec>
<condition id="-1">
<or_exp><and_exp><literal name="overf_2" val="0"/>
</and_exp></or_exp>
</condition>

<Node id="97" bw="23" op_0_bw="23" op_1_bw="46" op_2_bw="32" op_3_bw="32">
<![CDATA[
_ZN8ap_fixedILi47ELi24EL9ap_q_mode5EL9ap_o_mode3ELi0EEC2ILi24ELi10ELb1ELS0_5ELS1_3ELi0EEERK13ap_fixed_baseIXT_EXT0_EXT1_EXT2_EXT3_EXT4_EE.exit_ifconv:92 %tmp_s = partselect i23 @_ssdm_op_PartSelect.i23.i46.i32.i32, i46 %p_Val2_37, i32 9, i32 31

]]></Node>
<StgValue><ssdm name="tmp_s"/></StgValue>
</operation>

<operation id="120" st_id="15" stage="1" lat="1">
<core>Sel</core>
<MemPortIdVec></MemPortIdVec>
<condition id="-1">
<or_exp><and_exp></and_exp></or_exp>
</condition>

<Node id="98" bw="23" op_0_bw="1" op_1_bw="23" op_2_bw="23">
<![CDATA[
_ZN8ap_fixedILi47ELi24EL9ap_q_mode5EL9ap_o_mode3ELi0EEC2ILi24ELi10ELb1ELS0_5ELS1_3ELi0EEERK13ap_fixed_baseIXT_EXT0_EXT1_EXT2_EXT3_EXT4_EE.exit_ifconv:93 %select_ln536 = select i1 %overf_2, i23 8388607, i23 %tmp_s

]]></Node>
<StgValue><ssdm name="select_ln536"/></StgValue>
</operation>

<operation id="121" st_id="15" stage="1" lat="1">
<core>NULL</core>
<MemPortIdVec></MemPortIdVec>
<condition id="-1">
<or_exp><and_exp></and_exp></or_exp>
</condition>

<Node id="99" bw="0" op_0_bw="23">
<![CDATA[
_ZN8ap_fixedILi47ELi24EL9ap_q_mode5EL9ap_o_mode3ELi0EEC2ILi24ELi10ELb1ELS0_5ELS1_3ELi0EEERK13ap_fixed_baseIXT_EXT0_EXT1_EXT2_EXT3_EXT4_EE.exit_ifconv:94 %ret_ln953 = ret i23 %select_ln536

]]></Node>
<StgValue><ssdm name="ret_ln953"/></StgValue>
</operation>
</state>
</state_list>


<ports>
</ports>


<dataflows>
</dataflows>


</stg>
