<stg><name>fc</name>


<trans_list>

<trans id="69" from="1" to="2">
<condition id="-1">
<or_exp><and_exp></and_exp></or_exp>
</condition>
</trans>

<trans id="70" from="2" to="3">
<condition id="-1">
<or_exp><and_exp></and_exp></or_exp>
</condition>
</trans>

<trans id="71" from="3" to="4">
<condition id="-1">
<or_exp><and_exp></and_exp></or_exp>
</condition>
</trans>

<trans id="72" from="4" to="5">
<condition id="-1">
<or_exp><and_exp></and_exp></or_exp>
</condition>
</trans>

<trans id="73" from="5" to="6">
<condition id="-1">
<or_exp><and_exp></and_exp></or_exp>
</condition>
</trans>

<trans id="74" from="6" to="7">
<condition id="-1">
<or_exp><and_exp></and_exp></or_exp>
</condition>
</trans>

<trans id="75" from="7" to="8">
<condition id="-1">
<or_exp><and_exp></and_exp></or_exp>
</condition>
</trans>

<trans id="76" from="8" to="9">
<condition id="-1">
<or_exp><and_exp></and_exp></or_exp>
</condition>
</trans>

<trans id="77" from="9" to="10">
<condition id="-1">
<or_exp><and_exp></and_exp></or_exp>
</condition>
</trans>

<trans id="78" from="10" to="11">
<condition id="-1">
<or_exp><and_exp></and_exp></or_exp>
</condition>
</trans>

<trans id="79" from="11" to="12">
<condition id="-1">
<or_exp><and_exp></and_exp></or_exp>
</condition>
</trans>

<trans id="80" from="12" to="13">
<condition id="-1">
<or_exp><and_exp></and_exp></or_exp>
</condition>
</trans>
</trans_list>



<state_list>

<state id="1" st_id="1">

<operation id="14" st_id="1" stage="1" lat="1">
<core>NULL</core>
<MemPortIdVec></MemPortIdVec>
<condition id="-1">
<or_exp><and_exp></and_exp></or_exp>
</condition>

<Node id="20" bw="24" op_0_bw="64">
<![CDATA[
_ZN8ap_fixedILi24ELi10EL9ap_q_mode0EL9ap_o_mode3ELi0EEC2Ei.exit:0 %lhs_loc = alloca i64 1

]]></Node>
<StgValue><ssdm name="lhs_loc"/></StgValue>
</operation>

<operation id="15" st_id="1" stage="1" lat="1">
<core>NULL</core>
<MemPortIdVec></MemPortIdVec>
<condition id="-1">
<or_exp><and_exp></and_exp></or_exp>
</condition>

<Node id="21" bw="24" op_0_bw="64">
<![CDATA[
_ZN8ap_fixedILi24ELi10EL9ap_q_mode0EL9ap_o_mode3ELi0EEC2Ei.exit:1 %lhs_3_loc = alloca i64 1

]]></Node>
<StgValue><ssdm name="lhs_3_loc"/></StgValue>
</operation>

<operation id="16" st_id="1" stage="1" lat="1">
<core>NULL</core>
<MemPortIdVec></MemPortIdVec>
<condition id="-1">
<or_exp><and_exp></and_exp></or_exp>
</condition>

<Node id="22" bw="24" op_0_bw="64">
<![CDATA[
_ZN8ap_fixedILi24ELi10EL9ap_q_mode0EL9ap_o_mode3ELi0EEC2Ei.exit:2 %lhs_5_loc = alloca i64 1

]]></Node>
<StgValue><ssdm name="lhs_5_loc"/></StgValue>
</operation>

<operation id="17" st_id="1" stage="1" lat="1">
<core>NULL</core>
<MemPortIdVec></MemPortIdVec>
<condition id="-1">
<or_exp><and_exp></and_exp></or_exp>
</condition>

<Node id="23" bw="24" op_0_bw="64">
<![CDATA[
_ZN8ap_fixedILi24ELi10EL9ap_q_mode0EL9ap_o_mode3ELi0EEC2Ei.exit:3 %lhs_7_loc = alloca i64 1

]]></Node>
<StgValue><ssdm name="lhs_7_loc"/></StgValue>
</operation>

<operation id="18" st_id="1" stage="1" lat="1">
<core>NULL</core>
<MemPortIdVec></MemPortIdVec>
<condition id="-1">
<or_exp><and_exp></and_exp></or_exp>
</condition>

<Node id="24" bw="24" op_0_bw="64">
<![CDATA[
_ZN8ap_fixedILi24ELi10EL9ap_q_mode0EL9ap_o_mode3ELi0EEC2Ei.exit:4 %lhs_9_loc = alloca i64 1

]]></Node>
<StgValue><ssdm name="lhs_9_loc"/></StgValue>
</operation>

<operation id="19" st_id="1" stage="1" lat="1">
<core>NULL</core>
<MemPortIdVec></MemPortIdVec>
<condition id="-1">
<or_exp><and_exp></and_exp></or_exp>
</condition>

<Node id="25" bw="24" op_0_bw="64">
<![CDATA[
_ZN8ap_fixedILi24ELi10EL9ap_q_mode0EL9ap_o_mode3ELi0EEC2Ei.exit:5 %lhs_11_loc = alloca i64 1

]]></Node>
<StgValue><ssdm name="lhs_11_loc"/></StgValue>
</operation>

<operation id="20" st_id="1" stage="1" lat="1">
<core>NULL</core>
<MemPortIdVec></MemPortIdVec>
<condition id="-1">
<or_exp><and_exp></and_exp></or_exp>
</condition>

<Node id="26" bw="24" op_0_bw="64">
<![CDATA[
_ZN8ap_fixedILi24ELi10EL9ap_q_mode0EL9ap_o_mode3ELi0EEC2Ei.exit:6 %lhs_13_loc = alloca i64 1

]]></Node>
<StgValue><ssdm name="lhs_13_loc"/></StgValue>
</operation>

<operation id="21" st_id="1" stage="1" lat="1">
<core>NULL</core>
<MemPortIdVec></MemPortIdVec>
<condition id="-1">
<or_exp><and_exp></and_exp></or_exp>
</condition>

<Node id="27" bw="24" op_0_bw="64">
<![CDATA[
_ZN8ap_fixedILi24ELi10EL9ap_q_mode0EL9ap_o_mode3ELi0EEC2Ei.exit:7 %lhs_15_loc = alloca i64 1

]]></Node>
<StgValue><ssdm name="lhs_15_loc"/></StgValue>
</operation>

<operation id="22" st_id="1" stage="1" lat="1">
<core>NULL</core>
<MemPortIdVec></MemPortIdVec>
<condition id="-1">
<or_exp><and_exp></and_exp></or_exp>
</condition>

<Node id="28" bw="24" op_0_bw="64">
<![CDATA[
_ZN8ap_fixedILi24ELi10EL9ap_q_mode0EL9ap_o_mode3ELi0EEC2Ei.exit:8 %lhs_17_loc = alloca i64 1

]]></Node>
<StgValue><ssdm name="lhs_17_loc"/></StgValue>
</operation>

<operation id="23" st_id="1" stage="1" lat="1">
<core>NULL</core>
<MemPortIdVec></MemPortIdVec>
<condition id="-1">
<or_exp><and_exp></and_exp></or_exp>
</condition>

<Node id="29" bw="24" op_0_bw="64">
<![CDATA[
_ZN8ap_fixedILi24ELi10EL9ap_q_mode0EL9ap_o_mode3ELi0EEC2Ei.exit:9 %lhs_19_loc = alloca i64 1

]]></Node>
<StgValue><ssdm name="lhs_19_loc"/></StgValue>
</operation>

<operation id="24" st_id="1" stage="1" lat="1">
<core>RAM</core>
<MemPortIdVec></MemPortIdVec>
<condition id="-1">
<or_exp><and_exp></and_exp></or_exp>
</condition>

<Node id="32" bw="24" op_0_bw="64">
<![CDATA[
_ZN8ap_fixedILi24ELi10EL9ap_q_mode0EL9ap_o_mode3ELi0EEC2Ei.exit:12 %output_V = alloca i64 1

]]></Node>
<StgValue><ssdm name="output_V"/><MemPortTyVec>2 2 </MemPortTyVec>
</StgValue>
</operation>

<operation id="25" st_id="1" stage="1" lat="1">
<core>NULL</core>
<MemPortIdVec></MemPortIdVec>
<condition id="-1">
<or_exp><and_exp></and_exp></or_exp>
</condition>

<Node id="43" bw="32" op_0_bw="32">
<![CDATA[
_ZN8ap_fixedILi24ELi10EL9ap_q_mode0EL9ap_o_mode3ELi0EEC2Ei.exit:23 %empty = wait i32 @_ssdm_op_Wait

]]></Node>
<StgValue><ssdm name="empty"/></StgValue>
</operation>

<operation id="26" st_id="1" stage="2" lat="2">
<core></core>
<MemPortIdVec></MemPortIdVec>
<condition id="-1">
<or_exp><and_exp></and_exp></or_exp>
</condition>

<Node id="44" bw="0" op_0_bw="0" op_1_bw="24" op_2_bw="24" op_3_bw="24" op_4_bw="24" op_5_bw="24" op_6_bw="24" op_7_bw="24" op_8_bw="24" op_9_bw="24" op_10_bw="24" op_11_bw="24" op_12_bw="15" op_13_bw="15" op_14_bw="15" op_15_bw="15" op_16_bw="15" op_17_bw="16" op_18_bw="15" op_19_bw="15" op_20_bw="15" op_21_bw="15" op_22_bw="0">
<![CDATA[
_ZN8ap_fixedILi24ELi10EL9ap_q_mode0EL9ap_o_mode3ELi0EEC2Ei.exit:24 %call_ln0 = call void @fc_Pipeline_fc_mul_weight_outer, i24 %pool_out3, i24 %lhs_19_loc, i24 %lhs_17_loc, i24 %lhs_15_loc, i24 %lhs_13_loc, i24 %lhs_11_loc, i24 %lhs_9_loc, i24 %lhs_7_loc, i24 %lhs_5_loc, i24 %lhs_3_loc, i24 %lhs_loc, i15 %fc_weights_V_0, i15 %fc_weights_V_1, i15 %fc_weights_V_2, i15 %fc_weights_V_3, i15 %fc_weights_V_4, i16 %fc_weights_V_5, i15 %fc_weights_V_6, i15 %fc_weights_V_7, i15 %fc_weights_V_8, i15 %fc_weights_V_9

]]></Node>
<StgValue><ssdm name="call_ln0"/></StgValue>
</operation>
</state>

<state id="2" st_id="2">

<operation id="27" st_id="2" stage="1" lat="2">
<core></core>
<MemPortIdVec></MemPortIdVec>
<condition id="-1">
<or_exp><and_exp></and_exp></or_exp>
</condition>

<Node id="44" bw="0" op_0_bw="0" op_1_bw="24" op_2_bw="24" op_3_bw="24" op_4_bw="24" op_5_bw="24" op_6_bw="24" op_7_bw="24" op_8_bw="24" op_9_bw="24" op_10_bw="24" op_11_bw="24" op_12_bw="15" op_13_bw="15" op_14_bw="15" op_15_bw="15" op_16_bw="15" op_17_bw="16" op_18_bw="15" op_19_bw="15" op_20_bw="15" op_21_bw="15" op_22_bw="0">
<![CDATA[
_ZN8ap_fixedILi24ELi10EL9ap_q_mode0EL9ap_o_mode3ELi0EEC2Ei.exit:24 %call_ln0 = call void @fc_Pipeline_fc_mul_weight_outer, i24 %pool_out3, i24 %lhs_19_loc, i24 %lhs_17_loc, i24 %lhs_15_loc, i24 %lhs_13_loc, i24 %lhs_11_loc, i24 %lhs_9_loc, i24 %lhs_7_loc, i24 %lhs_5_loc, i24 %lhs_3_loc, i24 %lhs_loc, i15 %fc_weights_V_0, i15 %fc_weights_V_1, i15 %fc_weights_V_2, i15 %fc_weights_V_3, i15 %fc_weights_V_4, i16 %fc_weights_V_5, i15 %fc_weights_V_6, i15 %fc_weights_V_7, i15 %fc_weights_V_8, i15 %fc_weights_V_9

]]></Node>
<StgValue><ssdm name="call_ln0"/></StgValue>
</operation>
</state>

<state id="3" st_id="3">

<operation id="28" st_id="3" stage="1" lat="1">
<core>NULL</core>
<MemPortIdVec></MemPortIdVec>
<condition id="-1">
<or_exp><and_exp></and_exp></or_exp>
</condition>

<Node id="33" bw="4" op_0_bw="24" op_1_bw="64" op_2_bw="64">
<![CDATA[
_ZN8ap_fixedILi24ELi10EL9ap_q_mode0EL9ap_o_mode3ELi0EEC2Ei.exit:13 %output_V_addr = getelementptr i24 %output_V, i64 0, i64 0

]]></Node>
<StgValue><ssdm name="output_V_addr"/></StgValue>
</operation>

<operation id="29" st_id="3" stage="1" lat="1">
<core>NULL</core>
<MemPortIdVec></MemPortIdVec>
<condition id="-1">
<or_exp><and_exp></and_exp></or_exp>
</condition>

<Node id="34" bw="4" op_0_bw="24" op_1_bw="64" op_2_bw="64">
<![CDATA[
_ZN8ap_fixedILi24ELi10EL9ap_q_mode0EL9ap_o_mode3ELi0EEC2Ei.exit:14 %output_V_addr_1 = getelementptr i24 %output_V, i64 0, i64 1

]]></Node>
<StgValue><ssdm name="output_V_addr_1"/></StgValue>
</operation>

<operation id="30" st_id="3" stage="1" lat="1">
<core>NULL</core>
<MemPortIdVec></MemPortIdVec>
<condition id="-1">
<or_exp><and_exp></and_exp></or_exp>
</condition>

<Node id="53" bw="24" op_0_bw="24" op_1_bw="0">
<![CDATA[
_ZN8ap_fixedILi24ELi10EL9ap_q_mode0EL9ap_o_mode3ELi0EEC2Ei.exit:33 %lhs_3_loc_load = load i24 %lhs_3_loc

]]></Node>
<StgValue><ssdm name="lhs_3_loc_load"/></StgValue>
</operation>

<operation id="31" st_id="3" stage="1" lat="1">
<core>NULL</core>
<MemPortIdVec></MemPortIdVec>
<condition id="-1">
<or_exp><and_exp></and_exp></or_exp>
</condition>

<Node id="54" bw="24" op_0_bw="24" op_1_bw="0">
<![CDATA[
_ZN8ap_fixedILi24ELi10EL9ap_q_mode0EL9ap_o_mode3ELi0EEC2Ei.exit:34 %lhs_loc_load = load i24 %lhs_loc

]]></Node>
<StgValue><ssdm name="lhs_loc_load"/></StgValue>
</operation>

<operation id="32" st_id="3" stage="1" lat="1">
<core>RAM</core>
<MemPortIdVec>1 </MemPortIdVec>
<condition id="-1">
<or_exp><and_exp></and_exp></or_exp>
</condition>

<Node id="56" bw="0" op_0_bw="24" op_1_bw="4">
<![CDATA[
_ZN8ap_fixedILi24ELi10EL9ap_q_mode0EL9ap_o_mode3ELi0EEC2Ei.exit:36 %store_ln736 = store i24 %lhs_loc_load, i4 %output_V_addr

]]></Node>
<StgValue><ssdm name="store_ln736"/></StgValue>
</operation>

<operation id="33" st_id="3" stage="1" lat="1">
<core>RAM</core>
<MemPortIdVec>0 </MemPortIdVec>
<condition id="-1">
<or_exp><and_exp></and_exp></or_exp>
</condition>

<Node id="57" bw="0" op_0_bw="24" op_1_bw="4">
<![CDATA[
_ZN8ap_fixedILi24ELi10EL9ap_q_mode0EL9ap_o_mode3ELi0EEC2Ei.exit:37 %store_ln736 = store i24 %lhs_3_loc_load, i4 %output_V_addr_1

]]></Node>
<StgValue><ssdm name="store_ln736"/></StgValue>
</operation>
</state>

<state id="4" st_id="4">

<operation id="34" st_id="4" stage="1" lat="1">
<core>NULL</core>
<MemPortIdVec></MemPortIdVec>
<condition id="-1">
<or_exp><and_exp></and_exp></or_exp>
</condition>

<Node id="35" bw="4" op_0_bw="24" op_1_bw="64" op_2_bw="64">
<![CDATA[
_ZN8ap_fixedILi24ELi10EL9ap_q_mode0EL9ap_o_mode3ELi0EEC2Ei.exit:15 %output_V_addr_2 = getelementptr i24 %output_V, i64 0, i64 2

]]></Node>
<StgValue><ssdm name="output_V_addr_2"/></StgValue>
</operation>

<operation id="35" st_id="4" stage="1" lat="1">
<core>NULL</core>
<MemPortIdVec></MemPortIdVec>
<condition id="-1">
<or_exp><and_exp></and_exp></or_exp>
</condition>

<Node id="36" bw="4" op_0_bw="24" op_1_bw="64" op_2_bw="64">
<![CDATA[
_ZN8ap_fixedILi24ELi10EL9ap_q_mode0EL9ap_o_mode3ELi0EEC2Ei.exit:16 %output_V_addr_3 = getelementptr i24 %output_V, i64 0, i64 3

]]></Node>
<StgValue><ssdm name="output_V_addr_3"/></StgValue>
</operation>

<operation id="36" st_id="4" stage="1" lat="1">
<core>NULL</core>
<MemPortIdVec></MemPortIdVec>
<condition id="-1">
<or_exp><and_exp></and_exp></or_exp>
</condition>

<Node id="51" bw="24" op_0_bw="24" op_1_bw="0">
<![CDATA[
_ZN8ap_fixedILi24ELi10EL9ap_q_mode0EL9ap_o_mode3ELi0EEC2Ei.exit:31 %lhs_7_loc_load = load i24 %lhs_7_loc

]]></Node>
<StgValue><ssdm name="lhs_7_loc_load"/></StgValue>
</operation>

<operation id="37" st_id="4" stage="1" lat="1">
<core>NULL</core>
<MemPortIdVec></MemPortIdVec>
<condition id="-1">
<or_exp><and_exp></and_exp></or_exp>
</condition>

<Node id="52" bw="24" op_0_bw="24" op_1_bw="0">
<![CDATA[
_ZN8ap_fixedILi24ELi10EL9ap_q_mode0EL9ap_o_mode3ELi0EEC2Ei.exit:32 %lhs_5_loc_load = load i24 %lhs_5_loc

]]></Node>
<StgValue><ssdm name="lhs_5_loc_load"/></StgValue>
</operation>

<operation id="38" st_id="4" stage="1" lat="1">
<core>RAM</core>
<MemPortIdVec>1 </MemPortIdVec>
<condition id="-1">
<or_exp><and_exp></and_exp></or_exp>
</condition>

<Node id="58" bw="0" op_0_bw="24" op_1_bw="4">
<![CDATA[
_ZN8ap_fixedILi24ELi10EL9ap_q_mode0EL9ap_o_mode3ELi0EEC2Ei.exit:38 %store_ln736 = store i24 %lhs_5_loc_load, i4 %output_V_addr_2

]]></Node>
<StgValue><ssdm name="store_ln736"/></StgValue>
</operation>

<operation id="39" st_id="4" stage="1" lat="1">
<core>RAM</core>
<MemPortIdVec>0 </MemPortIdVec>
<condition id="-1">
<or_exp><and_exp></and_exp></or_exp>
</condition>

<Node id="59" bw="0" op_0_bw="24" op_1_bw="4">
<![CDATA[
_ZN8ap_fixedILi24ELi10EL9ap_q_mode0EL9ap_o_mode3ELi0EEC2Ei.exit:39 %store_ln736 = store i24 %lhs_7_loc_load, i4 %output_V_addr_3

]]></Node>
<StgValue><ssdm name="store_ln736"/></StgValue>
</operation>
</state>

<state id="5" st_id="5">

<operation id="40" st_id="5" stage="1" lat="1">
<core>NULL</core>
<MemPortIdVec></MemPortIdVec>
<condition id="-1">
<or_exp><and_exp></and_exp></or_exp>
</condition>

<Node id="37" bw="4" op_0_bw="24" op_1_bw="64" op_2_bw="64">
<![CDATA[
_ZN8ap_fixedILi24ELi10EL9ap_q_mode0EL9ap_o_mode3ELi0EEC2Ei.exit:17 %output_V_addr_4 = getelementptr i24 %output_V, i64 0, i64 4

]]></Node>
<StgValue><ssdm name="output_V_addr_4"/></StgValue>
</operation>

<operation id="41" st_id="5" stage="1" lat="1">
<core>NULL</core>
<MemPortIdVec></MemPortIdVec>
<condition id="-1">
<or_exp><and_exp></and_exp></or_exp>
</condition>

<Node id="38" bw="4" op_0_bw="24" op_1_bw="64" op_2_bw="64">
<![CDATA[
_ZN8ap_fixedILi24ELi10EL9ap_q_mode0EL9ap_o_mode3ELi0EEC2Ei.exit:18 %output_V_addr_5 = getelementptr i24 %output_V, i64 0, i64 5

]]></Node>
<StgValue><ssdm name="output_V_addr_5"/></StgValue>
</operation>

<operation id="42" st_id="5" stage="1" lat="1">
<core>NULL</core>
<MemPortIdVec></MemPortIdVec>
<condition id="-1">
<or_exp><and_exp></and_exp></or_exp>
</condition>

<Node id="49" bw="24" op_0_bw="24" op_1_bw="0">
<![CDATA[
_ZN8ap_fixedILi24ELi10EL9ap_q_mode0EL9ap_o_mode3ELi0EEC2Ei.exit:29 %lhs_11_loc_load = load i24 %lhs_11_loc

]]></Node>
<StgValue><ssdm name="lhs_11_loc_load"/></StgValue>
</operation>

<operation id="43" st_id="5" stage="1" lat="1">
<core>NULL</core>
<MemPortIdVec></MemPortIdVec>
<condition id="-1">
<or_exp><and_exp></and_exp></or_exp>
</condition>

<Node id="50" bw="24" op_0_bw="24" op_1_bw="0">
<![CDATA[
_ZN8ap_fixedILi24ELi10EL9ap_q_mode0EL9ap_o_mode3ELi0EEC2Ei.exit:30 %lhs_9_loc_load = load i24 %lhs_9_loc

]]></Node>
<StgValue><ssdm name="lhs_9_loc_load"/></StgValue>
</operation>

<operation id="44" st_id="5" stage="1" lat="1">
<core>RAM</core>
<MemPortIdVec>1 </MemPortIdVec>
<condition id="-1">
<or_exp><and_exp></and_exp></or_exp>
</condition>

<Node id="60" bw="0" op_0_bw="24" op_1_bw="4">
<![CDATA[
_ZN8ap_fixedILi24ELi10EL9ap_q_mode0EL9ap_o_mode3ELi0EEC2Ei.exit:40 %store_ln736 = store i24 %lhs_9_loc_load, i4 %output_V_addr_4

]]></Node>
<StgValue><ssdm name="store_ln736"/></StgValue>
</operation>

<operation id="45" st_id="5" stage="1" lat="1">
<core>RAM</core>
<MemPortIdVec>0 </MemPortIdVec>
<condition id="-1">
<or_exp><and_exp></and_exp></or_exp>
</condition>

<Node id="61" bw="0" op_0_bw="24" op_1_bw="4">
<![CDATA[
_ZN8ap_fixedILi24ELi10EL9ap_q_mode0EL9ap_o_mode3ELi0EEC2Ei.exit:41 %store_ln736 = store i24 %lhs_11_loc_load, i4 %output_V_addr_5

]]></Node>
<StgValue><ssdm name="store_ln736"/></StgValue>
</operation>
</state>

<state id="6" st_id="6">

<operation id="46" st_id="6" stage="1" lat="1">
<core>NULL</core>
<MemPortIdVec></MemPortIdVec>
<condition id="-1">
<or_exp><and_exp></and_exp></or_exp>
</condition>

<Node id="39" bw="4" op_0_bw="24" op_1_bw="64" op_2_bw="64">
<![CDATA[
_ZN8ap_fixedILi24ELi10EL9ap_q_mode0EL9ap_o_mode3ELi0EEC2Ei.exit:19 %output_V_addr_6 = getelementptr i24 %output_V, i64 0, i64 6

]]></Node>
<StgValue><ssdm name="output_V_addr_6"/></StgValue>
</operation>

<operation id="47" st_id="6" stage="1" lat="1">
<core>NULL</core>
<MemPortIdVec></MemPortIdVec>
<condition id="-1">
<or_exp><and_exp></and_exp></or_exp>
</condition>

<Node id="40" bw="4" op_0_bw="24" op_1_bw="64" op_2_bw="64">
<![CDATA[
_ZN8ap_fixedILi24ELi10EL9ap_q_mode0EL9ap_o_mode3ELi0EEC2Ei.exit:20 %output_V_addr_7 = getelementptr i24 %output_V, i64 0, i64 7

]]></Node>
<StgValue><ssdm name="output_V_addr_7"/></StgValue>
</operation>

<operation id="48" st_id="6" stage="1" lat="1">
<core>NULL</core>
<MemPortIdVec></MemPortIdVec>
<condition id="-1">
<or_exp><and_exp></and_exp></or_exp>
</condition>

<Node id="47" bw="24" op_0_bw="24" op_1_bw="0">
<![CDATA[
_ZN8ap_fixedILi24ELi10EL9ap_q_mode0EL9ap_o_mode3ELi0EEC2Ei.exit:27 %lhs_15_loc_load = load i24 %lhs_15_loc

]]></Node>
<StgValue><ssdm name="lhs_15_loc_load"/></StgValue>
</operation>

<operation id="49" st_id="6" stage="1" lat="1">
<core>NULL</core>
<MemPortIdVec></MemPortIdVec>
<condition id="-1">
<or_exp><and_exp></and_exp></or_exp>
</condition>

<Node id="48" bw="24" op_0_bw="24" op_1_bw="0">
<![CDATA[
_ZN8ap_fixedILi24ELi10EL9ap_q_mode0EL9ap_o_mode3ELi0EEC2Ei.exit:28 %lhs_13_loc_load = load i24 %lhs_13_loc

]]></Node>
<StgValue><ssdm name="lhs_13_loc_load"/></StgValue>
</operation>

<operation id="50" st_id="6" stage="1" lat="1">
<core>RAM</core>
<MemPortIdVec>1 </MemPortIdVec>
<condition id="-1">
<or_exp><and_exp></and_exp></or_exp>
</condition>

<Node id="62" bw="0" op_0_bw="24" op_1_bw="4">
<![CDATA[
_ZN8ap_fixedILi24ELi10EL9ap_q_mode0EL9ap_o_mode3ELi0EEC2Ei.exit:42 %store_ln736 = store i24 %lhs_13_loc_load, i4 %output_V_addr_6

]]></Node>
<StgValue><ssdm name="store_ln736"/></StgValue>
</operation>

<operation id="51" st_id="6" stage="1" lat="1">
<core>RAM</core>
<MemPortIdVec>0 </MemPortIdVec>
<condition id="-1">
<or_exp><and_exp></and_exp></or_exp>
</condition>

<Node id="63" bw="0" op_0_bw="24" op_1_bw="4">
<![CDATA[
_ZN8ap_fixedILi24ELi10EL9ap_q_mode0EL9ap_o_mode3ELi0EEC2Ei.exit:43 %store_ln736 = store i24 %lhs_15_loc_load, i4 %output_V_addr_7

]]></Node>
<StgValue><ssdm name="store_ln736"/></StgValue>
</operation>
</state>

<state id="7" st_id="7">

<operation id="52" st_id="7" stage="1" lat="1">
<core>NULL</core>
<MemPortIdVec></MemPortIdVec>
<condition id="-1">
<or_exp><and_exp></and_exp></or_exp>
</condition>

<Node id="41" bw="4" op_0_bw="24" op_1_bw="64" op_2_bw="64">
<![CDATA[
_ZN8ap_fixedILi24ELi10EL9ap_q_mode0EL9ap_o_mode3ELi0EEC2Ei.exit:21 %output_V_addr_8 = getelementptr i24 %output_V, i64 0, i64 8

]]></Node>
<StgValue><ssdm name="output_V_addr_8"/></StgValue>
</operation>

<operation id="53" st_id="7" stage="1" lat="1">
<core>NULL</core>
<MemPortIdVec></MemPortIdVec>
<condition id="-1">
<or_exp><and_exp></and_exp></or_exp>
</condition>

<Node id="42" bw="4" op_0_bw="24" op_1_bw="64" op_2_bw="64">
<![CDATA[
_ZN8ap_fixedILi24ELi10EL9ap_q_mode0EL9ap_o_mode3ELi0EEC2Ei.exit:22 %output_V_addr_9 = getelementptr i24 %output_V, i64 0, i64 9

]]></Node>
<StgValue><ssdm name="output_V_addr_9"/></StgValue>
</operation>

<operation id="54" st_id="7" stage="1" lat="1">
<core>NULL</core>
<MemPortIdVec></MemPortIdVec>
<condition id="-1">
<or_exp><and_exp></and_exp></or_exp>
</condition>

<Node id="45" bw="24" op_0_bw="24" op_1_bw="0">
<![CDATA[
_ZN8ap_fixedILi24ELi10EL9ap_q_mode0EL9ap_o_mode3ELi0EEC2Ei.exit:25 %lhs_19_loc_load = load i24 %lhs_19_loc

]]></Node>
<StgValue><ssdm name="lhs_19_loc_load"/></StgValue>
</operation>

<operation id="55" st_id="7" stage="1" lat="1">
<core>NULL</core>
<MemPortIdVec></MemPortIdVec>
<condition id="-1">
<or_exp><and_exp></and_exp></or_exp>
</condition>

<Node id="46" bw="24" op_0_bw="24" op_1_bw="0">
<![CDATA[
_ZN8ap_fixedILi24ELi10EL9ap_q_mode0EL9ap_o_mode3ELi0EEC2Ei.exit:26 %lhs_17_loc_load = load i24 %lhs_17_loc

]]></Node>
<StgValue><ssdm name="lhs_17_loc_load"/></StgValue>
</operation>

<operation id="56" st_id="7" stage="1" lat="1">
<core>RAM</core>
<MemPortIdVec>1 </MemPortIdVec>
<condition id="-1">
<or_exp><and_exp></and_exp></or_exp>
</condition>

<Node id="64" bw="0" op_0_bw="24" op_1_bw="4">
<![CDATA[
_ZN8ap_fixedILi24ELi10EL9ap_q_mode0EL9ap_o_mode3ELi0EEC2Ei.exit:44 %store_ln736 = store i24 %lhs_17_loc_load, i4 %output_V_addr_8

]]></Node>
<StgValue><ssdm name="store_ln736"/></StgValue>
</operation>

<operation id="57" st_id="7" stage="1" lat="1">
<core>RAM</core>
<MemPortIdVec>0 </MemPortIdVec>
<condition id="-1">
<or_exp><and_exp></and_exp></or_exp>
</condition>

<Node id="65" bw="0" op_0_bw="24" op_1_bw="4">
<![CDATA[
_ZN8ap_fixedILi24ELi10EL9ap_q_mode0EL9ap_o_mode3ELi0EEC2Ei.exit:45 %store_ln736 = store i24 %lhs_19_loc_load, i4 %output_V_addr_9

]]></Node>
<StgValue><ssdm name="store_ln736"/></StgValue>
</operation>
</state>

<state id="8" st_id="8">

<operation id="58" st_id="8" stage="1" lat="1">
<core>NULL</core>
<MemPortIdVec></MemPortIdVec>
<condition id="-1">
<or_exp><and_exp></and_exp></or_exp>
</condition>

<Node id="55" bw="32" op_0_bw="32" op_1_bw="0" op_2_bw="0">
<![CDATA[
_ZN8ap_fixedILi24ELi10EL9ap_q_mode0EL9ap_o_mode3ELi0EEC2Ei.exit:35 %empty_51 = wait i32 @_ssdm_op_Wait

]]></Node>
<StgValue><ssdm name="empty_51"/></StgValue>
</operation>

<operation id="59" st_id="8" stage="2" lat="2">
<core></core>
<MemPortIdVec></MemPortIdVec>
<condition id="-1">
<or_exp><and_exp></and_exp></or_exp>
</condition>

<Node id="66" bw="0" op_0_bw="0" op_1_bw="24" op_2_bw="14" op_3_bw="0" op_4_bw="0" op_5_bw="0" op_6_bw="0" op_7_bw="0" op_8_bw="0" op_9_bw="0" op_10_bw="0" op_11_bw="0" op_12_bw="0" op_13_bw="0">
<![CDATA[
_ZN8ap_fixedILi24ELi10EL9ap_q_mode0EL9ap_o_mode3ELi0EEC2Ei.exit:46 %call_ln0 = call void @fc_Pipeline_VITIS_LOOP_20_1, i24 %output_V, i14 %fc_bias_V

]]></Node>
<StgValue><ssdm name="call_ln0"/></StgValue>
</operation>
</state>

<state id="9" st_id="9">

<operation id="60" st_id="9" stage="1" lat="2">
<core></core>
<MemPortIdVec></MemPortIdVec>
<condition id="-1">
<or_exp><and_exp></and_exp></or_exp>
</condition>

<Node id="66" bw="0" op_0_bw="0" op_1_bw="24" op_2_bw="14" op_3_bw="0" op_4_bw="0" op_5_bw="0" op_6_bw="0" op_7_bw="0" op_8_bw="0" op_9_bw="0" op_10_bw="0" op_11_bw="0" op_12_bw="0" op_13_bw="0">
<![CDATA[
_ZN8ap_fixedILi24ELi10EL9ap_q_mode0EL9ap_o_mode3ELi0EEC2Ei.exit:46 %call_ln0 = call void @fc_Pipeline_VITIS_LOOP_20_1, i24 %output_V, i14 %fc_bias_V

]]></Node>
<StgValue><ssdm name="call_ln0"/></StgValue>
</operation>
</state>

<state id="10" st_id="10">

<operation id="61" st_id="10" stage="2" lat="2">
<core></core>
<MemPortIdVec></MemPortIdVec>
<condition id="-1">
<or_exp><and_exp></and_exp></or_exp>
</condition>

<Node id="67" bw="0" op_0_bw="0" op_1_bw="24" op_2_bw="32" op_3_bw="46" op_4_bw="50" op_5_bw="6" op_6_bw="22" op_7_bw="18" op_8_bw="0" op_9_bw="0">
<![CDATA[
_ZN8ap_fixedILi24ELi10EL9ap_q_mode0EL9ap_o_mode3ELi0EEC2Ei.exit:47 %call_ln36 = call void @softmax, i24 %output_V, i32 %f_x_msb_3_table_V, i46 %f_x_msb_2_table_V, i50 %exp_x_msb_1_table_V, i6 %log_apfixed_reduce_log_inverse_lut_table_array_V, i22 %log_apfixed_reduce_log0_lut_table_ap_fixed_29_7_ap_q_mode_5_ap_o_mode_3_0_0_5_64_array_V, i18 %log_apfixed_reduce_log_lut_table_ap_fixed_29_7_ap_q_mode_5_ap_o_mode_3_0_4_4_16_array_V

]]></Node>
<StgValue><ssdm name="call_ln36"/></StgValue>
</operation>
</state>

<state id="11" st_id="11">

<operation id="62" st_id="11" stage="1" lat="2">
<core></core>
<MemPortIdVec></MemPortIdVec>
<condition id="-1">
<or_exp><and_exp></and_exp></or_exp>
</condition>

<Node id="67" bw="0" op_0_bw="0" op_1_bw="24" op_2_bw="32" op_3_bw="46" op_4_bw="50" op_5_bw="6" op_6_bw="22" op_7_bw="18" op_8_bw="0" op_9_bw="0">
<![CDATA[
_ZN8ap_fixedILi24ELi10EL9ap_q_mode0EL9ap_o_mode3ELi0EEC2Ei.exit:47 %call_ln36 = call void @softmax, i24 %output_V, i32 %f_x_msb_3_table_V, i46 %f_x_msb_2_table_V, i50 %exp_x_msb_1_table_V, i6 %log_apfixed_reduce_log_inverse_lut_table_array_V, i22 %log_apfixed_reduce_log0_lut_table_ap_fixed_29_7_ap_q_mode_5_ap_o_mode_3_0_0_5_64_array_V, i18 %log_apfixed_reduce_log_lut_table_ap_fixed_29_7_ap_q_mode_5_ap_o_mode_3_0_4_4_16_array_V

]]></Node>
<StgValue><ssdm name="call_ln36"/></StgValue>
</operation>
</state>

<state id="12" st_id="12">

<operation id="63" st_id="12" stage="1" lat="1">
<core>NULL</core>
<MemPortIdVec></MemPortIdVec>
<condition id="-1">
<or_exp><and_exp></and_exp></or_exp>
</condition>

<Node id="68" bw="32" op_0_bw="32" op_1_bw="0" op_2_bw="0" op_3_bw="0">
<![CDATA[
_ZN8ap_fixedILi24ELi10EL9ap_q_mode0EL9ap_o_mode3ELi0EEC2Ei.exit:48 %empty_52 = wait i32 @_ssdm_op_Wait

]]></Node>
<StgValue><ssdm name="empty_52"/></StgValue>
</operation>

<operation id="64" st_id="12" stage="2" lat="2">
<core></core>
<MemPortIdVec></MemPortIdVec>
<condition id="-1">
<or_exp><and_exp></and_exp></or_exp>
</condition>

<Node id="69" bw="0" op_0_bw="0" op_1_bw="24" op_2_bw="24" op_3_bw="0" op_4_bw="0">
<![CDATA[
_ZN8ap_fixedILi24ELi10EL9ap_q_mode0EL9ap_o_mode3ELi0EEC2Ei.exit:49 %call_ln0 = call void @fc_Pipeline_fc_copy_tostream, i24 %output_V, i24 %out_r

]]></Node>
<StgValue><ssdm name="call_ln0"/></StgValue>
</operation>
</state>

<state id="13" st_id="13">

<operation id="65" st_id="13" stage="1" lat="1">
<core>NULL</core>
<MemPortIdVec></MemPortIdVec>
<condition id="-1">
<or_exp><and_exp></and_exp></or_exp>
</condition>

<Node id="30" bw="0" op_0_bw="0" op_1_bw="24" op_2_bw="0" op_3_bw="32" op_4_bw="32" op_5_bw="0" op_6_bw="32" op_7_bw="32" op_8_bw="0" op_9_bw="0" op_10_bw="0" op_11_bw="32" op_12_bw="32" op_13_bw="32" op_14_bw="32" op_15_bw="0" op_16_bw="0">
<![CDATA[
_ZN8ap_fixedILi24ELi10EL9ap_q_mode0EL9ap_o_mode3ELi0EEC2Ei.exit:10 %specinterface_ln0 = specinterface void @_ssdm_op_SpecInterface, i24 %pool_out3, void @empty_10, i32 0, i32 0, void @empty_4, i32 0, i32 0, void @empty_4, void @empty_4, void @empty_4, i32 0, i32 0, i32 0, i32 0, void @empty_4, void @empty_4

]]></Node>
<StgValue><ssdm name="specinterface_ln0"/></StgValue>
</operation>

<operation id="66" st_id="13" stage="1" lat="1">
<core>NULL</core>
<MemPortIdVec></MemPortIdVec>
<condition id="-1">
<or_exp><and_exp></and_exp></or_exp>
</condition>

<Node id="31" bw="0" op_0_bw="0" op_1_bw="24" op_2_bw="0" op_3_bw="32" op_4_bw="32" op_5_bw="0" op_6_bw="32" op_7_bw="32" op_8_bw="0" op_9_bw="0" op_10_bw="0" op_11_bw="32" op_12_bw="32" op_13_bw="32" op_14_bw="32" op_15_bw="0" op_16_bw="0">
<![CDATA[
_ZN8ap_fixedILi24ELi10EL9ap_q_mode0EL9ap_o_mode3ELi0EEC2Ei.exit:11 %specinterface_ln0 = specinterface void @_ssdm_op_SpecInterface, i24 %out_r, void @empty_10, i32 0, i32 0, void @empty_4, i32 0, i32 0, void @empty_4, void @empty_4, void @empty_4, i32 0, i32 0, i32 0, i32 0, void @empty_4, void @empty_4

]]></Node>
<StgValue><ssdm name="specinterface_ln0"/></StgValue>
</operation>

<operation id="67" st_id="13" stage="1" lat="2">
<core></core>
<MemPortIdVec></MemPortIdVec>
<condition id="-1">
<or_exp><and_exp></and_exp></or_exp>
</condition>

<Node id="69" bw="0" op_0_bw="0" op_1_bw="24" op_2_bw="24" op_3_bw="0" op_4_bw="0">
<![CDATA[
_ZN8ap_fixedILi24ELi10EL9ap_q_mode0EL9ap_o_mode3ELi0EEC2Ei.exit:49 %call_ln0 = call void @fc_Pipeline_fc_copy_tostream, i24 %output_V, i24 %out_r

]]></Node>
<StgValue><ssdm name="call_ln0"/></StgValue>
</operation>

<operation id="68" st_id="13" stage="1" lat="1">
<core>NULL</core>
<MemPortIdVec></MemPortIdVec>
<condition id="-1">
<or_exp><and_exp></and_exp></or_exp>
</condition>

<Node id="70" bw="0">
<![CDATA[
_ZN8ap_fixedILi24ELi10EL9ap_q_mode0EL9ap_o_mode3ELi0EEC2Ei.exit:50 %ret_ln41 = ret

]]></Node>
<StgValue><ssdm name="ret_ln41"/></StgValue>
</operation>
</state>
</state_list>


<ports>
<port id="81" name="out_r" dir="1" iftype="3">
<core>FIFO</core><StgValue><ssdm name="out_r"/></StgValue>
</port>
<port id="82" name="pool_out3" dir="0" iftype="3">
<core>FIFO_SRL</core><StgValue><ssdm name="pool_out3"/></StgValue>
</port>
<port id="83" name="fc_weights_V_0" dir="0" iftype="1">
<core>ROM</core><StgValue><ssdm name="fc_weights_V_0"/><MemPortTyVec>1 </MemPortTyVec>
</StgValue>
</port>
<port id="84" name="fc_weights_V_1" dir="0" iftype="1">
<core>ROM</core><StgValue><ssdm name="fc_weights_V_1"/><MemPortTyVec>1 </MemPortTyVec>
</StgValue>
</port>
<port id="85" name="fc_weights_V_2" dir="0" iftype="1">
<core>ROM</core><StgValue><ssdm name="fc_weights_V_2"/><MemPortTyVec>1 </MemPortTyVec>
</StgValue>
</port>
<port id="86" name="fc_weights_V_3" dir="0" iftype="1">
<core>ROM</core><StgValue><ssdm name="fc_weights_V_3"/><MemPortTyVec>1 </MemPortTyVec>
</StgValue>
</port>
<port id="87" name="fc_weights_V_4" dir="0" iftype="1">
<core>ROM</core><StgValue><ssdm name="fc_weights_V_4"/><MemPortTyVec>1 </MemPortTyVec>
</StgValue>
</port>
<port id="88" name="fc_weights_V_5" dir="0" iftype="1">
<core>ROM</core><StgValue><ssdm name="fc_weights_V_5"/><MemPortTyVec>1 </MemPortTyVec>
</StgValue>
</port>
<port id="89" name="fc_weights_V_6" dir="0" iftype="1">
<core>ROM</core><StgValue><ssdm name="fc_weights_V_6"/><MemPortTyVec>1 </MemPortTyVec>
</StgValue>
</port>
<port id="90" name="fc_weights_V_7" dir="0" iftype="1">
<core>ROM</core><StgValue><ssdm name="fc_weights_V_7"/><MemPortTyVec>1 </MemPortTyVec>
</StgValue>
</port>
<port id="91" name="fc_weights_V_8" dir="0" iftype="1">
<core>ROM</core><StgValue><ssdm name="fc_weights_V_8"/><MemPortTyVec>1 </MemPortTyVec>
</StgValue>
</port>
<port id="92" name="fc_weights_V_9" dir="0" iftype="1">
<core>ROM</core><StgValue><ssdm name="fc_weights_V_9"/><MemPortTyVec>1 </MemPortTyVec>
</StgValue>
</port>
<port id="93" name="fc_bias_V" dir="0" iftype="1">
<core>ROM</core><StgValue><ssdm name="fc_bias_V"/><MemPortTyVec>1 </MemPortTyVec>
</StgValue>
</port>
<port id="94" name="f_x_msb_3_table_V" dir="0" iftype="1">
<core>ROM</core><StgValue><ssdm name="f_x_msb_3_table_V"/><MemPortTyVec>1 </MemPortTyVec>
</StgValue>
</port>
<port id="95" name="f_x_msb_2_table_V" dir="0" iftype="1">
<core>ROM</core><StgValue><ssdm name="f_x_msb_2_table_V"/><MemPortTyVec>1 </MemPortTyVec>
</StgValue>
</port>
<port id="96" name="exp_x_msb_1_table_V" dir="0" iftype="1">
<core>ROM</core><StgValue><ssdm name="exp_x_msb_1_table_V"/><MemPortTyVec>1 </MemPortTyVec>
</StgValue>
</port>
<port id="97" name="log_apfixed_reduce_log_inverse_lut_table_array_V" dir="0" iftype="1">
<core>ROM</core><StgValue><ssdm name="log_apfixed_reduce_log_inverse_lut_table_array_V"/><MemPortTyVec>1 </MemPortTyVec>
</StgValue>
</port>
<port id="98" name="log_apfixed_reduce_log0_lut_table_ap_fixed_29_7_ap_q_mode_5_ap_o_mode_3_0_0_5_64_array_V" dir="0" iftype="1">
<core>ROM</core><StgValue><ssdm name="log_apfixed_reduce_log0_lut_table_ap_fixed_29_7_ap_q_mode_5_ap_o_mode_3_0_0_5_64_array_V"/><MemPortTyVec>1 </MemPortTyVec>
</StgValue>
</port>
<port id="99" name="log_apfixed_reduce_log_lut_table_ap_fixed_29_7_ap_q_mode_5_ap_o_mode_3_0_4_4_16_array_V" dir="0" iftype="1">
<core>ROM</core><StgValue><ssdm name="log_apfixed_reduce_log_lut_table_ap_fixed_29_7_ap_q_mode_5_ap_o_mode_3_0_4_4_16_array_V"/><MemPortTyVec>1 </MemPortTyVec>
</StgValue>
</port>
</ports>


<dataflows>
<dataflow id="101" from="StgValue_100" to="lhs_loc" fromId="100" toId="14">
</dataflow>
<dataflow id="102" from="StgValue_100" to="lhs_3_loc" fromId="100" toId="15">
</dataflow>
<dataflow id="103" from="StgValue_100" to="lhs_5_loc" fromId="100" toId="16">
</dataflow>
<dataflow id="104" from="StgValue_100" to="lhs_7_loc" fromId="100" toId="17">
</dataflow>
<dataflow id="105" from="StgValue_100" to="lhs_9_loc" fromId="100" toId="18">
</dataflow>
<dataflow id="106" from="StgValue_100" to="lhs_11_loc" fromId="100" toId="19">
</dataflow>
<dataflow id="107" from="StgValue_100" to="lhs_13_loc" fromId="100" toId="20">
</dataflow>
<dataflow id="108" from="StgValue_100" to="lhs_15_loc" fromId="100" toId="21">
</dataflow>
<dataflow id="109" from="StgValue_100" to="lhs_17_loc" fromId="100" toId="22">
</dataflow>
<dataflow id="110" from="StgValue_100" to="lhs_19_loc" fromId="100" toId="23">
</dataflow>
<dataflow id="111" from="StgValue_100" to="output_V" fromId="100" toId="24">
</dataflow>
<dataflow id="113" from="_ssdm_op_Wait" to="empty" fromId="112" toId="25">
</dataflow>
<dataflow id="115" from="fc_Pipeline_fc_mul_weight_outer" to="call_ln0" fromId="114" toId="26">
</dataflow>
<dataflow id="116" from="pool_out3" to="call_ln0" fromId="82" toId="26">
</dataflow>
<dataflow id="117" from="lhs_19_loc" to="call_ln0" fromId="23" toId="26">
</dataflow>
<dataflow id="118" from="lhs_17_loc" to="call_ln0" fromId="22" toId="26">
</dataflow>
<dataflow id="119" from="lhs_15_loc" to="call_ln0" fromId="21" toId="26">
</dataflow>
<dataflow id="120" from="lhs_13_loc" to="call_ln0" fromId="20" toId="26">
</dataflow>
<dataflow id="121" from="lhs_11_loc" to="call_ln0" fromId="19" toId="26">
</dataflow>
<dataflow id="122" from="lhs_9_loc" to="call_ln0" fromId="18" toId="26">
</dataflow>
<dataflow id="123" from="lhs_7_loc" to="call_ln0" fromId="17" toId="26">
</dataflow>
<dataflow id="124" from="lhs_5_loc" to="call_ln0" fromId="16" toId="26">
</dataflow>
<dataflow id="125" from="lhs_3_loc" to="call_ln0" fromId="15" toId="26">
</dataflow>
<dataflow id="126" from="lhs_loc" to="call_ln0" fromId="14" toId="26">
</dataflow>
<dataflow id="127" from="fc_weights_V_0" to="call_ln0" fromId="83" toId="26">
</dataflow>
<dataflow id="128" from="fc_weights_V_1" to="call_ln0" fromId="84" toId="26">
</dataflow>
<dataflow id="129" from="fc_weights_V_2" to="call_ln0" fromId="85" toId="26">
</dataflow>
<dataflow id="130" from="fc_weights_V_3" to="call_ln0" fromId="86" toId="26">
</dataflow>
<dataflow id="131" from="fc_weights_V_4" to="call_ln0" fromId="87" toId="26">
</dataflow>
<dataflow id="132" from="fc_weights_V_5" to="call_ln0" fromId="88" toId="26">
</dataflow>
<dataflow id="133" from="fc_weights_V_6" to="call_ln0" fromId="89" toId="26">
</dataflow>
<dataflow id="134" from="fc_weights_V_7" to="call_ln0" fromId="90" toId="26">
</dataflow>
<dataflow id="135" from="fc_weights_V_8" to="call_ln0" fromId="91" toId="26">
</dataflow>
<dataflow id="136" from="fc_weights_V_9" to="call_ln0" fromId="92" toId="26">
</dataflow>
<dataflow id="137" from="fc_Pipeline_fc_mul_weight_outer" to="call_ln0" fromId="114" toId="27">
</dataflow>
<dataflow id="138" from="pool_out3" to="call_ln0" fromId="82" toId="27">
</dataflow>
<dataflow id="139" from="lhs_19_loc" to="call_ln0" fromId="23" toId="27">
</dataflow>
<dataflow id="140" from="lhs_17_loc" to="call_ln0" fromId="22" toId="27">
</dataflow>
<dataflow id="141" from="lhs_15_loc" to="call_ln0" fromId="21" toId="27">
</dataflow>
<dataflow id="142" from="lhs_13_loc" to="call_ln0" fromId="20" toId="27">
</dataflow>
<dataflow id="143" from="lhs_11_loc" to="call_ln0" fromId="19" toId="27">
</dataflow>
<dataflow id="144" from="lhs_9_loc" to="call_ln0" fromId="18" toId="27">
</dataflow>
<dataflow id="145" from="lhs_7_loc" to="call_ln0" fromId="17" toId="27">
</dataflow>
<dataflow id="146" from="lhs_5_loc" to="call_ln0" fromId="16" toId="27">
</dataflow>
<dataflow id="147" from="lhs_3_loc" to="call_ln0" fromId="15" toId="27">
</dataflow>
<dataflow id="148" from="lhs_loc" to="call_ln0" fromId="14" toId="27">
</dataflow>
<dataflow id="149" from="fc_weights_V_0" to="call_ln0" fromId="83" toId="27">
</dataflow>
<dataflow id="150" from="fc_weights_V_1" to="call_ln0" fromId="84" toId="27">
</dataflow>
<dataflow id="151" from="fc_weights_V_2" to="call_ln0" fromId="85" toId="27">
</dataflow>
<dataflow id="152" from="fc_weights_V_3" to="call_ln0" fromId="86" toId="27">
</dataflow>
<dataflow id="153" from="fc_weights_V_4" to="call_ln0" fromId="87" toId="27">
</dataflow>
<dataflow id="154" from="fc_weights_V_5" to="call_ln0" fromId="88" toId="27">
</dataflow>
<dataflow id="155" from="fc_weights_V_6" to="call_ln0" fromId="89" toId="27">
</dataflow>
<dataflow id="156" from="fc_weights_V_7" to="call_ln0" fromId="90" toId="27">
</dataflow>
<dataflow id="157" from="fc_weights_V_8" to="call_ln0" fromId="91" toId="27">
</dataflow>
<dataflow id="158" from="fc_weights_V_9" to="call_ln0" fromId="92" toId="27">
</dataflow>
<dataflow id="159" from="output_V" to="output_V_addr" fromId="24" toId="28">
</dataflow>
<dataflow id="161" from="StgValue_160" to="output_V_addr" fromId="160" toId="28">
</dataflow>
<dataflow id="162" from="StgValue_160" to="output_V_addr" fromId="160" toId="28">
</dataflow>
<dataflow id="163" from="output_V" to="output_V_addr_1" fromId="24" toId="29">
</dataflow>
<dataflow id="164" from="StgValue_160" to="output_V_addr_1" fromId="160" toId="29">
</dataflow>
<dataflow id="165" from="StgValue_100" to="output_V_addr_1" fromId="100" toId="29">
</dataflow>
<dataflow id="166" from="lhs_3_loc" to="lhs_3_loc_load" fromId="15" toId="30">
</dataflow>
<dataflow id="167" from="lhs_loc" to="lhs_loc_load" fromId="14" toId="31">
</dataflow>
<dataflow id="168" from="lhs_loc_load" to="store_ln736" fromId="31" toId="32">
</dataflow>
<dataflow id="169" from="output_V_addr" to="store_ln736" fromId="28" toId="32">
</dataflow>
<dataflow id="170" from="lhs_3_loc_load" to="store_ln736" fromId="30" toId="33">
</dataflow>
<dataflow id="171" from="output_V_addr_1" to="store_ln736" fromId="29" toId="33">
</dataflow>
<dataflow id="172" from="output_V" to="output_V_addr_2" fromId="24" toId="34">
</dataflow>
<dataflow id="173" from="StgValue_160" to="output_V_addr_2" fromId="160" toId="34">
</dataflow>
<dataflow id="175" from="StgValue_174" to="output_V_addr_2" fromId="174" toId="34">
</dataflow>
<dataflow id="176" from="output_V" to="output_V_addr_3" fromId="24" toId="35">
</dataflow>
<dataflow id="177" from="StgValue_160" to="output_V_addr_3" fromId="160" toId="35">
</dataflow>
<dataflow id="179" from="StgValue_178" to="output_V_addr_3" fromId="178" toId="35">
</dataflow>
<dataflow id="180" from="lhs_7_loc" to="lhs_7_loc_load" fromId="17" toId="36">
</dataflow>
<dataflow id="181" from="lhs_5_loc" to="lhs_5_loc_load" fromId="16" toId="37">
</dataflow>
<dataflow id="182" from="lhs_5_loc_load" to="store_ln736" fromId="37" toId="38">
</dataflow>
<dataflow id="183" from="output_V_addr_2" to="store_ln736" fromId="34" toId="38">
</dataflow>
<dataflow id="184" from="lhs_7_loc_load" to="store_ln736" fromId="36" toId="39">
</dataflow>
<dataflow id="185" from="output_V_addr_3" to="store_ln736" fromId="35" toId="39">
</dataflow>
<dataflow id="186" from="output_V" to="output_V_addr_4" fromId="24" toId="40">
</dataflow>
<dataflow id="187" from="StgValue_160" to="output_V_addr_4" fromId="160" toId="40">
</dataflow>
<dataflow id="189" from="StgValue_188" to="output_V_addr_4" fromId="188" toId="40">
</dataflow>
<dataflow id="190" from="output_V" to="output_V_addr_5" fromId="24" toId="41">
</dataflow>
<dataflow id="191" from="StgValue_160" to="output_V_addr_5" fromId="160" toId="41">
</dataflow>
<dataflow id="193" from="StgValue_192" to="output_V_addr_5" fromId="192" toId="41">
</dataflow>
<dataflow id="194" from="lhs_11_loc" to="lhs_11_loc_load" fromId="19" toId="42">
</dataflow>
<dataflow id="195" from="lhs_9_loc" to="lhs_9_loc_load" fromId="18" toId="43">
</dataflow>
<dataflow id="196" from="lhs_9_loc_load" to="store_ln736" fromId="43" toId="44">
</dataflow>
<dataflow id="197" from="output_V_addr_4" to="store_ln736" fromId="40" toId="44">
</dataflow>
<dataflow id="198" from="lhs_11_loc_load" to="store_ln736" fromId="42" toId="45">
</dataflow>
<dataflow id="199" from="output_V_addr_5" to="store_ln736" fromId="41" toId="45">
</dataflow>
<dataflow id="200" from="output_V" to="output_V_addr_6" fromId="24" toId="46">
</dataflow>
<dataflow id="201" from="StgValue_160" to="output_V_addr_6" fromId="160" toId="46">
</dataflow>
<dataflow id="203" from="StgValue_202" to="output_V_addr_6" fromId="202" toId="46">
</dataflow>
<dataflow id="204" from="output_V" to="output_V_addr_7" fromId="24" toId="47">
</dataflow>
<dataflow id="205" from="StgValue_160" to="output_V_addr_7" fromId="160" toId="47">
</dataflow>
<dataflow id="207" from="StgValue_206" to="output_V_addr_7" fromId="206" toId="47">
</dataflow>
<dataflow id="208" from="lhs_15_loc" to="lhs_15_loc_load" fromId="21" toId="48">
</dataflow>
<dataflow id="209" from="lhs_13_loc" to="lhs_13_loc_load" fromId="20" toId="49">
</dataflow>
<dataflow id="210" from="lhs_13_loc_load" to="store_ln736" fromId="49" toId="50">
</dataflow>
<dataflow id="211" from="output_V_addr_6" to="store_ln736" fromId="46" toId="50">
</dataflow>
<dataflow id="212" from="lhs_15_loc_load" to="store_ln736" fromId="48" toId="51">
</dataflow>
<dataflow id="213" from="output_V_addr_7" to="store_ln736" fromId="47" toId="51">
</dataflow>
<dataflow id="214" from="output_V" to="output_V_addr_8" fromId="24" toId="52">
</dataflow>
<dataflow id="215" from="StgValue_160" to="output_V_addr_8" fromId="160" toId="52">
</dataflow>
<dataflow id="217" from="StgValue_216" to="output_V_addr_8" fromId="216" toId="52">
</dataflow>
<dataflow id="218" from="output_V" to="output_V_addr_9" fromId="24" toId="53">
</dataflow>
<dataflow id="219" from="StgValue_160" to="output_V_addr_9" fromId="160" toId="53">
</dataflow>
<dataflow id="221" from="StgValue_220" to="output_V_addr_9" fromId="220" toId="53">
</dataflow>
<dataflow id="222" from="lhs_19_loc" to="lhs_19_loc_load" fromId="23" toId="54">
</dataflow>
<dataflow id="223" from="lhs_17_loc" to="lhs_17_loc_load" fromId="22" toId="55">
</dataflow>
<dataflow id="224" from="lhs_17_loc_load" to="store_ln736" fromId="55" toId="56">
</dataflow>
<dataflow id="225" from="output_V_addr_8" to="store_ln736" fromId="52" toId="56">
</dataflow>
<dataflow id="226" from="lhs_19_loc_load" to="store_ln736" fromId="54" toId="57">
</dataflow>
<dataflow id="227" from="output_V_addr_9" to="store_ln736" fromId="53" toId="57">
</dataflow>
<dataflow id="228" from="_ssdm_op_Wait" to="empty_51" fromId="112" toId="58">
</dataflow>
<dataflow id="230" from="fc_Pipeline_VITIS_LOOP_20_1" to="call_ln0" fromId="229" toId="59">
</dataflow>
<dataflow id="231" from="output_V" to="call_ln0" fromId="24" toId="59">
</dataflow>
<dataflow id="232" from="fc_bias_V" to="call_ln0" fromId="93" toId="59">
</dataflow>
<dataflow id="233" from="fc_Pipeline_VITIS_LOOP_20_1" to="call_ln0" fromId="229" toId="60">
</dataflow>
<dataflow id="234" from="output_V" to="call_ln0" fromId="24" toId="60">
</dataflow>
<dataflow id="235" from="fc_bias_V" to="call_ln0" fromId="93" toId="60">
</dataflow>
<dataflow id="237" from="softmax" to="call_ln36" fromId="236" toId="61">
</dataflow>
<dataflow id="238" from="output_V" to="call_ln36" fromId="24" toId="61">
</dataflow>
<dataflow id="239" from="f_x_msb_3_table_V" to="call_ln36" fromId="94" toId="61">
</dataflow>
<dataflow id="240" from="f_x_msb_2_table_V" to="call_ln36" fromId="95" toId="61">
</dataflow>
<dataflow id="241" from="exp_x_msb_1_table_V" to="call_ln36" fromId="96" toId="61">
</dataflow>
<dataflow id="242" from="log_apfixed_reduce_log_inverse_lut_table_array_V" to="call_ln36" fromId="97" toId="61">
</dataflow>
<dataflow id="243" from="log_apfixed_reduce_log0_lut_table_ap_fixed_29_7_ap_q_mode_5_ap_o_mode_3_0_0_5_64_array_V" to="call_ln36" fromId="98" toId="61">
</dataflow>
<dataflow id="244" from="log_apfixed_reduce_log_lut_table_ap_fixed_29_7_ap_q_mode_5_ap_o_mode_3_0_4_4_16_array_V" to="call_ln36" fromId="99" toId="61">
</dataflow>
<dataflow id="245" from="softmax" to="call_ln36" fromId="236" toId="62">
</dataflow>
<dataflow id="246" from="output_V" to="call_ln36" fromId="24" toId="62">
</dataflow>
<dataflow id="247" from="f_x_msb_3_table_V" to="call_ln36" fromId="94" toId="62">
</dataflow>
<dataflow id="248" from="f_x_msb_2_table_V" to="call_ln36" fromId="95" toId="62">
</dataflow>
<dataflow id="249" from="exp_x_msb_1_table_V" to="call_ln36" fromId="96" toId="62">
</dataflow>
<dataflow id="250" from="log_apfixed_reduce_log_inverse_lut_table_array_V" to="call_ln36" fromId="97" toId="62">
</dataflow>
<dataflow id="251" from="log_apfixed_reduce_log0_lut_table_ap_fixed_29_7_ap_q_mode_5_ap_o_mode_3_0_0_5_64_array_V" to="call_ln36" fromId="98" toId="62">
</dataflow>
<dataflow id="252" from="log_apfixed_reduce_log_lut_table_ap_fixed_29_7_ap_q_mode_5_ap_o_mode_3_0_4_4_16_array_V" to="call_ln36" fromId="99" toId="62">
</dataflow>
<dataflow id="253" from="_ssdm_op_Wait" to="empty_52" fromId="112" toId="63">
</dataflow>
<dataflow id="255" from="fc_Pipeline_fc_copy_tostream" to="call_ln0" fromId="254" toId="64">
</dataflow>
<dataflow id="256" from="output_V" to="call_ln0" fromId="24" toId="64">
</dataflow>
<dataflow id="257" from="out_r" to="call_ln0" fromId="81" toId="64">
</dataflow>
<dataflow id="259" from="_ssdm_op_SpecInterface" to="specinterface_ln0" fromId="258" toId="65">
</dataflow>
<dataflow id="260" from="pool_out3" to="specinterface_ln0" fromId="82" toId="65">
</dataflow>
<dataflow id="262" from="empty_10" to="specinterface_ln0" fromId="261" toId="65">
</dataflow>
<dataflow id="264" from="StgValue_263" to="specinterface_ln0" fromId="263" toId="65">
</dataflow>
<dataflow id="265" from="StgValue_263" to="specinterface_ln0" fromId="263" toId="65">
</dataflow>
<dataflow id="267" from="empty_4" to="specinterface_ln0" fromId="266" toId="65">
</dataflow>
<dataflow id="268" from="StgValue_263" to="specinterface_ln0" fromId="263" toId="65">
</dataflow>
<dataflow id="269" from="StgValue_263" to="specinterface_ln0" fromId="263" toId="65">
</dataflow>
<dataflow id="270" from="empty_4" to="specinterface_ln0" fromId="266" toId="65">
</dataflow>
<dataflow id="271" from="empty_4" to="specinterface_ln0" fromId="266" toId="65">
</dataflow>
<dataflow id="272" from="empty_4" to="specinterface_ln0" fromId="266" toId="65">
</dataflow>
<dataflow id="273" from="StgValue_263" to="specinterface_ln0" fromId="263" toId="65">
</dataflow>
<dataflow id="274" from="StgValue_263" to="specinterface_ln0" fromId="263" toId="65">
</dataflow>
<dataflow id="275" from="StgValue_263" to="specinterface_ln0" fromId="263" toId="65">
</dataflow>
<dataflow id="276" from="StgValue_263" to="specinterface_ln0" fromId="263" toId="65">
</dataflow>
<dataflow id="277" from="empty_4" to="specinterface_ln0" fromId="266" toId="65">
</dataflow>
<dataflow id="278" from="empty_4" to="specinterface_ln0" fromId="266" toId="65">
</dataflow>
<dataflow id="279" from="_ssdm_op_SpecInterface" to="specinterface_ln0" fromId="258" toId="66">
</dataflow>
<dataflow id="280" from="out_r" to="specinterface_ln0" fromId="81" toId="66">
</dataflow>
<dataflow id="281" from="empty_10" to="specinterface_ln0" fromId="261" toId="66">
</dataflow>
<dataflow id="282" from="StgValue_263" to="specinterface_ln0" fromId="263" toId="66">
</dataflow>
<dataflow id="283" from="StgValue_263" to="specinterface_ln0" fromId="263" toId="66">
</dataflow>
<dataflow id="284" from="empty_4" to="specinterface_ln0" fromId="266" toId="66">
</dataflow>
<dataflow id="285" from="StgValue_263" to="specinterface_ln0" fromId="263" toId="66">
</dataflow>
<dataflow id="286" from="StgValue_263" to="specinterface_ln0" fromId="263" toId="66">
</dataflow>
<dataflow id="287" from="empty_4" to="specinterface_ln0" fromId="266" toId="66">
</dataflow>
<dataflow id="288" from="empty_4" to="specinterface_ln0" fromId="266" toId="66">
</dataflow>
<dataflow id="289" from="empty_4" to="specinterface_ln0" fromId="266" toId="66">
</dataflow>
<dataflow id="290" from="StgValue_263" to="specinterface_ln0" fromId="263" toId="66">
</dataflow>
<dataflow id="291" from="StgValue_263" to="specinterface_ln0" fromId="263" toId="66">
</dataflow>
<dataflow id="292" from="StgValue_263" to="specinterface_ln0" fromId="263" toId="66">
</dataflow>
<dataflow id="293" from="StgValue_263" to="specinterface_ln0" fromId="263" toId="66">
</dataflow>
<dataflow id="294" from="empty_4" to="specinterface_ln0" fromId="266" toId="66">
</dataflow>
<dataflow id="295" from="empty_4" to="specinterface_ln0" fromId="266" toId="66">
</dataflow>
<dataflow id="296" from="fc_Pipeline_fc_copy_tostream" to="call_ln0" fromId="254" toId="67">
</dataflow>
<dataflow id="297" from="output_V" to="call_ln0" fromId="24" toId="67">
</dataflow>
<dataflow id="298" from="out_r" to="call_ln0" fromId="81" toId="67">
</dataflow>
</dataflows>


</stg>
