<stg><name>fc</name>


<trans_list>

<trans id="69" from="1" to="2">
<condition id="-1">
<or_exp><and_exp></and_exp></or_exp>
</condition>
</trans>

<trans id="70" from="2" to="3">
<condition id="-1">
<or_exp><and_exp></and_exp></or_exp>
</condition>
</trans>

<trans id="71" from="3" to="4">
<condition id="-1">
<or_exp><and_exp></and_exp></or_exp>
</condition>
</trans>

<trans id="72" from="4" to="5">
<condition id="-1">
<or_exp><and_exp></and_exp></or_exp>
</condition>
</trans>

<trans id="73" from="5" to="6">
<condition id="-1">
<or_exp><and_exp></and_exp></or_exp>
</condition>
</trans>

<trans id="74" from="6" to="7">
<condition id="-1">
<or_exp><and_exp></and_exp></or_exp>
</condition>
</trans>

<trans id="75" from="7" to="8">
<condition id="-1">
<or_exp><and_exp></and_exp></or_exp>
</condition>
</trans>

<trans id="76" from="8" to="9">
<condition id="-1">
<or_exp><and_exp></and_exp></or_exp>
</condition>
</trans>

<trans id="77" from="9" to="10">
<condition id="-1">
<or_exp><and_exp></and_exp></or_exp>
</condition>
</trans>

<trans id="78" from="10" to="11">
<condition id="-1">
<or_exp><and_exp></and_exp></or_exp>
</condition>
</trans>

<trans id="79" from="11" to="12">
<condition id="-1">
<or_exp><and_exp></and_exp></or_exp>
</condition>
</trans>

<trans id="80" from="12" to="13">
<condition id="-1">
<or_exp><and_exp></and_exp></or_exp>
</condition>
</trans>
</trans_list>



<state_list>

<state id="1" st_id="1">

<operation id="14" st_id="1" stage="1" lat="1">
<core>NULL</core>
<MemPortIdVec></MemPortIdVec>
<condition id="-1">
<or_exp><and_exp></and_exp></or_exp>
</condition>

<Node id="20" bw="24" op_0_bw="64">
<![CDATA[
_ZN8ap_fixedILi24ELi10EL9ap_q_mode0EL9ap_o_mode3ELi0EEC2Ei.exit:0 %lhs_loc = alloca i64 1

]]></Node>
<StgValue><ssdm name="lhs_loc"/></StgValue>
</operation>

<operation id="15" st_id="1" stage="1" lat="1">
<core>NULL</core>
<MemPortIdVec></MemPortIdVec>
<condition id="-1">
<or_exp><and_exp></and_exp></or_exp>
</condition>

<Node id="21" bw="24" op_0_bw="64">
<![CDATA[
_ZN8ap_fixedILi24ELi10EL9ap_q_mode0EL9ap_o_mode3ELi0EEC2Ei.exit:1 %lhs_3_loc = alloca i64 1

]]></Node>
<StgValue><ssdm name="lhs_3_loc"/></StgValue>
</operation>

<operation id="16" st_id="1" stage="1" lat="1">
<core>NULL</core>
<MemPortIdVec></MemPortIdVec>
<condition id="-1">
<or_exp><and_exp></and_exp></or_exp>
</condition>

<Node id="22" bw="24" op_0_bw="64">
<![CDATA[
_ZN8ap_fixedILi24ELi10EL9ap_q_mode0EL9ap_o_mode3ELi0EEC2Ei.exit:2 %lhs_5_loc = alloca i64 1

]]></Node>
<StgValue><ssdm name="lhs_5_loc"/></StgValue>
</operation>

<operation id="17" st_id="1" stage="1" lat="1">
<core>NULL</core>
<MemPortIdVec></MemPortIdVec>
<condition id="-1">
<or_exp><and_exp></and_exp></or_exp>
</condition>

<Node id="23" bw="24" op_0_bw="64">
<![CDATA[
_ZN8ap_fixedILi24ELi10EL9ap_q_mode0EL9ap_o_mode3ELi0EEC2Ei.exit:3 %lhs_7_loc = alloca i64 1

]]></Node>
<StgValue><ssdm name="lhs_7_loc"/></StgValue>
</operation>

<operation id="18" st_id="1" stage="1" lat="1">
<core>NULL</core>
<MemPortIdVec></MemPortIdVec>
<condition id="-1">
<or_exp><and_exp></and_exp></or_exp>
</condition>

<Node id="24" bw="24" op_0_bw="64">
<![CDATA[
_ZN8ap_fixedILi24ELi10EL9ap_q_mode0EL9ap_o_mode3ELi0EEC2Ei.exit:4 %lhs_9_loc = alloca i64 1

]]></Node>
<StgValue><ssdm name="lhs_9_loc"/></StgValue>
</operation>

<operation id="19" st_id="1" stage="1" lat="1">
<core>NULL</core>
<MemPortIdVec></MemPortIdVec>
<condition id="-1">
<or_exp><and_exp></and_exp></or_exp>
</condition>

<Node id="25" bw="24" op_0_bw="64">
<![CDATA[
_ZN8ap_fixedILi24ELi10EL9ap_q_mode0EL9ap_o_mode3ELi0EEC2Ei.exit:5 %lhs_11_loc = alloca i64 1

]]></Node>
<StgValue><ssdm name="lhs_11_loc"/></StgValue>
</operation>

<operation id="20" st_id="1" stage="1" lat="1">
<core>NULL</core>
<MemPortIdVec></MemPortIdVec>
<condition id="-1">
<or_exp><and_exp></and_exp></or_exp>
</condition>

<Node id="26" bw="24" op_0_bw="64">
<![CDATA[
_ZN8ap_fixedILi24ELi10EL9ap_q_mode0EL9ap_o_mode3ELi0EEC2Ei.exit:6 %lhs_13_loc = alloca i64 1

]]></Node>
<StgValue><ssdm name="lhs_13_loc"/></StgValue>
</operation>

<operation id="21" st_id="1" stage="1" lat="1">
<core>NULL</core>
<MemPortIdVec></MemPortIdVec>
<condition id="-1">
<or_exp><and_exp></and_exp></or_exp>
</condition>

<Node id="27" bw="24" op_0_bw="64">
<![CDATA[
_ZN8ap_fixedILi24ELi10EL9ap_q_mode0EL9ap_o_mode3ELi0EEC2Ei.exit:7 %lhs_15_loc = alloca i64 1

]]></Node>
<StgValue><ssdm name="lhs_15_loc"/></StgValue>
</operation>

<operation id="22" st_id="1" stage="1" lat="1">
<core>NULL</core>
<MemPortIdVec></MemPortIdVec>
<condition id="-1">
<or_exp><and_exp></and_exp></or_exp>
</condition>

<Node id="28" bw="24" op_0_bw="64">
<![CDATA[
_ZN8ap_fixedILi24ELi10EL9ap_q_mode0EL9ap_o_mode3ELi0EEC2Ei.exit:8 %lhs_17_loc = alloca i64 1

]]></Node>
<StgValue><ssdm name="lhs_17_loc"/></StgValue>
</operation>

<operation id="23" st_id="1" stage="1" lat="1">
<core>NULL</core>
<MemPortIdVec></MemPortIdVec>
<condition id="-1">
<or_exp><and_exp></and_exp></or_exp>
</condition>

<Node id="29" bw="24" op_0_bw="64">
<![CDATA[
_ZN8ap_fixedILi24ELi10EL9ap_q_mode0EL9ap_o_mode3ELi0EEC2Ei.exit:9 %lhs_19_loc = alloca i64 1

]]></Node>
<StgValue><ssdm name="lhs_19_loc"/></StgValue>
</operation>

<operation id="24" st_id="1" stage="1" lat="1">
<core>RAM</core>
<MemPortIdVec></MemPortIdVec>
<condition id="-1">
<or_exp><and_exp></and_exp></or_exp>
</condition>

<Node id="32" bw="24" op_0_bw="64">
<![CDATA[
_ZN8ap_fixedILi24ELi10EL9ap_q_mode0EL9ap_o_mode3ELi0EEC2Ei.exit:12 %output_V = alloca i64 1

]]></Node>
<StgValue><ssdm name="output_V"/></StgValue>
</operation>

<operation id="25" st_id="1" stage="1" lat="1">
<core>NULL</core>
<MemPortIdVec></MemPortIdVec>
<condition id="-1">
<or_exp><and_exp></and_exp></or_exp>
</condition>

<Node id="43" bw="32" op_0_bw="32">
<![CDATA[
_ZN8ap_fixedILi24ELi10EL9ap_q_mode0EL9ap_o_mode3ELi0EEC2Ei.exit:23 %empty = wait i32 @_ssdm_op_Wait

]]></Node>
<StgValue><ssdm name="empty"/></StgValue>
</operation>

<operation id="26" st_id="1" stage="2" lat="2">
<core></core>
<MemPortIdVec></MemPortIdVec>
<condition id="-1">
<or_exp><and_exp></and_exp></or_exp>
</condition>

<Node id="44" bw="0" op_0_bw="0" op_1_bw="24" op_2_bw="24" op_3_bw="24" op_4_bw="24" op_5_bw="24" op_6_bw="24" op_7_bw="24" op_8_bw="24" op_9_bw="24" op_10_bw="24" op_11_bw="24" op_12_bw="15" op_13_bw="15" op_14_bw="15" op_15_bw="15" op_16_bw="15" op_17_bw="16" op_18_bw="15" op_19_bw="15" op_20_bw="15" op_21_bw="15" op_22_bw="0">
<![CDATA[
_ZN8ap_fixedILi24ELi10EL9ap_q_mode0EL9ap_o_mode3ELi0EEC2Ei.exit:24 %call_ln0 = call void @fc_Pipeline_fc_mul_weight_outer, i24 %pool_out3, i24 %lhs_19_loc, i24 %lhs_17_loc, i24 %lhs_15_loc, i24 %lhs_13_loc, i24 %lhs_11_loc, i24 %lhs_9_loc, i24 %lhs_7_loc, i24 %lhs_5_loc, i24 %lhs_3_loc, i24 %lhs_loc, i15 %fc_weights_V_0, i15 %fc_weights_V_1, i15 %fc_weights_V_2, i15 %fc_weights_V_3, i15 %fc_weights_V_4, i16 %fc_weights_V_5, i15 %fc_weights_V_6, i15 %fc_weights_V_7, i15 %fc_weights_V_8, i15 %fc_weights_V_9

]]></Node>
<StgValue><ssdm name="call_ln0"/></StgValue>
</operation>
</state>

<state id="2" st_id="2">

<operation id="27" st_id="2" stage="1" lat="2">
<core></core>
<MemPortIdVec></MemPortIdVec>
<condition id="-1">
<or_exp><and_exp></and_exp></or_exp>
</condition>

<Node id="44" bw="0" op_0_bw="0" op_1_bw="24" op_2_bw="24" op_3_bw="24" op_4_bw="24" op_5_bw="24" op_6_bw="24" op_7_bw="24" op_8_bw="24" op_9_bw="24" op_10_bw="24" op_11_bw="24" op_12_bw="15" op_13_bw="15" op_14_bw="15" op_15_bw="15" op_16_bw="15" op_17_bw="16" op_18_bw="15" op_19_bw="15" op_20_bw="15" op_21_bw="15" op_22_bw="0">
<![CDATA[
_ZN8ap_fixedILi24ELi10EL9ap_q_mode0EL9ap_o_mode3ELi0EEC2Ei.exit:24 %call_ln0 = call void @fc_Pipeline_fc_mul_weight_outer, i24 %pool_out3, i24 %lhs_19_loc, i24 %lhs_17_loc, i24 %lhs_15_loc, i24 %lhs_13_loc, i24 %lhs_11_loc, i24 %lhs_9_loc, i24 %lhs_7_loc, i24 %lhs_5_loc, i24 %lhs_3_loc, i24 %lhs_loc, i15 %fc_weights_V_0, i15 %fc_weights_V_1, i15 %fc_weights_V_2, i15 %fc_weights_V_3, i15 %fc_weights_V_4, i16 %fc_weights_V_5, i15 %fc_weights_V_6, i15 %fc_weights_V_7, i15 %fc_weights_V_8, i15 %fc_weights_V_9

]]></Node>
<StgValue><ssdm name="call_ln0"/></StgValue>
</operation>
</state>

<state id="3" st_id="3">

<operation id="28" st_id="3" stage="1" lat="1">
<core>NULL</core>
<MemPortIdVec></MemPortIdVec>
<condition id="-1">
<or_exp><and_exp></and_exp></or_exp>
</condition>

<Node id="33" bw="4" op_0_bw="24" op_1_bw="64" op_2_bw="64">
<![CDATA[
_ZN8ap_fixedILi24ELi10EL9ap_q_mode0EL9ap_o_mode3ELi0EEC2Ei.exit:13 %output_V_addr = getelementptr i24 %output_V, i64 0, i64 0

]]></Node>
<StgValue><ssdm name="output_V_addr"/></StgValue>
</operation>

<operation id="29" st_id="3" stage="1" lat="1">
<core>NULL</core>
<MemPortIdVec></MemPortIdVec>
<condition id="-1">
<or_exp><and_exp></and_exp></or_exp>
</condition>

<Node id="34" bw="4" op_0_bw="24" op_1_bw="64" op_2_bw="64">
<![CDATA[
_ZN8ap_fixedILi24ELi10EL9ap_q_mode0EL9ap_o_mode3ELi0EEC2Ei.exit:14 %output_V_addr_1 = getelementptr i24 %output_V, i64 0, i64 1

]]></Node>
<StgValue><ssdm name="output_V_addr_1"/></StgValue>
</operation>

<operation id="30" st_id="3" stage="1" lat="1">
<core>NULL</core>
<MemPortIdVec></MemPortIdVec>
<condition id="-1">
<or_exp><and_exp></and_exp></or_exp>
</condition>

<Node id="53" bw="24" op_0_bw="24" op_1_bw="0">
<![CDATA[
_ZN8ap_fixedILi24ELi10EL9ap_q_mode0EL9ap_o_mode3ELi0EEC2Ei.exit:33 %lhs_3_loc_load = load i24 %lhs_3_loc

]]></Node>
<StgValue><ssdm name="lhs_3_loc_load"/></StgValue>
</operation>

<operation id="31" st_id="3" stage="1" lat="1">
<core>NULL</core>
<MemPortIdVec></MemPortIdVec>
<condition id="-1">
<or_exp><and_exp></and_exp></or_exp>
</condition>

<Node id="54" bw="24" op_0_bw="24" op_1_bw="0">
<![CDATA[
_ZN8ap_fixedILi24ELi10EL9ap_q_mode0EL9ap_o_mode3ELi0EEC2Ei.exit:34 %lhs_loc_load = load i24 %lhs_loc

]]></Node>
<StgValue><ssdm name="lhs_loc_load"/></StgValue>
</operation>

<operation id="32" st_id="3" stage="1" lat="1">
<core>RAM</core>
<MemPortIdVec></MemPortIdVec>
<condition id="-1">
<or_exp><and_exp></and_exp></or_exp>
</condition>

<Node id="56" bw="0" op_0_bw="24" op_1_bw="4">
<![CDATA[
_ZN8ap_fixedILi24ELi10EL9ap_q_mode0EL9ap_o_mode3ELi0EEC2Ei.exit:36 %store_ln736 = store i24 %lhs_loc_load, i4 %output_V_addr

]]></Node>
<StgValue><ssdm name="store_ln736"/></StgValue>
</operation>

<operation id="33" st_id="3" stage="1" lat="1">
<core>RAM</core>
<MemPortIdVec></MemPortIdVec>
<condition id="-1">
<or_exp><and_exp></and_exp></or_exp>
</condition>

<Node id="57" bw="0" op_0_bw="24" op_1_bw="4">
<![CDATA[
_ZN8ap_fixedILi24ELi10EL9ap_q_mode0EL9ap_o_mode3ELi0EEC2Ei.exit:37 %store_ln736 = store i24 %lhs_3_loc_load, i4 %output_V_addr_1

]]></Node>
<StgValue><ssdm name="store_ln736"/></StgValue>
</operation>
</state>

<state id="4" st_id="4">

<operation id="34" st_id="4" stage="1" lat="1">
<core>NULL</core>
<MemPortIdVec></MemPortIdVec>
<condition id="-1">
<or_exp><and_exp></and_exp></or_exp>
</condition>

<Node id="35" bw="4" op_0_bw="24" op_1_bw="64" op_2_bw="64">
<![CDATA[
_ZN8ap_fixedILi24ELi10EL9ap_q_mode0EL9ap_o_mode3ELi0EEC2Ei.exit:15 %output_V_addr_2 = getelementptr i24 %output_V, i64 0, i64 2

]]></Node>
<StgValue><ssdm name="output_V_addr_2"/></StgValue>
</operation>

<operation id="35" st_id="4" stage="1" lat="1">
<core>NULL</core>
<MemPortIdVec></MemPortIdVec>
<condition id="-1">
<or_exp><and_exp></and_exp></or_exp>
</condition>

<Node id="36" bw="4" op_0_bw="24" op_1_bw="64" op_2_bw="64">
<![CDATA[
_ZN8ap_fixedILi24ELi10EL9ap_q_mode0EL9ap_o_mode3ELi0EEC2Ei.exit:16 %output_V_addr_3 = getelementptr i24 %output_V, i64 0, i64 3

]]></Node>
<StgValue><ssdm name="output_V_addr_3"/></StgValue>
</operation>

<operation id="36" st_id="4" stage="1" lat="1">
<core>NULL</core>
<MemPortIdVec></MemPortIdVec>
<condition id="-1">
<or_exp><and_exp></and_exp></or_exp>
</condition>

<Node id="51" bw="24" op_0_bw="24" op_1_bw="0">
<![CDATA[
_ZN8ap_fixedILi24ELi10EL9ap_q_mode0EL9ap_o_mode3ELi0EEC2Ei.exit:31 %lhs_7_loc_load = load i24 %lhs_7_loc

]]></Node>
<StgValue><ssdm name="lhs_7_loc_load"/></StgValue>
</operation>

<operation id="37" st_id="4" stage="1" lat="1">
<core>NULL</core>
<MemPortIdVec></MemPortIdVec>
<condition id="-1">
<or_exp><and_exp></and_exp></or_exp>
</condition>

<Node id="52" bw="24" op_0_bw="24" op_1_bw="0">
<![CDATA[
_ZN8ap_fixedILi24ELi10EL9ap_q_mode0EL9ap_o_mode3ELi0EEC2Ei.exit:32 %lhs_5_loc_load = load i24 %lhs_5_loc

]]></Node>
<StgValue><ssdm name="lhs_5_loc_load"/></StgValue>
</operation>

<operation id="38" st_id="4" stage="1" lat="1">
<core>RAM</core>
<MemPortIdVec></MemPortIdVec>
<condition id="-1">
<or_exp><and_exp></and_exp></or_exp>
</condition>

<Node id="58" bw="0" op_0_bw="24" op_1_bw="4">
<![CDATA[
_ZN8ap_fixedILi24ELi10EL9ap_q_mode0EL9ap_o_mode3ELi0EEC2Ei.exit:38 %store_ln736 = store i24 %lhs_5_loc_load, i4 %output_V_addr_2

]]></Node>
<StgValue><ssdm name="store_ln736"/></StgValue>
</operation>

<operation id="39" st_id="4" stage="1" lat="1">
<core>RAM</core>
<MemPortIdVec></MemPortIdVec>
<condition id="-1">
<or_exp><and_exp></and_exp></or_exp>
</condition>

<Node id="59" bw="0" op_0_bw="24" op_1_bw="4">
<![CDATA[
_ZN8ap_fixedILi24ELi10EL9ap_q_mode0EL9ap_o_mode3ELi0EEC2Ei.exit:39 %store_ln736 = store i24 %lhs_7_loc_load, i4 %output_V_addr_3

]]></Node>
<StgValue><ssdm name="store_ln736"/></StgValue>
</operation>
</state>

<state id="5" st_id="5">

<operation id="40" st_id="5" stage="1" lat="1">
<core>NULL</core>
<MemPortIdVec></MemPortIdVec>
<condition id="-1">
<or_exp><and_exp></and_exp></or_exp>
</condition>

<Node id="37" bw="4" op_0_bw="24" op_1_bw="64" op_2_bw="64">
<![CDATA[
_ZN8ap_fixedILi24ELi10EL9ap_q_mode0EL9ap_o_mode3ELi0EEC2Ei.exit:17 %output_V_addr_4 = getelementptr i24 %output_V, i64 0, i64 4

]]></Node>
<StgValue><ssdm name="output_V_addr_4"/></StgValue>
</operation>

<operation id="41" st_id="5" stage="1" lat="1">
<core>NULL</core>
<MemPortIdVec></MemPortIdVec>
<condition id="-1">
<or_exp><and_exp></and_exp></or_exp>
</condition>

<Node id="38" bw="4" op_0_bw="24" op_1_bw="64" op_2_bw="64">
<![CDATA[
_ZN8ap_fixedILi24ELi10EL9ap_q_mode0EL9ap_o_mode3ELi0EEC2Ei.exit:18 %output_V_addr_5 = getelementptr i24 %output_V, i64 0, i64 5

]]></Node>
<StgValue><ssdm name="output_V_addr_5"/></StgValue>
</operation>

<operation id="42" st_id="5" stage="1" lat="1">
<core>NULL</core>
<MemPortIdVec></MemPortIdVec>
<condition id="-1">
<or_exp><and_exp></and_exp></or_exp>
</condition>

<Node id="49" bw="24" op_0_bw="24" op_1_bw="0">
<![CDATA[
_ZN8ap_fixedILi24ELi10EL9ap_q_mode0EL9ap_o_mode3ELi0EEC2Ei.exit:29 %lhs_11_loc_load = load i24 %lhs_11_loc

]]></Node>
<StgValue><ssdm name="lhs_11_loc_load"/></StgValue>
</operation>

<operation id="43" st_id="5" stage="1" lat="1">
<core>NULL</core>
<MemPortIdVec></MemPortIdVec>
<condition id="-1">
<or_exp><and_exp></and_exp></or_exp>
</condition>

<Node id="50" bw="24" op_0_bw="24" op_1_bw="0">
<![CDATA[
_ZN8ap_fixedILi24ELi10EL9ap_q_mode0EL9ap_o_mode3ELi0EEC2Ei.exit:30 %lhs_9_loc_load = load i24 %lhs_9_loc

]]></Node>
<StgValue><ssdm name="lhs_9_loc_load"/></StgValue>
</operation>

<operation id="44" st_id="5" stage="1" lat="1">
<core>RAM</core>
<MemPortIdVec></MemPortIdVec>
<condition id="-1">
<or_exp><and_exp></and_exp></or_exp>
</condition>

<Node id="60" bw="0" op_0_bw="24" op_1_bw="4">
<![CDATA[
_ZN8ap_fixedILi24ELi10EL9ap_q_mode0EL9ap_o_mode3ELi0EEC2Ei.exit:40 %store_ln736 = store i24 %lhs_9_loc_load, i4 %output_V_addr_4

]]></Node>
<StgValue><ssdm name="store_ln736"/></StgValue>
</operation>

<operation id="45" st_id="5" stage="1" lat="1">
<core>RAM</core>
<MemPortIdVec></MemPortIdVec>
<condition id="-1">
<or_exp><and_exp></and_exp></or_exp>
</condition>

<Node id="61" bw="0" op_0_bw="24" op_1_bw="4">
<![CDATA[
_ZN8ap_fixedILi24ELi10EL9ap_q_mode0EL9ap_o_mode3ELi0EEC2Ei.exit:41 %store_ln736 = store i24 %lhs_11_loc_load, i4 %output_V_addr_5

]]></Node>
<StgValue><ssdm name="store_ln736"/></StgValue>
</operation>
</state>

<state id="6" st_id="6">

<operation id="46" st_id="6" stage="1" lat="1">
<core>NULL</core>
<MemPortIdVec></MemPortIdVec>
<condition id="-1">
<or_exp><and_exp></and_exp></or_exp>
</condition>

<Node id="39" bw="4" op_0_bw="24" op_1_bw="64" op_2_bw="64">
<![CDATA[
_ZN8ap_fixedILi24ELi10EL9ap_q_mode0EL9ap_o_mode3ELi0EEC2Ei.exit:19 %output_V_addr_6 = getelementptr i24 %output_V, i64 0, i64 6

]]></Node>
<StgValue><ssdm name="output_V_addr_6"/></StgValue>
</operation>

<operation id="47" st_id="6" stage="1" lat="1">
<core>NULL</core>
<MemPortIdVec></MemPortIdVec>
<condition id="-1">
<or_exp><and_exp></and_exp></or_exp>
</condition>

<Node id="40" bw="4" op_0_bw="24" op_1_bw="64" op_2_bw="64">
<![CDATA[
_ZN8ap_fixedILi24ELi10EL9ap_q_mode0EL9ap_o_mode3ELi0EEC2Ei.exit:20 %output_V_addr_7 = getelementptr i24 %output_V, i64 0, i64 7

]]></Node>
<StgValue><ssdm name="output_V_addr_7"/></StgValue>
</operation>

<operation id="48" st_id="6" stage="1" lat="1">
<core>NULL</core>
<MemPortIdVec></MemPortIdVec>
<condition id="-1">
<or_exp><and_exp></and_exp></or_exp>
</condition>

<Node id="47" bw="24" op_0_bw="24" op_1_bw="0">
<![CDATA[
_ZN8ap_fixedILi24ELi10EL9ap_q_mode0EL9ap_o_mode3ELi0EEC2Ei.exit:27 %lhs_15_loc_load = load i24 %lhs_15_loc

]]></Node>
<StgValue><ssdm name="lhs_15_loc_load"/></StgValue>
</operation>

<operation id="49" st_id="6" stage="1" lat="1">
<core>NULL</core>
<MemPortIdVec></MemPortIdVec>
<condition id="-1">
<or_exp><and_exp></and_exp></or_exp>
</condition>

<Node id="48" bw="24" op_0_bw="24" op_1_bw="0">
<![CDATA[
_ZN8ap_fixedILi24ELi10EL9ap_q_mode0EL9ap_o_mode3ELi0EEC2Ei.exit:28 %lhs_13_loc_load = load i24 %lhs_13_loc

]]></Node>
<StgValue><ssdm name="lhs_13_loc_load"/></StgValue>
</operation>

<operation id="50" st_id="6" stage="1" lat="1">
<core>RAM</core>
<MemPortIdVec></MemPortIdVec>
<condition id="-1">
<or_exp><and_exp></and_exp></or_exp>
</condition>

<Node id="62" bw="0" op_0_bw="24" op_1_bw="4">
<![CDATA[
_ZN8ap_fixedILi24ELi10EL9ap_q_mode0EL9ap_o_mode3ELi0EEC2Ei.exit:42 %store_ln736 = store i24 %lhs_13_loc_load, i4 %output_V_addr_6

]]></Node>
<StgValue><ssdm name="store_ln736"/></StgValue>
</operation>

<operation id="51" st_id="6" stage="1" lat="1">
<core>RAM</core>
<MemPortIdVec></MemPortIdVec>
<condition id="-1">
<or_exp><and_exp></and_exp></or_exp>
</condition>

<Node id="63" bw="0" op_0_bw="24" op_1_bw="4">
<![CDATA[
_ZN8ap_fixedILi24ELi10EL9ap_q_mode0EL9ap_o_mode3ELi0EEC2Ei.exit:43 %store_ln736 = store i24 %lhs_15_loc_load, i4 %output_V_addr_7

]]></Node>
<StgValue><ssdm name="store_ln736"/></StgValue>
</operation>
</state>

<state id="7" st_id="7">

<operation id="52" st_id="7" stage="1" lat="1">
<core>NULL</core>
<MemPortIdVec></MemPortIdVec>
<condition id="-1">
<or_exp><and_exp></and_exp></or_exp>
</condition>

<Node id="41" bw="4" op_0_bw="24" op_1_bw="64" op_2_bw="64">
<![CDATA[
_ZN8ap_fixedILi24ELi10EL9ap_q_mode0EL9ap_o_mode3ELi0EEC2Ei.exit:21 %output_V_addr_8 = getelementptr i24 %output_V, i64 0, i64 8

]]></Node>
<StgValue><ssdm name="output_V_addr_8"/></StgValue>
</operation>

<operation id="53" st_id="7" stage="1" lat="1">
<core>NULL</core>
<MemPortIdVec></MemPortIdVec>
<condition id="-1">
<or_exp><and_exp></and_exp></or_exp>
</condition>

<Node id="42" bw="4" op_0_bw="24" op_1_bw="64" op_2_bw="64">
<![CDATA[
_ZN8ap_fixedILi24ELi10EL9ap_q_mode0EL9ap_o_mode3ELi0EEC2Ei.exit:22 %output_V_addr_9 = getelementptr i24 %output_V, i64 0, i64 9

]]></Node>
<StgValue><ssdm name="output_V_addr_9"/></StgValue>
</operation>

<operation id="54" st_id="7" stage="1" lat="1">
<core>NULL</core>
<MemPortIdVec></MemPortIdVec>
<condition id="-1">
<or_exp><and_exp></and_exp></or_exp>
</condition>

<Node id="45" bw="24" op_0_bw="24" op_1_bw="0">
<![CDATA[
_ZN8ap_fixedILi24ELi10EL9ap_q_mode0EL9ap_o_mode3ELi0EEC2Ei.exit:25 %lhs_19_loc_load = load i24 %lhs_19_loc

]]></Node>
<StgValue><ssdm name="lhs_19_loc_load"/></StgValue>
</operation>

<operation id="55" st_id="7" stage="1" lat="1">
<core>NULL</core>
<MemPortIdVec></MemPortIdVec>
<condition id="-1">
<or_exp><and_exp></and_exp></or_exp>
</condition>

<Node id="46" bw="24" op_0_bw="24" op_1_bw="0">
<![CDATA[
_ZN8ap_fixedILi24ELi10EL9ap_q_mode0EL9ap_o_mode3ELi0EEC2Ei.exit:26 %lhs_17_loc_load = load i24 %lhs_17_loc

]]></Node>
<StgValue><ssdm name="lhs_17_loc_load"/></StgValue>
</operation>

<operation id="56" st_id="7" stage="1" lat="1">
<core>RAM</core>
<MemPortIdVec></MemPortIdVec>
<condition id="-1">
<or_exp><and_exp></and_exp></or_exp>
</condition>

<Node id="64" bw="0" op_0_bw="24" op_1_bw="4">
<![CDATA[
_ZN8ap_fixedILi24ELi10EL9ap_q_mode0EL9ap_o_mode3ELi0EEC2Ei.exit:44 %store_ln736 = store i24 %lhs_17_loc_load, i4 %output_V_addr_8

]]></Node>
<StgValue><ssdm name="store_ln736"/></StgValue>
</operation>

<operation id="57" st_id="7" stage="1" lat="1">
<core>RAM</core>
<MemPortIdVec></MemPortIdVec>
<condition id="-1">
<or_exp><and_exp></and_exp></or_exp>
</condition>

<Node id="65" bw="0" op_0_bw="24" op_1_bw="4">
<![CDATA[
_ZN8ap_fixedILi24ELi10EL9ap_q_mode0EL9ap_o_mode3ELi0EEC2Ei.exit:45 %store_ln736 = store i24 %lhs_19_loc_load, i4 %output_V_addr_9

]]></Node>
<StgValue><ssdm name="store_ln736"/></StgValue>
</operation>
</state>

<state id="8" st_id="8">

<operation id="58" st_id="8" stage="1" lat="1">
<core>NULL</core>
<MemPortIdVec></MemPortIdVec>
<condition id="-1">
<or_exp><and_exp></and_exp></or_exp>
</condition>

<Node id="55" bw="32" op_0_bw="32" op_1_bw="0" op_2_bw="0">
<![CDATA[
_ZN8ap_fixedILi24ELi10EL9ap_q_mode0EL9ap_o_mode3ELi0EEC2Ei.exit:35 %empty_51 = wait i32 @_ssdm_op_Wait

]]></Node>
<StgValue><ssdm name="empty_51"/></StgValue>
</operation>

<operation id="59" st_id="8" stage="2" lat="2">
<core></core>
<MemPortIdVec></MemPortIdVec>
<condition id="-1">
<or_exp><and_exp></and_exp></or_exp>
</condition>

<Node id="66" bw="0" op_0_bw="0" op_1_bw="24" op_2_bw="14" op_3_bw="0" op_4_bw="0" op_5_bw="0" op_6_bw="0" op_7_bw="0" op_8_bw="0" op_9_bw="0" op_10_bw="0" op_11_bw="0" op_12_bw="0" op_13_bw="0">
<![CDATA[
_ZN8ap_fixedILi24ELi10EL9ap_q_mode0EL9ap_o_mode3ELi0EEC2Ei.exit:46 %call_ln0 = call void @fc_Pipeline_VITIS_LOOP_20_1, i24 %output_V, i14 %fc_bias_V

]]></Node>
<StgValue><ssdm name="call_ln0"/></StgValue>
</operation>
</state>

<state id="9" st_id="9">

<operation id="60" st_id="9" stage="1" lat="2">
<core></core>
<MemPortIdVec></MemPortIdVec>
<condition id="-1">
<or_exp><and_exp></and_exp></or_exp>
</condition>

<Node id="66" bw="0" op_0_bw="0" op_1_bw="24" op_2_bw="14" op_3_bw="0" op_4_bw="0" op_5_bw="0" op_6_bw="0" op_7_bw="0" op_8_bw="0" op_9_bw="0" op_10_bw="0" op_11_bw="0" op_12_bw="0" op_13_bw="0">
<![CDATA[
_ZN8ap_fixedILi24ELi10EL9ap_q_mode0EL9ap_o_mode3ELi0EEC2Ei.exit:46 %call_ln0 = call void @fc_Pipeline_VITIS_LOOP_20_1, i24 %output_V, i14 %fc_bias_V

]]></Node>
<StgValue><ssdm name="call_ln0"/></StgValue>
</operation>
</state>

<state id="10" st_id="10">

<operation id="61" st_id="10" stage="2" lat="2">
<core></core>
<MemPortIdVec></MemPortIdVec>
<condition id="-1">
<or_exp><and_exp></and_exp></or_exp>
</condition>

<Node id="67" bw="0" op_0_bw="0" op_1_bw="24" op_2_bw="32" op_3_bw="46" op_4_bw="50" op_5_bw="6" op_6_bw="22" op_7_bw="18" op_8_bw="0" op_9_bw="0">
<![CDATA[
_ZN8ap_fixedILi24ELi10EL9ap_q_mode0EL9ap_o_mode3ELi0EEC2Ei.exit:47 %call_ln36 = call void @softmax, i24 %output_V, i32 %f_x_msb_3_table_V, i46 %f_x_msb_2_table_V, i50 %exp_x_msb_1_table_V, i6 %log_apfixed_reduce_log_inverse_lut_table_array_V, i22 %log_apfixed_reduce_log0_lut_table_ap_fixed_29_7_ap_q_mode_5_ap_o_mode_3_0_0_5_64_array_V, i18 %log_apfixed_reduce_log_lut_table_ap_fixed_29_7_ap_q_mode_5_ap_o_mode_3_0_4_4_16_array_V

]]></Node>
<StgValue><ssdm name="call_ln36"/></StgValue>
</operation>
</state>

<state id="11" st_id="11">

<operation id="62" st_id="11" stage="1" lat="2">
<core></core>
<MemPortIdVec></MemPortIdVec>
<condition id="-1">
<or_exp><and_exp></and_exp></or_exp>
</condition>

<Node id="67" bw="0" op_0_bw="0" op_1_bw="24" op_2_bw="32" op_3_bw="46" op_4_bw="50" op_5_bw="6" op_6_bw="22" op_7_bw="18" op_8_bw="0" op_9_bw="0">
<![CDATA[
_ZN8ap_fixedILi24ELi10EL9ap_q_mode0EL9ap_o_mode3ELi0EEC2Ei.exit:47 %call_ln36 = call void @softmax, i24 %output_V, i32 %f_x_msb_3_table_V, i46 %f_x_msb_2_table_V, i50 %exp_x_msb_1_table_V, i6 %log_apfixed_reduce_log_inverse_lut_table_array_V, i22 %log_apfixed_reduce_log0_lut_table_ap_fixed_29_7_ap_q_mode_5_ap_o_mode_3_0_0_5_64_array_V, i18 %log_apfixed_reduce_log_lut_table_ap_fixed_29_7_ap_q_mode_5_ap_o_mode_3_0_4_4_16_array_V

]]></Node>
<StgValue><ssdm name="call_ln36"/></StgValue>
</operation>
</state>

<state id="12" st_id="12">

<operation id="63" st_id="12" stage="1" lat="1">
<core>NULL</core>
<MemPortIdVec></MemPortIdVec>
<condition id="-1">
<or_exp><and_exp></and_exp></or_exp>
</condition>

<Node id="68" bw="32" op_0_bw="32" op_1_bw="0" op_2_bw="0" op_3_bw="0">
<![CDATA[
_ZN8ap_fixedILi24ELi10EL9ap_q_mode0EL9ap_o_mode3ELi0EEC2Ei.exit:48 %empty_52 = wait i32 @_ssdm_op_Wait

]]></Node>
<StgValue><ssdm name="empty_52"/></StgValue>
</operation>

<operation id="64" st_id="12" stage="2" lat="2">
<core></core>
<MemPortIdVec></MemPortIdVec>
<condition id="-1">
<or_exp><and_exp></and_exp></or_exp>
</condition>

<Node id="69" bw="0" op_0_bw="0" op_1_bw="24" op_2_bw="24" op_3_bw="0" op_4_bw="0">
<![CDATA[
_ZN8ap_fixedILi24ELi10EL9ap_q_mode0EL9ap_o_mode3ELi0EEC2Ei.exit:49 %call_ln0 = call void @fc_Pipeline_fc_copy_tostream, i24 %output_V, i24 %out_r

]]></Node>
<StgValue><ssdm name="call_ln0"/></StgValue>
</operation>
</state>

<state id="13" st_id="13">

<operation id="65" st_id="13" stage="1" lat="1">
<core>NULL</core>
<MemPortIdVec></MemPortIdVec>
<condition id="-1">
<or_exp><and_exp></and_exp></or_exp>
</condition>

<Node id="30" bw="0" op_0_bw="0" op_1_bw="24" op_2_bw="0" op_3_bw="32" op_4_bw="32" op_5_bw="0" op_6_bw="32" op_7_bw="32" op_8_bw="0" op_9_bw="0" op_10_bw="0" op_11_bw="32" op_12_bw="32" op_13_bw="32" op_14_bw="32" op_15_bw="0" op_16_bw="0">
<![CDATA[
_ZN8ap_fixedILi24ELi10EL9ap_q_mode0EL9ap_o_mode3ELi0EEC2Ei.exit:10 %specinterface_ln0 = specinterface void @_ssdm_op_SpecInterface, i24 %pool_out3, void @empty_10, i32 0, i32 0, void @empty_4, i32 0, i32 0, void @empty_4, void @empty_4, void @empty_4, i32 0, i32 0, i32 0, i32 0, void @empty_4, void @empty_4

]]></Node>
<StgValue><ssdm name="specinterface_ln0"/></StgValue>
</operation>

<operation id="66" st_id="13" stage="1" lat="1">
<core>NULL</core>
<MemPortIdVec></MemPortIdVec>
<condition id="-1">
<or_exp><and_exp></and_exp></or_exp>
</condition>

<Node id="31" bw="0" op_0_bw="0" op_1_bw="24" op_2_bw="0" op_3_bw="32" op_4_bw="32" op_5_bw="0" op_6_bw="32" op_7_bw="32" op_8_bw="0" op_9_bw="0" op_10_bw="0" op_11_bw="32" op_12_bw="32" op_13_bw="32" op_14_bw="32" op_15_bw="0" op_16_bw="0">
<![CDATA[
_ZN8ap_fixedILi24ELi10EL9ap_q_mode0EL9ap_o_mode3ELi0EEC2Ei.exit:11 %specinterface_ln0 = specinterface void @_ssdm_op_SpecInterface, i24 %out_r, void @empty_10, i32 0, i32 0, void @empty_4, i32 0, i32 0, void @empty_4, void @empty_4, void @empty_4, i32 0, i32 0, i32 0, i32 0, void @empty_4, void @empty_4

]]></Node>
<StgValue><ssdm name="specinterface_ln0"/></StgValue>
</operation>

<operation id="67" st_id="13" stage="1" lat="2">
<core></core>
<MemPortIdVec></MemPortIdVec>
<condition id="-1">
<or_exp><and_exp></and_exp></or_exp>
</condition>

<Node id="69" bw="0" op_0_bw="0" op_1_bw="24" op_2_bw="24" op_3_bw="0" op_4_bw="0">
<![CDATA[
_ZN8ap_fixedILi24ELi10EL9ap_q_mode0EL9ap_o_mode3ELi0EEC2Ei.exit:49 %call_ln0 = call void @fc_Pipeline_fc_copy_tostream, i24 %output_V, i24 %out_r

]]></Node>
<StgValue><ssdm name="call_ln0"/></StgValue>
</operation>

<operation id="68" st_id="13" stage="1" lat="1">
<core>NULL</core>
<MemPortIdVec></MemPortIdVec>
<condition id="-1">
<or_exp><and_exp></and_exp></or_exp>
</condition>

<Node id="70" bw="0">
<![CDATA[
_ZN8ap_fixedILi24ELi10EL9ap_q_mode0EL9ap_o_mode3ELi0EEC2Ei.exit:50 %ret_ln41 = ret

]]></Node>
<StgValue><ssdm name="ret_ln41"/></StgValue>
</operation>
</state>
</state_list>


<ports>
</ports>


<dataflows>
</dataflows>


</stg>
