<profile>

<section name = "Vitis HLS Report for 'fc'" level="0">
<item name = "Date">Wed May  4 11:56:10 2022
</item>
<item name = "Version">2021.2 (Build 3367213 on Tue Oct 19 02:47:39 MDT 2021)</item>
<item name = "Project">CNN-HLS</item>
<item name = "Solution">solution1 (Vivado IP Flow Target)</item>
<item name = "Product family">zynq</item>
<item name = "Target device">xa7z030-fbg484-1I</item>
</section>

<section name = "Performance Estimates" level="0">
<item name = "Timing">
<section name = "" level="1">
<item name = "Summary"><table name="" hasTotal="0">
<keys size="4">Clock, Target, Estimated, Uncertainty</keys>
<column name="ap_clk">10.00 ns, 7.188 ns, 2.70 ns</column>
</table>
</item>
</section>
</item>
<item name = "Latency">
<section name = "" level="1">
<item name = "Summary"><table name="" hasTotal="0">
<keys size="8">, min, max, min, max, min, max, Type</keys>
<column name="">5540, 5540, 55.400 us, 55.400 us, 5540, 5540, no</column>
</table>
</item>
<item name = "Detail">
<section name = "" level="1">
<item name = "Instance"><table name="" hasTotal="0">
<keys size="9">Instance, Module, min, max, min, max, min, max, Type</keys>
<column name="grp_fc_Pipeline_fc_mul_weight_outer_fu_209">fc_Pipeline_fc_mul_weight_outer, 5414, 5414, 54.140 us, 54.140 us, 5414, 5414, no</column>
<column name="grp_fc_Pipeline_VITIS_LOOP_20_1_fu_245">fc_Pipeline_VITIS_LOOP_20_1, 12, 12, 0.120 us, 0.120 us, 12, 12, no</column>
<column name="grp_softmax_fu_252">softmax, 90, 90, 0.900 us, 0.900 us, 90, 90, no</column>
<column name="grp_fc_Pipeline_fc_copy_tostream_fu_269">fc_Pipeline_fc_copy_tostream, 12, 12, 0.120 us, 0.120 us, 12, 12, no</column>
</table>
</item>
<item name = "Loop"><table name="" hasTotal="0">
<keys size="8">Loop Name, min, max, Latency, achieved, target, Count, Pipelined</keys>
</table>
</item>
</section>
</item>
</section>
</item>
</section>

<section name = "Utilization Estimates" level="0">
<item name = "Summary"><table name="" hasTotal="1">
<keys size="6">Name, BRAM_18K, DSP, FF, LUT, URAM</keys>
<column name="DSP">-, -, -, -, -</column>
<column name="Expression">-, -, 0, 2, -</column>
<column name="FIFO">-, -, -, -, -</column>
<column name="Instance">86, 21, 4052, 4852, -</column>
<column name="Memory">0, -, 48, 4, 0</column>
<column name="Multiplexer">-, -, -, 320, -</column>
<column name="Register">-, -, 18, -, -</column>
<specialColumn name="Available">530, 400, 157200, 78600, 0</specialColumn>
<specialColumn name="Utilization (%)">16, 5, 2, 6, 0</specialColumn>
</table>
</item>
<item name = "Detail">
<section name = "" level="1">
<item name = "Instance"><table name="" hasTotal="1">
<keys size="7">Instance, Module, BRAM_18K, DSP, FF, LUT, URAM</keys>
<column name="grp_fc_Pipeline_VITIS_LOOP_20_1_fu_245">fc_Pipeline_VITIS_LOOP_20_1, 0, 0, 25, 94, 0</column>
<column name="grp_fc_Pipeline_fc_copy_tostream_fu_269">fc_Pipeline_fc_copy_tostream, 0, 0, 7, 71, 0</column>
<column name="grp_fc_Pipeline_fc_mul_weight_outer_fu_209">fc_Pipeline_fc_mul_weight_outer, 80, 10, 719, 957, 0</column>
<column name="grp_softmax_fu_252">softmax, 6, 11, 3301, 3730, 0</column>
</table>
</item>
<item name = "DSP"><table name="" hasTotal="0">
<keys size="3">Instance, Module, Expression</keys>
</table>
</item>
<item name = "Memory"><table name="" hasTotal="1">
<keys size="10">Memory, Module, BRAM_18K, FF, LUT, URAM, Words, Bits, Banks, W*Bits*Banks</keys>
<column name="output_V_U">fc_output_V_RAM_AUTO_1R1W, 0, 48, 4, 0, 10, 24, 1, 240</column>
</table>
</item>
<item name = "FIFO"><table name="" hasTotal="1">
<keys size="8">Name, BRAM_18K, FF, LUT, URAM, Depth, Bits, Size:D*B</keys>
</table>
</item>
<item name = "Expression"><table name="" hasTotal="1">
<keys size="7">Variable Name, Operation, DSP, FF, LUT, Bitwidth P0, Bitwidth P1</keys>
<column name="ap_block_state1">or, 0, 0, 2, 1, 1</column>
</table>
</item>
<item name = "Multiplexer"><table name="" hasTotal="1">
<keys size="5">Name, LUT, Input Size, Bits, Total Bits</keys>
<column name="ap_NS_fsm">65, 14, 1, 14</column>
<column name="ap_done">9, 2, 1, 2</column>
<column name="out_r_write">9, 2, 1, 2</column>
<column name="output_V_address0">48, 9, 4, 36</column>
<column name="output_V_address1">42, 8, 4, 32</column>
<column name="output_V_ce0">25, 5, 1, 5</column>
<column name="output_V_ce1">20, 4, 1, 4</column>
<column name="output_V_d0">42, 8, 24, 192</column>
<column name="output_V_d1">31, 6, 24, 144</column>
<column name="output_V_we0">20, 4, 1, 4</column>
<column name="pool_out3_read">9, 2, 1, 2</column>
</table>
</item>
<item name = "Register"><table name="" hasTotal="1">
<keys size="5">Name, FF, LUT, Bits, Const Bits</keys>
<column name="ap_CS_fsm">13, 0, 13, 0</column>
<column name="ap_done_reg">1, 0, 1, 0</column>
<column name="grp_fc_Pipeline_VITIS_LOOP_20_1_fu_245_ap_start_reg">1, 0, 1, 0</column>
<column name="grp_fc_Pipeline_fc_copy_tostream_fu_269_ap_start_reg">1, 0, 1, 0</column>
<column name="grp_fc_Pipeline_fc_mul_weight_outer_fu_209_ap_start_reg">1, 0, 1, 0</column>
<column name="grp_softmax_fu_252_ap_start_reg">1, 0, 1, 0</column>
</table>
</item>
</section>
</item>
</section>

<section name = "Interface" level="0">
<item name = "Summary"><table name="" hasTotal="0">
<keys size="6">RTL Ports, Dir, Bits, Protocol, Source Object, C Type</keys>
<column name="ap_clk">in, 1, ap_ctrl_hs, fc, return value</column>
<column name="ap_rst">in, 1, ap_ctrl_hs, fc, return value</column>
<column name="ap_start">in, 1, ap_ctrl_hs, fc, return value</column>
<column name="ap_done">out, 1, ap_ctrl_hs, fc, return value</column>
<column name="ap_continue">in, 1, ap_ctrl_hs, fc, return value</column>
<column name="ap_idle">out, 1, ap_ctrl_hs, fc, return value</column>
<column name="ap_ready">out, 1, ap_ctrl_hs, fc, return value</column>
<column name="out_r_din">out, 24, ap_fifo, out_r, pointer</column>
<column name="out_r_full_n">in, 1, ap_fifo, out_r, pointer</column>
<column name="out_r_write">out, 1, ap_fifo, out_r, pointer</column>
<column name="pool_out3_dout">in, 24, ap_fifo, pool_out3, pointer</column>
<column name="pool_out3_empty_n">in, 1, ap_fifo, pool_out3, pointer</column>
<column name="pool_out3_read">out, 1, ap_fifo, pool_out3, pointer</column>
</table>
</item>
</section>
</profile>
