<profile>

<section name = "Vitis HLS Report for 'fc'" level="0">
<item name = "Date">Wed May  4 11:56:04 2022
</item>
<item name = "Version">2021.2 (Build 3367213 on Tue Oct 19 02:47:39 MDT 2021)</item>
<item name = "Project">CNN-HLS</item>
<item name = "Solution">solution1 (Vivado IP Flow Target)</item>
<item name = "Product family">zynq</item>
<item name = "Target device">xa7z030-fbg484-1I</item>
</section>

<section name = "Performance Estimates" level="0">
<item name = "Timing">
<section name = "" level="1">
<item name = "Summary"><table name="" hasTotal="0">
<keys size="4">Clock, Target, Estimated, Uncertainty</keys>
<column name="ap_clk">10.00 ns, 7.188 ns, 2.70 ns</column>
</table>
</item>
</section>
</item>
<item name = "Latency">
<section name = "" level="1">
<item name = "Summary"><table name="" hasTotal="0">
<keys size="8">, min, max, min, max, min, max, Type</keys>
<column name="">5540, 5540, 55.400 us, 55.400 us, 5540, 5540, no</column>
</table>
</item>
<item name = "Detail">
<section name = "" level="1">
<item name = "Instance"><table name="" hasTotal="0">
<keys size="9">Instance, Module, min, max, min, max, min, max, Type</keys>
<column name="grp_fc_Pipeline_fc_mul_weight_outer_fu_209">fc_Pipeline_fc_mul_weight_outer, 5414, 5414, 54.140 us, 54.140 us, 5414, 5414, no</column>
<column name="grp_fc_Pipeline_VITIS_LOOP_20_1_fu_245">fc_Pipeline_VITIS_LOOP_20_1, 12, 12, 0.120 us, 0.120 us, 12, 12, no</column>
<column name="grp_softmax_fu_252">softmax, 90, 90, 0.900 us, 0.900 us, 90, 90, no</column>
<column name="grp_fc_Pipeline_fc_copy_tostream_fu_269">fc_Pipeline_fc_copy_tostream, 12, 12, 0.120 us, 0.120 us, 12, 12, no</column>
</table>
</item>
<item name = "Loop"><table name="" hasTotal="0">
<keys size="8">Loop Name, min, max, Latency, achieved, target, Count, Pipelined</keys>
</table>
</item>
</section>
</item>
</section>
</item>
</section>
</profile>
