<stg><name>fc_Pipeline_VITIS_LOOP_20_1</name>


<trans_list>

<trans id="36" from="1" to="2">
<condition id="-1">
<or_exp><and_exp></and_exp></or_exp>
</condition>
</trans>
</trans_list>



<state_list>

<state id="1" st_id="2">

<operation id="5" st_id="1" stage="1" lat="1">
<core>NULL</core>
<MemPortIdVec></MemPortIdVec>
<condition id="-1">
<or_exp><and_exp></and_exp></or_exp>
</condition>

<Node id="3" bw="4" op_0_bw="32">
<![CDATA[
newFuncRoot:0 %i = alloca i32 1

]]></Node>
<StgValue><ssdm name="i"/></StgValue>
</operation>

<operation id="6" st_id="1" stage="1" lat="1">
<core>NULL</core>
<MemPortIdVec></MemPortIdVec>
<condition id="-1">
<or_exp><and_exp></and_exp></or_exp>
</condition>

<Node id="4" bw="0" op_0_bw="4" op_1_bw="4">
<![CDATA[
newFuncRoot:1 %store_ln0 = store i4 0, i4 %i

]]></Node>
<StgValue><ssdm name="store_ln0"/></StgValue>
</operation>

<operation id="7" st_id="1" stage="1" lat="1">
<core>NULL</core>
<MemPortIdVec></MemPortIdVec>
<condition id="-1">
<or_exp><and_exp></and_exp></or_exp>
</condition>

<Node id="5" bw="0" op_0_bw="0">
<![CDATA[
newFuncRoot:2 %br_ln0 = br void %_ZN13ap_fixed_baseILi25ELi11ELb1EL9ap_q_mode5EL9ap_o_mode3ELi0EEC2ILi24ELi10ELb1ELS0_0ELS1_3ELi0EEERKS_IXT_EXT0_EXT1_EXT2_EXT3_EXT4_EE.exit.i.i

]]></Node>
<StgValue><ssdm name="br_ln0"/></StgValue>
</operation>

<operation id="8" st_id="1" stage="1" lat="1">
<core>NULL</core>
<MemPortIdVec></MemPortIdVec>
<condition id="-1">
<or_exp><and_exp></and_exp></or_exp>
</condition>

<Node id="7" bw="4" op_0_bw="4" op_1_bw="0">
<![CDATA[
_ZN13ap_fixed_baseILi25ELi11ELb1EL9ap_q_mode5EL9ap_o_mode3ELi0EEC2ILi24ELi10ELb1ELS0_0ELS1_3ELi0EEERKS_IXT_EXT0_EXT1_EXT2_EXT3_EXT4_EE.exit.i.i:0 %i_4 = load i4 %i

]]></Node>
<StgValue><ssdm name="i_4"/></StgValue>
</operation>

<operation id="9" st_id="1" stage="1" lat="1">
<core>NULL</core>
<MemPortIdVec></MemPortIdVec>
<condition id="-1">
<or_exp><and_exp></and_exp></or_exp>
</condition>

<Node id="8" bw="0" op_0_bw="0" op_1_bw="32" op_2_bw="32" op_3_bw="32" op_4_bw="32" op_5_bw="0">
<![CDATA[
_ZN13ap_fixed_baseILi25ELi11ELb1EL9ap_q_mode5EL9ap_o_mode3ELi0EEC2ILi24ELi10ELb1ELS0_0ELS1_3ELi0EEERKS_IXT_EXT0_EXT1_EXT2_EXT3_EXT4_EE.exit.i.i:1 %specpipeline_ln0 = specpipeline void @_ssdm_op_SpecPipeline, i32 4294967295, i32 0, i32 1, i32 0, void @p_str

]]></Node>
<StgValue><ssdm name="specpipeline_ln0"/></StgValue>
</operation>

<operation id="10" st_id="1" stage="1" lat="1">
<core>Cmp</core>
<MemPortIdVec></MemPortIdVec>
<condition id="-1">
<or_exp><and_exp></and_exp></or_exp>
</condition>

<Node id="9" bw="1" op_0_bw="4" op_1_bw="4">
<![CDATA[
_ZN13ap_fixed_baseILi25ELi11ELb1EL9ap_q_mode5EL9ap_o_mode3ELi0EEC2ILi24ELi10ELb1ELS0_0ELS1_3ELi0EEERKS_IXT_EXT0_EXT1_EXT2_EXT3_EXT4_EE.exit.i.i:2 %icmp_ln20 = icmp_eq  i4 %i_4, i4 10

]]></Node>
<StgValue><ssdm name="icmp_ln20"/></StgValue>
</operation>

<operation id="11" st_id="1" stage="1" lat="1">
<core>NULL</core>
<MemPortIdVec></MemPortIdVec>
<condition id="-1">
<or_exp><and_exp></and_exp></or_exp>
</condition>

<Node id="10" bw="32" op_0_bw="32" op_1_bw="64" op_2_bw="64" op_3_bw="64">
<![CDATA[
_ZN13ap_fixed_baseILi25ELi11ELb1EL9ap_q_mode5EL9ap_o_mode3ELi0EEC2ILi24ELi10ELb1ELS0_0ELS1_3ELi0EEERKS_IXT_EXT0_EXT1_EXT2_EXT3_EXT4_EE.exit.i.i:3 %empty = speclooptripcount i32 @_ssdm_op_SpecLoopTripCount, i64 10, i64 10, i64 10

]]></Node>
<StgValue><ssdm name="empty"/></StgValue>
</operation>

<operation id="12" st_id="1" stage="1" lat="1">
<core>Adder</core>
<MemPortIdVec></MemPortIdVec>
<condition id="-1">
<or_exp><and_exp></and_exp></or_exp>
</condition>

<Node id="11" bw="4" op_0_bw="4" op_1_bw="4">
<![CDATA[
_ZN13ap_fixed_baseILi25ELi11ELb1EL9ap_q_mode5EL9ap_o_mode3ELi0EEC2ILi24ELi10ELb1ELS0_0ELS1_3ELi0EEERKS_IXT_EXT0_EXT1_EXT2_EXT3_EXT4_EE.exit.i.i:4 %add_ln20 = add i4 %i_4, i4 1

]]></Node>
<StgValue><ssdm name="add_ln20"/></StgValue>
</operation>

<operation id="13" st_id="1" stage="1" lat="1">
<core>NULL</core>
<MemPortIdVec></MemPortIdVec>
<condition id="-1">
<or_exp><and_exp></and_exp></or_exp>
</condition>

<Node id="12" bw="0" op_0_bw="1" op_1_bw="0" op_2_bw="0">
<![CDATA[
_ZN13ap_fixed_baseILi25ELi11ELb1EL9ap_q_mode5EL9ap_o_mode3ELi0EEC2ILi24ELi10ELb1ELS0_0ELS1_3ELi0EEERKS_IXT_EXT0_EXT1_EXT2_EXT3_EXT4_EE.exit.i.i:5 %br_ln20 = br i1 %icmp_ln20, void %_ZN13ap_fixed_baseILi25ELi11ELb1EL9ap_q_mode5EL9ap_o_mode3ELi0EEC2ILi24ELi10ELb1ELS0_0ELS1_3ELi0EEERKS_IXT_EXT0_EXT1_EXT2_EXT3_EXT4_EE.exit.i.i.split, void %.exitStub

]]></Node>
<StgValue><ssdm name="br_ln20"/></StgValue>
</operation>

<operation id="14" st_id="1" stage="1" lat="1">
<core>NULL</core>
<MemPortIdVec></MemPortIdVec>
<condition id="-1">
<or_exp><and_exp><literal name="icmp_ln20" val="0"/>
</and_exp></or_exp>
</condition>

<Node id="14" bw="64" op_0_bw="4">
<![CDATA[
_ZN13ap_fixed_baseILi25ELi11ELb1EL9ap_q_mode5EL9ap_o_mode3ELi0EEC2ILi24ELi10ELb1ELS0_0ELS1_3ELi0EEERKS_IXT_EXT0_EXT1_EXT2_EXT3_EXT4_EE.exit.i.i.split:0 %i_cast = zext i4 %i_4

]]></Node>
<StgValue><ssdm name="i_cast"/></StgValue>
</operation>

<operation id="15" st_id="1" stage="1" lat="1">
<core>NULL</core>
<MemPortIdVec></MemPortIdVec>
<condition id="-1">
<or_exp><and_exp><literal name="icmp_ln20" val="0"/>
</and_exp></or_exp>
</condition>

<Node id="16" bw="4" op_0_bw="24" op_1_bw="64" op_2_bw="64">
<![CDATA[
_ZN13ap_fixed_baseILi25ELi11ELb1EL9ap_q_mode5EL9ap_o_mode3ELi0EEC2ILi24ELi10ELb1ELS0_0ELS1_3ELi0EEERKS_IXT_EXT0_EXT1_EXT2_EXT3_EXT4_EE.exit.i.i.split:2 %output_V_addr = getelementptr i24 %output_V, i64 0, i64 %i_cast

]]></Node>
<StgValue><ssdm name="output_V_addr"/></StgValue>
</operation>

<operation id="16" st_id="1" stage="2" lat="2">
<core>RAM</core>
<MemPortIdVec>1 </MemPortIdVec>
<condition id="-1">
<or_exp><and_exp><literal name="icmp_ln20" val="0"/>
</and_exp></or_exp>
</condition>

<Node id="17" bw="24" op_0_bw="4">
<![CDATA[
_ZN13ap_fixed_baseILi25ELi11ELb1EL9ap_q_mode5EL9ap_o_mode3ELi0EEC2ILi24ELi10ELb1ELS0_0ELS1_3ELi0EEERKS_IXT_EXT0_EXT1_EXT2_EXT3_EXT4_EE.exit.i.i.split:3 %output_V_load = load i4 %output_V_addr

]]></Node>
<StgValue><ssdm name="output_V_load"/></StgValue>
</operation>

<operation id="17" st_id="1" stage="1" lat="1">
<core>NULL</core>
<MemPortIdVec></MemPortIdVec>
<condition id="-1">
<or_exp><and_exp><literal name="icmp_ln20" val="0"/>
</and_exp></or_exp>
</condition>

<Node id="18" bw="4" op_0_bw="14" op_1_bw="64" op_2_bw="64">
<![CDATA[
_ZN13ap_fixed_baseILi25ELi11ELb1EL9ap_q_mode5EL9ap_o_mode3ELi0EEC2ILi24ELi10ELb1ELS0_0ELS1_3ELi0EEERKS_IXT_EXT0_EXT1_EXT2_EXT3_EXT4_EE.exit.i.i.split:4 %fc_bias_V_addr = getelementptr i14 %fc_bias_V, i64 0, i64 %i_cast

]]></Node>
<StgValue><ssdm name="fc_bias_V_addr"/></StgValue>
</operation>

<operation id="18" st_id="1" stage="2" lat="2">
<core>ROM</core>
<MemPortIdVec>0 </MemPortIdVec>
<condition id="-1">
<or_exp><and_exp><literal name="icmp_ln20" val="0"/>
</and_exp></or_exp>
</condition>

<Node id="19" bw="14" op_0_bw="4">
<![CDATA[
_ZN13ap_fixed_baseILi25ELi11ELb1EL9ap_q_mode5EL9ap_o_mode3ELi0EEC2ILi24ELi10ELb1ELS0_0ELS1_3ELi0EEERKS_IXT_EXT0_EXT1_EXT2_EXT3_EXT4_EE.exit.i.i.split:5 %fc_bias_V_load = load i4 %fc_bias_V_addr

]]></Node>
<StgValue><ssdm name="fc_bias_V_load"/></StgValue>
</operation>

<operation id="19" st_id="1" stage="1" lat="1">
<core>NULL</core>
<MemPortIdVec></MemPortIdVec>
<condition id="-1">
<or_exp><and_exp><literal name="icmp_ln20" val="0"/>
</and_exp></or_exp>
</condition>

<Node id="23" bw="0" op_0_bw="4" op_1_bw="4" op_2_bw="0" op_3_bw="0">
<![CDATA[
_ZN13ap_fixed_baseILi25ELi11ELb1EL9ap_q_mode5EL9ap_o_mode3ELi0EEC2ILi24ELi10ELb1ELS0_0ELS1_3ELi0EEERKS_IXT_EXT0_EXT1_EXT2_EXT3_EXT4_EE.exit.i.i.split:9 %store_ln20 = store i4 %add_ln20, i4 %i

]]></Node>
<StgValue><ssdm name="store_ln20"/></StgValue>
</operation>

<operation id="27" st_id="1" stage="1" lat="1">
<core>NULL</core>
<MemPortIdVec></MemPortIdVec>
<condition id="-1">
<or_exp><and_exp><literal name="icmp_ln20" val="1"/>
</and_exp></or_exp>
</condition>

<Node id="26" bw="0">
<![CDATA[
.exitStub:0 %ret_ln0 = ret

]]></Node>
<StgValue><ssdm name="ret_ln0"/></StgValue>
</operation>
</state>

<state id="2" st_id="3">

<operation id="20" st_id="2" stage="1" lat="1">
<core>NULL</core>
<MemPortIdVec></MemPortIdVec>
<condition id="-1">
<or_exp><and_exp></and_exp></or_exp>
</condition>

<Node id="15" bw="0" op_0_bw="0" op_1_bw="0">
<![CDATA[
_ZN13ap_fixed_baseILi25ELi11ELb1EL9ap_q_mode5EL9ap_o_mode3ELi0EEC2ILi24ELi10ELb1ELS0_0ELS1_3ELi0EEERKS_IXT_EXT0_EXT1_EXT2_EXT3_EXT4_EE.exit.i.i.split:1 %specloopname_ln20 = specloopname void @_ssdm_op_SpecLoopName, void @empty_3

]]></Node>
<StgValue><ssdm name="specloopname_ln20"/></StgValue>
</operation>

<operation id="21" st_id="2" stage="1" lat="2">
<core>RAM</core>
<MemPortIdVec>1 </MemPortIdVec>
<condition id="-1">
<or_exp><and_exp></and_exp></or_exp>
</condition>

<Node id="17" bw="24" op_0_bw="4">
<![CDATA[
_ZN13ap_fixed_baseILi25ELi11ELb1EL9ap_q_mode5EL9ap_o_mode3ELi0EEC2ILi24ELi10ELb1ELS0_0ELS1_3ELi0EEERKS_IXT_EXT0_EXT1_EXT2_EXT3_EXT4_EE.exit.i.i.split:3 %output_V_load = load i4 %output_V_addr

]]></Node>
<StgValue><ssdm name="output_V_load"/></StgValue>
</operation>

<operation id="22" st_id="2" stage="1" lat="2">
<core>ROM</core>
<MemPortIdVec>0 </MemPortIdVec>
<condition id="-1">
<or_exp><and_exp></and_exp></or_exp>
</condition>

<Node id="19" bw="14" op_0_bw="4">
<![CDATA[
_ZN13ap_fixed_baseILi25ELi11ELb1EL9ap_q_mode5EL9ap_o_mode3ELi0EEC2ILi24ELi10ELb1ELS0_0ELS1_3ELi0EEERKS_IXT_EXT0_EXT1_EXT2_EXT3_EXT4_EE.exit.i.i.split:5 %fc_bias_V_load = load i4 %fc_bias_V_addr

]]></Node>
<StgValue><ssdm name="fc_bias_V_load"/></StgValue>
</operation>

<operation id="23" st_id="2" stage="1" lat="1">
<core>NULL</core>
<MemPortIdVec></MemPortIdVec>
<condition id="-1">
<or_exp><and_exp></and_exp></or_exp>
</condition>

<Node id="20" bw="24" op_0_bw="14">
<![CDATA[
_ZN13ap_fixed_baseILi25ELi11ELb1EL9ap_q_mode5EL9ap_o_mode3ELi0EEC2ILi24ELi10ELb1ELS0_0ELS1_3ELi0EEERKS_IXT_EXT0_EXT1_EXT2_EXT3_EXT4_EE.exit.i.i.split:6 %fc_bias_V_load_cast = sext i14 %fc_bias_V_load

]]></Node>
<StgValue><ssdm name="fc_bias_V_load_cast"/></StgValue>
</operation>

<operation id="24" st_id="2" stage="1" lat="1">
<core>Adder</core>
<MemPortIdVec></MemPortIdVec>
<condition id="-1">
<or_exp><and_exp></and_exp></or_exp>
</condition>

<Node id="21" bw="24" op_0_bw="24" op_1_bw="24">
<![CDATA[
_ZN13ap_fixed_baseILi25ELi11ELb1EL9ap_q_mode5EL9ap_o_mode3ELi0EEC2ILi24ELi10ELb1ELS0_0ELS1_3ELi0EEERKS_IXT_EXT0_EXT1_EXT2_EXT3_EXT4_EE.exit.i.i.split:7 %add_ln712 = add i24 %output_V_load, i24 %fc_bias_V_load_cast

]]></Node>
<StgValue><ssdm name="add_ln712"/></StgValue>
</operation>

<operation id="25" st_id="2" stage="1" lat="1">
<core>RAM</core>
<MemPortIdVec>0 </MemPortIdVec>
<condition id="-1">
<or_exp><and_exp></and_exp></or_exp>
</condition>

<Node id="22" bw="0" op_0_bw="24" op_1_bw="4" op_2_bw="0">
<![CDATA[
_ZN13ap_fixed_baseILi25ELi11ELb1EL9ap_q_mode5EL9ap_o_mode3ELi0EEC2ILi24ELi10ELb1ELS0_0ELS1_3ELi0EEERKS_IXT_EXT0_EXT1_EXT2_EXT3_EXT4_EE.exit.i.i.split:8 %store_ln712 = store i24 %add_ln712, i4 %output_V_addr

]]></Node>
<StgValue><ssdm name="store_ln712"/></StgValue>
</operation>

<operation id="26" st_id="2" stage="1" lat="1">
<core>NULL</core>
<MemPortIdVec></MemPortIdVec>
<condition id="-1">
<or_exp><and_exp></and_exp></or_exp>
</condition>

<Node id="24" bw="0" op_0_bw="0">
<![CDATA[
_ZN13ap_fixed_baseILi25ELi11ELb1EL9ap_q_mode5EL9ap_o_mode3ELi0EEC2ILi24ELi10ELb1ELS0_0ELS1_3ELi0EEERKS_IXT_EXT0_EXT1_EXT2_EXT3_EXT4_EE.exit.i.i.split:10 %br_ln0 = br void %_ZN13ap_fixed_baseILi25ELi11ELb1EL9ap_q_mode5EL9ap_o_mode3ELi0EEC2ILi24ELi10ELb1ELS0_0ELS1_3ELi0EEERKS_IXT_EXT0_EXT1_EXT2_EXT3_EXT4_EE.exit.i.i

]]></Node>
<StgValue><ssdm name="br_ln0"/></StgValue>
</operation>
</state>
</state_list>


<ports>
<port id="37" name="output_V" dir="2" iftype="1">
<core>RAM</core><StgValue><ssdm name="output_V"/><MemPortTyVec>0 1 </MemPortTyVec>
</StgValue>
</port>
<port id="38" name="fc_bias_V" dir="0" iftype="1">
<core>ROM</core><StgValue><ssdm name="fc_bias_V"/><MemPortTyVec>1 </MemPortTyVec>
</StgValue>
</port>
</ports>


<dataflows>
<dataflow id="40" from="StgValue_39" to="i" fromId="39" toId="5">
</dataflow>
<dataflow id="42" from="StgValue_41" to="store_ln0" fromId="41" toId="6">
</dataflow>
<dataflow id="43" from="i" to="store_ln0" fromId="5" toId="6">
</dataflow>
<dataflow id="44" from="i" to="i_4" fromId="5" toId="8">
</dataflow>
<dataflow id="46" from="_ssdm_op_SpecPipeline" to="specpipeline_ln0" fromId="45" toId="9">
</dataflow>
<dataflow id="48" from="StgValue_47" to="specpipeline_ln0" fromId="47" toId="9">
</dataflow>
<dataflow id="50" from="StgValue_49" to="specpipeline_ln0" fromId="49" toId="9">
</dataflow>
<dataflow id="51" from="StgValue_39" to="specpipeline_ln0" fromId="39" toId="9">
</dataflow>
<dataflow id="52" from="StgValue_49" to="specpipeline_ln0" fromId="49" toId="9">
</dataflow>
<dataflow id="54" from="p_str" to="specpipeline_ln0" fromId="53" toId="9">
</dataflow>
<dataflow id="55" from="i_4" to="icmp_ln20" fromId="8" toId="10">
</dataflow>
<dataflow id="57" from="StgValue_56" to="icmp_ln20" fromId="56" toId="10">
</dataflow>
<dataflow id="59" from="_ssdm_op_SpecLoopTripCount" to="empty" fromId="58" toId="11">
</dataflow>
<dataflow id="61" from="StgValue_60" to="empty" fromId="60" toId="11">
</dataflow>
<dataflow id="62" from="StgValue_60" to="empty" fromId="60" toId="11">
</dataflow>
<dataflow id="63" from="StgValue_60" to="empty" fromId="60" toId="11">
</dataflow>
<dataflow id="64" from="i_4" to="add_ln20" fromId="8" toId="12">
</dataflow>
<dataflow id="66" from="StgValue_65" to="add_ln20" fromId="65" toId="12">
</dataflow>
<dataflow id="67" from="icmp_ln20" to="br_ln20" fromId="10" toId="13">
</dataflow>
<dataflow id="68" from="i_4" to="i_cast" fromId="8" toId="14">
</dataflow>
<dataflow id="69" from="output_V" to="output_V_addr" fromId="37" toId="15">
</dataflow>
<dataflow id="71" from="StgValue_70" to="output_V_addr" fromId="70" toId="15">
</dataflow>
<dataflow id="72" from="i_cast" to="output_V_addr" fromId="14" toId="15">
</dataflow>
<dataflow id="73" from="output_V_addr" to="output_V_load" fromId="15" toId="16">
</dataflow>
<dataflow id="74" from="fc_bias_V" to="fc_bias_V_addr" fromId="38" toId="17">
</dataflow>
<dataflow id="75" from="StgValue_70" to="fc_bias_V_addr" fromId="70" toId="17">
</dataflow>
<dataflow id="76" from="i_cast" to="fc_bias_V_addr" fromId="14" toId="17">
</dataflow>
<dataflow id="77" from="fc_bias_V_addr" to="fc_bias_V_load" fromId="17" toId="18">
</dataflow>
<dataflow id="78" from="add_ln20" to="store_ln20" fromId="12" toId="19">
</dataflow>
<dataflow id="79" from="i" to="store_ln20" fromId="5" toId="19">
</dataflow>
<dataflow id="81" from="_ssdm_op_SpecLoopName" to="specloopname_ln20" fromId="80" toId="20">
</dataflow>
<dataflow id="83" from="empty_3" to="specloopname_ln20" fromId="82" toId="20">
</dataflow>
<dataflow id="84" from="output_V_addr" to="output_V_load" fromId="15" toId="21">
</dataflow>
<dataflow id="85" from="fc_bias_V_addr" to="fc_bias_V_load" fromId="17" toId="22">
</dataflow>
<dataflow id="86" from="fc_bias_V_load" to="fc_bias_V_load_cast" fromId="22" toId="23">
</dataflow>
<dataflow id="87" from="output_V_load" to="add_ln712" fromId="21" toId="24">
</dataflow>
<dataflow id="88" from="fc_bias_V_load_cast" to="add_ln712" fromId="23" toId="24">
</dataflow>
<dataflow id="89" from="add_ln712" to="store_ln712" fromId="24" toId="25">
</dataflow>
<dataflow id="90" from="output_V_addr" to="store_ln712" fromId="15" toId="25">
</dataflow>
<dataflow id="91" from="icmp_ln20" to="StgValue_2" fromId="10" toId="2">
</dataflow>
</dataflows>


</stg>
