<profile>

<section name = "Vitis HLS Report for 'fc_Pipeline_fc_mul_weight_outer'" level="0">
<item name = "Date">Wed May  4 11:56:08 2022
</item>
<item name = "Version">2021.2 (Build 3367213 on Tue Oct 19 02:47:39 MDT 2021)</item>
<item name = "Project">CNN-HLS</item>
<item name = "Solution">solution1 (Vivado IP Flow Target)</item>
<item name = "Product family">zynq</item>
<item name = "Target device">xa7z030-fbg484-1I</item>
</section>

<section name = "Performance Estimates" level="0">
<item name = "Timing">
<section name = "" level="1">
<item name = "Summary"><table name="" hasTotal="0">
<keys size="4">Clock, Target, Estimated, Uncertainty</keys>
<column name="ap_clk">10.00 ns, 6.699 ns, 2.70 ns</column>
</table>
</item>
</section>
</item>
<item name = "Latency">
<section name = "" level="1">
<item name = "Summary"><table name="" hasTotal="0">
<keys size="8">, min, max, min, max, min, max, Type</keys>
<column name="">5414, 5414, 54.140 us, 54.140 us, 5414, 5414, no</column>
</table>
</item>
<item name = "Detail">
<section name = "" level="1">
<item name = "Instance"><table name="" hasTotal="0">
<keys size="9">Instance, Module, min, max, min, max, min, max, Type</keys>
</table>
</item>
<item name = "Loop"><table name="" hasTotal="0">
<keys size="8">Loop Name, min, max, Latency, achieved, target, Count, Pipelined</keys>
<column name="- fc_mul_weight_outer">5412, 5412, 6, 1, 1, 5408, yes</column>
</table>
</item>
</section>
</item>
</section>
</item>
</section>

<section name = "Utilization Estimates" level="0">
<item name = "Summary"><table name="" hasTotal="1">
<keys size="6">Name, BRAM_18K, DSP, FF, LUT, URAM</keys>
<column name="DSP">-, 10, -, -, -</column>
<column name="Expression">-, -, 0, 790, -</column>
<column name="FIFO">-, -, -, -, -</column>
<column name="Instance">-, -, -, -, -</column>
<column name="Memory">80, -, 0, 0, -</column>
<column name="Multiplexer">-, -, -, 135, -</column>
<column name="Register">-, -, 719, 32, -</column>
<specialColumn name="Available">530, 400, 157200, 78600, 0</specialColumn>
<specialColumn name="Utilization (%)">15, 2, ~0, 1, 0</specialColumn>
</table>
</item>
<item name = "Detail">
<section name = "" level="1">
<item name = "Instance"><table name="" hasTotal="1">
<keys size="7">Instance, Module, BRAM_18K, DSP, FF, LUT, URAM</keys>
</table>
</item>
<item name = "DSP"><table name="" hasTotal="0">
<keys size="3">Instance, Module, Expression</keys>
<column name="mul_mul_24s_15s_39_4_1_U32">mul_mul_24s_15s_39_4_1, i0 * i1</column>
<column name="mul_mul_24s_15s_39_4_1_U33">mul_mul_24s_15s_39_4_1, i0 * i1</column>
<column name="mul_mul_24s_15s_39_4_1_U34">mul_mul_24s_15s_39_4_1, i0 * i1</column>
<column name="mul_mul_24s_15s_39_4_1_U35">mul_mul_24s_15s_39_4_1, i0 * i1</column>
<column name="mul_mul_24s_15s_39_4_1_U36">mul_mul_24s_15s_39_4_1, i0 * i1</column>
<column name="mul_mul_24s_15s_39_4_1_U38">mul_mul_24s_15s_39_4_1, i0 * i1</column>
<column name="mul_mul_24s_15s_39_4_1_U39">mul_mul_24s_15s_39_4_1, i0 * i1</column>
<column name="mul_mul_24s_15s_39_4_1_U40">mul_mul_24s_15s_39_4_1, i0 * i1</column>
<column name="mul_mul_24s_15s_39_4_1_U41">mul_mul_24s_15s_39_4_1, i0 * i1</column>
<column name="mul_mul_24s_16s_40_4_1_U37">mul_mul_24s_16s_40_4_1, i0 * i1</column>
</table>
</item>
<item name = "Memory"><table name="" hasTotal="1">
<keys size="10">Memory, Module, BRAM_18K, FF, LUT, URAM, Words, Bits, Banks, W*Bits*Banks</keys>
<column name="fc_weights_V_0_U">fc_Pipeline_fc_mul_weight_outer_fc_weights_V_0_ROM_AUTO_1R, 8, 0, 0, 0, 5408, 15, 1, 81120</column>
<column name="fc_weights_V_1_U">fc_Pipeline_fc_mul_weight_outer_fc_weights_V_1_ROM_AUTO_1R, 8, 0, 0, 0, 5408, 15, 1, 81120</column>
<column name="fc_weights_V_2_U">fc_Pipeline_fc_mul_weight_outer_fc_weights_V_2_ROM_AUTO_1R, 8, 0, 0, 0, 5408, 15, 1, 81120</column>
<column name="fc_weights_V_3_U">fc_Pipeline_fc_mul_weight_outer_fc_weights_V_3_ROM_AUTO_1R, 8, 0, 0, 0, 5408, 15, 1, 81120</column>
<column name="fc_weights_V_4_U">fc_Pipeline_fc_mul_weight_outer_fc_weights_V_4_ROM_AUTO_1R, 8, 0, 0, 0, 5408, 15, 1, 81120</column>
<column name="fc_weights_V_5_U">fc_Pipeline_fc_mul_weight_outer_fc_weights_V_5_ROM_AUTO_1R, 8, 0, 0, 0, 5408, 16, 1, 86528</column>
<column name="fc_weights_V_6_U">fc_Pipeline_fc_mul_weight_outer_fc_weights_V_6_ROM_AUTO_1R, 8, 0, 0, 0, 5408, 15, 1, 81120</column>
<column name="fc_weights_V_7_U">fc_Pipeline_fc_mul_weight_outer_fc_weights_V_7_ROM_AUTO_1R, 8, 0, 0, 0, 5408, 15, 1, 81120</column>
<column name="fc_weights_V_8_U">fc_Pipeline_fc_mul_weight_outer_fc_weights_V_8_ROM_AUTO_1R, 8, 0, 0, 0, 5408, 15, 1, 81120</column>
<column name="fc_weights_V_9_U">fc_Pipeline_fc_mul_weight_outer_fc_weights_V_9_ROM_AUTO_1R, 8, 0, 0, 0, 5408, 15, 1, 81120</column>
</table>
</item>
<item name = "FIFO"><table name="" hasTotal="1">
<keys size="8">Name, BRAM_18K, FF, LUT, URAM, Depth, Bits, Size:D*B</keys>
</table>
</item>
<item name = "Expression"><table name="" hasTotal="1">
<keys size="7">Variable Name, Operation, DSP, FF, LUT, Bitwidth P0, Bitwidth P1</keys>
<column name="add_ln11_fu_406_p2">+, 0, 0, 14, 13, 1</column>
<column name="add_ln415_1_fu_667_p2">+, 0, 0, 31, 24, 24</column>
<column name="add_ln415_2_fu_699_p2">+, 0, 0, 31, 24, 24</column>
<column name="add_ln415_3_fu_731_p2">+, 0, 0, 31, 24, 24</column>
<column name="add_ln415_4_fu_763_p2">+, 0, 0, 31, 24, 24</column>
<column name="add_ln415_5_fu_795_p2">+, 0, 0, 31, 24, 24</column>
<column name="add_ln415_6_fu_827_p2">+, 0, 0, 31, 24, 24</column>
<column name="add_ln415_7_fu_859_p2">+, 0, 0, 31, 24, 24</column>
<column name="add_ln415_8_fu_891_p2">+, 0, 0, 31, 24, 24</column>
<column name="add_ln415_9_fu_923_p2">+, 0, 0, 31, 24, 24</column>
<column name="add_ln415_fu_635_p2">+, 0, 0, 31, 24, 24</column>
<column name="ret_V_10_fu_841_p2">+, 0, 0, 45, 38, 38</column>
<column name="ret_V_11_fu_873_p2">+, 0, 0, 45, 38, 38</column>
<column name="ret_V_12_fu_905_p2">+, 0, 0, 45, 38, 38</column>
<column name="ret_V_4_fu_649_p2">+, 0, 0, 45, 38, 38</column>
<column name="ret_V_5_fu_681_p2">+, 0, 0, 45, 38, 38</column>
<column name="ret_V_6_fu_713_p2">+, 0, 0, 45, 38, 38</column>
<column name="ret_V_7_fu_745_p2">+, 0, 0, 45, 38, 38</column>
<column name="ret_V_8_fu_777_p2">+, 0, 0, 45, 38, 38</column>
<column name="ret_V_9_fu_809_p2">+, 0, 0, 45, 38, 38</column>
<column name="ret_V_fu_617_p2">+, 0, 0, 45, 38, 38</column>
<column name="ap_block_pp0_stage0_01001">and, 0, 0, 2, 1, 1</column>
<column name="icmp_ln11_fu_400_p2">icmp, 0, 0, 12, 13, 13</column>
<column name="ap_enable_pp0">xor, 0, 0, 2, 1, 2</column>
</table>
</item>
<item name = "Multiplexer"><table name="" hasTotal="1">
<keys size="5">Name, LUT, Input Size, Bits, Total Bits</keys>
<column name="ap_done_int">9, 2, 1, 2</column>
<column name="ap_enable_reg_pp0_iter1">9, 2, 1, 2</column>
<column name="ap_sig_allocacmp_j_1">9, 2, 13, 26</column>
<column name="j_fu_132">9, 2, 13, 26</column>
<column name="lhs_11_fu_112">9, 2, 24, 48</column>
<column name="lhs_13_fu_116">9, 2, 24, 48</column>
<column name="lhs_15_fu_120">9, 2, 24, 48</column>
<column name="lhs_17_fu_124">9, 2, 24, 48</column>
<column name="lhs_19_fu_128">9, 2, 24, 48</column>
<column name="lhs_3_fu_96">9, 2, 24, 48</column>
<column name="lhs_5_fu_100">9, 2, 24, 48</column>
<column name="lhs_7_fu_104">9, 2, 24, 48</column>
<column name="lhs_9_fu_108">9, 2, 24, 48</column>
<column name="lhs_fu_92">9, 2, 24, 48</column>
<column name="pool_out3_blk_n">9, 2, 1, 2</column>
</table>
</item>
<item name = "Register"><table name="" hasTotal="1">
<keys size="5">Name, FF, LUT, Bits, Const Bits</keys>
<column name="ap_CS_fsm">1, 0, 1, 0</column>
<column name="ap_done_reg">1, 0, 1, 0</column>
<column name="ap_enable_reg_pp0_iter1">1, 0, 1, 0</column>
<column name="ap_enable_reg_pp0_iter2">1, 0, 1, 0</column>
<column name="ap_enable_reg_pp0_iter3">1, 0, 1, 0</column>
<column name="ap_enable_reg_pp0_iter4">1, 0, 1, 0</column>
<column name="ap_enable_reg_pp0_iter5">1, 0, 1, 0</column>
<column name="ap_loop_exit_ready_pp0_iter1_reg">1, 0, 1, 0</column>
<column name="ap_loop_exit_ready_pp0_iter2_reg">1, 0, 1, 0</column>
<column name="ap_loop_exit_ready_pp0_iter3_reg">1, 0, 1, 0</column>
<column name="ap_loop_exit_ready_pp0_iter4_reg">1, 0, 1, 0</column>
<column name="icmp_ln11_reg_1186">1, 0, 1, 0</column>
<column name="j_fu_132">13, 0, 13, 0</column>
<column name="lhs_11_fu_112">24, 0, 24, 0</column>
<column name="lhs_13_fu_116">24, 0, 24, 0</column>
<column name="lhs_15_fu_120">24, 0, 24, 0</column>
<column name="lhs_17_fu_124">24, 0, 24, 0</column>
<column name="lhs_19_fu_128">24, 0, 24, 0</column>
<column name="lhs_3_fu_96">24, 0, 24, 0</column>
<column name="lhs_5_fu_100">24, 0, 24, 0</column>
<column name="lhs_7_fu_104">24, 0, 24, 0</column>
<column name="lhs_9_fu_108">24, 0, 24, 0</column>
<column name="lhs_fu_92">24, 0, 24, 0</column>
<column name="tmp_78_reg_1323">1, 0, 1, 0</column>
<column name="tmp_79_reg_1333">1, 0, 1, 0</column>
<column name="tmp_80_reg_1343">1, 0, 1, 0</column>
<column name="tmp_81_reg_1353">1, 0, 1, 0</column>
<column name="tmp_82_reg_1363">1, 0, 1, 0</column>
<column name="tmp_83_reg_1373">1, 0, 1, 0</column>
<column name="tmp_84_reg_1383">1, 0, 1, 0</column>
<column name="tmp_85_reg_1393">1, 0, 1, 0</column>
<column name="tmp_86_reg_1403">1, 0, 1, 0</column>
<column name="tmp_reg_1313">1, 0, 1, 0</column>
<column name="trunc_ln1245_1_reg_1318">38, 0, 38, 0</column>
<column name="trunc_ln1245_2_reg_1328">38, 0, 38, 0</column>
<column name="trunc_ln1245_3_reg_1338">38, 0, 38, 0</column>
<column name="trunc_ln1245_4_reg_1348">38, 0, 38, 0</column>
<column name="trunc_ln1245_5_reg_1358">38, 0, 38, 0</column>
<column name="trunc_ln1245_6_reg_1368">38, 0, 38, 0</column>
<column name="trunc_ln1245_7_reg_1378">38, 0, 38, 0</column>
<column name="trunc_ln1245_8_reg_1388">38, 0, 38, 0</column>
<column name="trunc_ln1245_9_reg_1398">38, 0, 38, 0</column>
<column name="trunc_ln1245_reg_1308">38, 0, 38, 0</column>
<column name="icmp_ln11_reg_1186">64, 32, 1, 0</column>
</table>
</item>
</section>
</item>
</section>

<section name = "Interface" level="0">
<item name = "Summary"><table name="" hasTotal="0">
<keys size="6">RTL Ports, Dir, Bits, Protocol, Source Object, C Type</keys>
<column name="ap_clk">in, 1, ap_ctrl_hs, fc_Pipeline_fc_mul_weight_outer, return value</column>
<column name="ap_rst">in, 1, ap_ctrl_hs, fc_Pipeline_fc_mul_weight_outer, return value</column>
<column name="ap_start">in, 1, ap_ctrl_hs, fc_Pipeline_fc_mul_weight_outer, return value</column>
<column name="ap_done">out, 1, ap_ctrl_hs, fc_Pipeline_fc_mul_weight_outer, return value</column>
<column name="ap_idle">out, 1, ap_ctrl_hs, fc_Pipeline_fc_mul_weight_outer, return value</column>
<column name="ap_ready">out, 1, ap_ctrl_hs, fc_Pipeline_fc_mul_weight_outer, return value</column>
<column name="pool_out3_dout">in, 24, ap_fifo, pool_out3, pointer</column>
<column name="pool_out3_empty_n">in, 1, ap_fifo, pool_out3, pointer</column>
<column name="pool_out3_read">out, 1, ap_fifo, pool_out3, pointer</column>
<column name="lhs_19_out">out, 24, ap_vld, lhs_19_out, pointer</column>
<column name="lhs_19_out_ap_vld">out, 1, ap_vld, lhs_19_out, pointer</column>
<column name="lhs_17_out">out, 24, ap_vld, lhs_17_out, pointer</column>
<column name="lhs_17_out_ap_vld">out, 1, ap_vld, lhs_17_out, pointer</column>
<column name="lhs_15_out">out, 24, ap_vld, lhs_15_out, pointer</column>
<column name="lhs_15_out_ap_vld">out, 1, ap_vld, lhs_15_out, pointer</column>
<column name="lhs_13_out">out, 24, ap_vld, lhs_13_out, pointer</column>
<column name="lhs_13_out_ap_vld">out, 1, ap_vld, lhs_13_out, pointer</column>
<column name="lhs_11_out">out, 24, ap_vld, lhs_11_out, pointer</column>
<column name="lhs_11_out_ap_vld">out, 1, ap_vld, lhs_11_out, pointer</column>
<column name="lhs_9_out">out, 24, ap_vld, lhs_9_out, pointer</column>
<column name="lhs_9_out_ap_vld">out, 1, ap_vld, lhs_9_out, pointer</column>
<column name="lhs_7_out">out, 24, ap_vld, lhs_7_out, pointer</column>
<column name="lhs_7_out_ap_vld">out, 1, ap_vld, lhs_7_out, pointer</column>
<column name="lhs_5_out">out, 24, ap_vld, lhs_5_out, pointer</column>
<column name="lhs_5_out_ap_vld">out, 1, ap_vld, lhs_5_out, pointer</column>
<column name="lhs_3_out">out, 24, ap_vld, lhs_3_out, pointer</column>
<column name="lhs_3_out_ap_vld">out, 1, ap_vld, lhs_3_out, pointer</column>
<column name="lhs_out">out, 24, ap_vld, lhs_out, pointer</column>
<column name="lhs_out_ap_vld">out, 1, ap_vld, lhs_out, pointer</column>
</table>
</item>
</section>
</profile>
