<stg><name>fc_Pipeline_fc_copy_tostream</name>


<trans_list>

<trans id="32" from="1" to="2">
<condition id="-1">
<or_exp><and_exp></and_exp></or_exp>
</condition>
</trans>
</trans_list>



<state_list>

<state id="1" st_id="2">

<operation id="5" st_id="1" stage="1" lat="1">
<core>NULL</core>
<MemPortIdVec></MemPortIdVec>
<condition id="-1">
<or_exp><and_exp></and_exp></or_exp>
</condition>

<Node id="3" bw="4" op_0_bw="32">
<![CDATA[
newFuncRoot:0 %i_3 = alloca i32 1

]]></Node>
<StgValue><ssdm name="i_3"/></StgValue>
</operation>

<operation id="6" st_id="1" stage="1" lat="1">
<core>NULL</core>
<MemPortIdVec></MemPortIdVec>
<condition id="-1">
<or_exp><and_exp></and_exp></or_exp>
</condition>

<Node id="4" bw="0" op_0_bw="0" op_1_bw="24" op_2_bw="0" op_3_bw="32" op_4_bw="32" op_5_bw="0" op_6_bw="32" op_7_bw="32" op_8_bw="0" op_9_bw="0" op_10_bw="0" op_11_bw="32" op_12_bw="32" op_13_bw="32" op_14_bw="32" op_15_bw="0" op_16_bw="0">
<![CDATA[
newFuncRoot:1 %specinterface_ln0 = specinterface void @_ssdm_op_SpecInterface, i24 %out_r, void @empty_10, i32 0, i32 0, void @empty_4, i32 0, i32 0, void @empty_4, void @empty_4, void @empty_4, i32 0, i32 0, i32 0, i32 0, void @empty_4, void @empty_4

]]></Node>
<StgValue><ssdm name="specinterface_ln0"/></StgValue>
</operation>

<operation id="7" st_id="1" stage="1" lat="1">
<core>NULL</core>
<MemPortIdVec></MemPortIdVec>
<condition id="-1">
<or_exp><and_exp></and_exp></or_exp>
</condition>

<Node id="5" bw="0" op_0_bw="4" op_1_bw="4">
<![CDATA[
newFuncRoot:2 %store_ln0 = store i4 0, i4 %i_3

]]></Node>
<StgValue><ssdm name="store_ln0"/></StgValue>
</operation>

<operation id="8" st_id="1" stage="1" lat="1">
<core>NULL</core>
<MemPortIdVec></MemPortIdVec>
<condition id="-1">
<or_exp><and_exp></and_exp></or_exp>
</condition>

<Node id="6" bw="0" op_0_bw="0">
<![CDATA[
newFuncRoot:3 %br_ln0 = br void

]]></Node>
<StgValue><ssdm name="br_ln0"/></StgValue>
</operation>

<operation id="9" st_id="1" stage="1" lat="1">
<core>NULL</core>
<MemPortIdVec></MemPortIdVec>
<condition id="-1">
<or_exp><and_exp></and_exp></or_exp>
</condition>

<Node id="8" bw="4" op_0_bw="4" op_1_bw="0">
<![CDATA[
:0 %i = load i4 %i_3

]]></Node>
<StgValue><ssdm name="i"/></StgValue>
</operation>

<operation id="10" st_id="1" stage="1" lat="1">
<core>NULL</core>
<MemPortIdVec></MemPortIdVec>
<condition id="-1">
<or_exp><and_exp></and_exp></or_exp>
</condition>

<Node id="9" bw="0" op_0_bw="0" op_1_bw="32" op_2_bw="32" op_3_bw="32" op_4_bw="32" op_5_bw="0">
<![CDATA[
:1 %specpipeline_ln0 = specpipeline void @_ssdm_op_SpecPipeline, i32 4294967295, i32 0, i32 1, i32 0, void @p_str

]]></Node>
<StgValue><ssdm name="specpipeline_ln0"/></StgValue>
</operation>

<operation id="11" st_id="1" stage="1" lat="1">
<core>Cmp</core>
<MemPortIdVec></MemPortIdVec>
<condition id="-1">
<or_exp><and_exp></and_exp></or_exp>
</condition>

<Node id="10" bw="1" op_0_bw="4" op_1_bw="4">
<![CDATA[
:2 %icmp_ln38 = icmp_eq  i4 %i, i4 10

]]></Node>
<StgValue><ssdm name="icmp_ln38"/></StgValue>
</operation>

<operation id="12" st_id="1" stage="1" lat="1">
<core>NULL</core>
<MemPortIdVec></MemPortIdVec>
<condition id="-1">
<or_exp><and_exp></and_exp></or_exp>
</condition>

<Node id="11" bw="32" op_0_bw="32" op_1_bw="64" op_2_bw="64" op_3_bw="64">
<![CDATA[
:3 %empty = speclooptripcount i32 @_ssdm_op_SpecLoopTripCount, i64 10, i64 10, i64 10

]]></Node>
<StgValue><ssdm name="empty"/></StgValue>
</operation>

<operation id="13" st_id="1" stage="1" lat="1">
<core>Adder</core>
<MemPortIdVec></MemPortIdVec>
<condition id="-1">
<or_exp><and_exp></and_exp></or_exp>
</condition>

<Node id="12" bw="4" op_0_bw="4" op_1_bw="4">
<![CDATA[
:4 %add_ln38 = add i4 %i, i4 1

]]></Node>
<StgValue><ssdm name="add_ln38"/></StgValue>
</operation>

<operation id="14" st_id="1" stage="1" lat="1">
<core>NULL</core>
<MemPortIdVec></MemPortIdVec>
<condition id="-1">
<or_exp><and_exp></and_exp></or_exp>
</condition>

<Node id="13" bw="0" op_0_bw="1" op_1_bw="0" op_2_bw="0">
<![CDATA[
:5 %br_ln38 = br i1 %icmp_ln38, void %.split, void %.exitStub

]]></Node>
<StgValue><ssdm name="br_ln38"/></StgValue>
</operation>

<operation id="15" st_id="1" stage="1" lat="1">
<core>NULL</core>
<MemPortIdVec></MemPortIdVec>
<condition id="-1">
<or_exp><and_exp><literal name="icmp_ln38" val="0"/>
</and_exp></or_exp>
</condition>

<Node id="15" bw="64" op_0_bw="4">
<![CDATA[
.split:0 %i_4_cast = zext i4 %i

]]></Node>
<StgValue><ssdm name="i_4_cast"/></StgValue>
</operation>

<operation id="16" st_id="1" stage="1" lat="1">
<core>NULL</core>
<MemPortIdVec></MemPortIdVec>
<condition id="-1">
<or_exp><and_exp><literal name="icmp_ln38" val="0"/>
</and_exp></or_exp>
</condition>

<Node id="17" bw="4" op_0_bw="24" op_1_bw="64" op_2_bw="64">
<![CDATA[
.split:2 %output_V_addr = getelementptr i24 %output_V, i64 0, i64 %i_4_cast

]]></Node>
<StgValue><ssdm name="output_V_addr"/></StgValue>
</operation>

<operation id="17" st_id="1" stage="2" lat="2">
<core>RAM</core>
<MemPortIdVec>0 </MemPortIdVec>
<condition id="-1">
<or_exp><and_exp><literal name="icmp_ln38" val="0"/>
</and_exp></or_exp>
</condition>

<Node id="18" bw="24" op_0_bw="4">
<![CDATA[
.split:3 %output_V_load = load i4 %output_V_addr

]]></Node>
<StgValue><ssdm name="output_V_load"/></StgValue>
</operation>

<operation id="18" st_id="1" stage="1" lat="1">
<core>NULL</core>
<MemPortIdVec></MemPortIdVec>
<condition id="-1">
<or_exp><and_exp><literal name="icmp_ln38" val="0"/>
</and_exp></or_exp>
</condition>

<Node id="20" bw="0" op_0_bw="4" op_1_bw="4" op_2_bw="0" op_3_bw="0">
<![CDATA[
.split:5 %store_ln38 = store i4 %add_ln38, i4 %i_3

]]></Node>
<StgValue><ssdm name="store_ln38"/></StgValue>
</operation>

<operation id="23" st_id="1" stage="1" lat="1">
<core>NULL</core>
<MemPortIdVec></MemPortIdVec>
<condition id="-1">
<or_exp><and_exp><literal name="icmp_ln38" val="1"/>
</and_exp></or_exp>
</condition>

<Node id="23" bw="0">
<![CDATA[
.exitStub:0 %ret_ln0 = ret

]]></Node>
<StgValue><ssdm name="ret_ln0"/></StgValue>
</operation>
</state>

<state id="2" st_id="3">

<operation id="19" st_id="2" stage="1" lat="1">
<core>NULL</core>
<MemPortIdVec></MemPortIdVec>
<condition id="-1">
<or_exp><and_exp></and_exp></or_exp>
</condition>

<Node id="16" bw="0" op_0_bw="0" op_1_bw="0">
<![CDATA[
.split:1 %specloopname_ln38 = specloopname void @_ssdm_op_SpecLoopName, void @empty

]]></Node>
<StgValue><ssdm name="specloopname_ln38"/></StgValue>
</operation>

<operation id="20" st_id="2" stage="1" lat="2">
<core>RAM</core>
<MemPortIdVec>0 </MemPortIdVec>
<condition id="-1">
<or_exp><and_exp></and_exp></or_exp>
</condition>

<Node id="18" bw="24" op_0_bw="4">
<![CDATA[
.split:3 %output_V_load = load i4 %output_V_addr

]]></Node>
<StgValue><ssdm name="output_V_load"/></StgValue>
</operation>

<operation id="21" st_id="2" stage="1" lat="1">
<core>FIFO</core>
<MemPortIdVec></MemPortIdVec>
<condition id="-1">
<or_exp><and_exp></and_exp></or_exp>
</condition>

<Node id="19" bw="0" op_0_bw="0" op_1_bw="24" op_2_bw="24">
<![CDATA[
.split:4 %write_ln173 = write void @_ssdm_op_Write.ap_fifo.volatile.i24P0A, i24 %out_r, i24 %output_V_load

]]></Node>
<StgValue><ssdm name="write_ln173"/></StgValue>
</operation>

<operation id="22" st_id="2" stage="1" lat="1">
<core>NULL</core>
<MemPortIdVec></MemPortIdVec>
<condition id="-1">
<or_exp><and_exp></and_exp></or_exp>
</condition>

<Node id="21" bw="0" op_0_bw="0">
<![CDATA[
.split:6 %br_ln0 = br void

]]></Node>
<StgValue><ssdm name="br_ln0"/></StgValue>
</operation>
</state>
</state_list>


<ports>
<port id="33" name="output_V" dir="0" iftype="1">
<core>RAM</core><StgValue><ssdm name="output_V"/><MemPortTyVec>1 3 </MemPortTyVec>
</StgValue>
</port>
<port id="34" name="out_r" dir="1" iftype="3">
<core>FIFO</core><StgValue><ssdm name="out_r"/></StgValue>
</port>
</ports>


<dataflows>
<dataflow id="36" from="StgValue_35" to="i_3" fromId="35" toId="5">
</dataflow>
<dataflow id="38" from="_ssdm_op_SpecInterface" to="specinterface_ln0" fromId="37" toId="6">
</dataflow>
<dataflow id="39" from="out_r" to="specinterface_ln0" fromId="34" toId="6">
</dataflow>
<dataflow id="41" from="empty_10" to="specinterface_ln0" fromId="40" toId="6">
</dataflow>
<dataflow id="43" from="StgValue_42" to="specinterface_ln0" fromId="42" toId="6">
</dataflow>
<dataflow id="44" from="StgValue_42" to="specinterface_ln0" fromId="42" toId="6">
</dataflow>
<dataflow id="46" from="empty_4" to="specinterface_ln0" fromId="45" toId="6">
</dataflow>
<dataflow id="47" from="StgValue_42" to="specinterface_ln0" fromId="42" toId="6">
</dataflow>
<dataflow id="48" from="StgValue_42" to="specinterface_ln0" fromId="42" toId="6">
</dataflow>
<dataflow id="49" from="empty_4" to="specinterface_ln0" fromId="45" toId="6">
</dataflow>
<dataflow id="50" from="empty_4" to="specinterface_ln0" fromId="45" toId="6">
</dataflow>
<dataflow id="51" from="empty_4" to="specinterface_ln0" fromId="45" toId="6">
</dataflow>
<dataflow id="52" from="StgValue_42" to="specinterface_ln0" fromId="42" toId="6">
</dataflow>
<dataflow id="53" from="StgValue_42" to="specinterface_ln0" fromId="42" toId="6">
</dataflow>
<dataflow id="54" from="StgValue_42" to="specinterface_ln0" fromId="42" toId="6">
</dataflow>
<dataflow id="55" from="StgValue_42" to="specinterface_ln0" fromId="42" toId="6">
</dataflow>
<dataflow id="56" from="empty_4" to="specinterface_ln0" fromId="45" toId="6">
</dataflow>
<dataflow id="57" from="empty_4" to="specinterface_ln0" fromId="45" toId="6">
</dataflow>
<dataflow id="59" from="StgValue_58" to="store_ln0" fromId="58" toId="7">
</dataflow>
<dataflow id="60" from="i_3" to="store_ln0" fromId="5" toId="7">
</dataflow>
<dataflow id="61" from="i_3" to="i" fromId="5" toId="9">
</dataflow>
<dataflow id="63" from="_ssdm_op_SpecPipeline" to="specpipeline_ln0" fromId="62" toId="10">
</dataflow>
<dataflow id="65" from="StgValue_64" to="specpipeline_ln0" fromId="64" toId="10">
</dataflow>
<dataflow id="66" from="StgValue_42" to="specpipeline_ln0" fromId="42" toId="10">
</dataflow>
<dataflow id="67" from="StgValue_35" to="specpipeline_ln0" fromId="35" toId="10">
</dataflow>
<dataflow id="68" from="StgValue_42" to="specpipeline_ln0" fromId="42" toId="10">
</dataflow>
<dataflow id="70" from="p_str" to="specpipeline_ln0" fromId="69" toId="10">
</dataflow>
<dataflow id="71" from="i" to="icmp_ln38" fromId="9" toId="11">
</dataflow>
<dataflow id="73" from="StgValue_72" to="icmp_ln38" fromId="72" toId="11">
</dataflow>
<dataflow id="75" from="_ssdm_op_SpecLoopTripCount" to="empty" fromId="74" toId="12">
</dataflow>
<dataflow id="77" from="StgValue_76" to="empty" fromId="76" toId="12">
</dataflow>
<dataflow id="78" from="StgValue_76" to="empty" fromId="76" toId="12">
</dataflow>
<dataflow id="79" from="StgValue_76" to="empty" fromId="76" toId="12">
</dataflow>
<dataflow id="80" from="i" to="add_ln38" fromId="9" toId="13">
</dataflow>
<dataflow id="82" from="StgValue_81" to="add_ln38" fromId="81" toId="13">
</dataflow>
<dataflow id="83" from="icmp_ln38" to="br_ln38" fromId="11" toId="14">
</dataflow>
<dataflow id="84" from="i" to="i_4_cast" fromId="9" toId="15">
</dataflow>
<dataflow id="85" from="output_V" to="output_V_addr" fromId="33" toId="16">
</dataflow>
<dataflow id="87" from="StgValue_86" to="output_V_addr" fromId="86" toId="16">
</dataflow>
<dataflow id="88" from="i_4_cast" to="output_V_addr" fromId="15" toId="16">
</dataflow>
<dataflow id="89" from="output_V_addr" to="output_V_load" fromId="16" toId="17">
</dataflow>
<dataflow id="90" from="add_ln38" to="store_ln38" fromId="13" toId="18">
</dataflow>
<dataflow id="91" from="i_3" to="store_ln38" fromId="5" toId="18">
</dataflow>
<dataflow id="93" from="_ssdm_op_SpecLoopName" to="specloopname_ln38" fromId="92" toId="19">
</dataflow>
<dataflow id="95" from="empty" to="specloopname_ln38" fromId="94" toId="19">
</dataflow>
<dataflow id="96" from="output_V_addr" to="output_V_load" fromId="16" toId="20">
</dataflow>
<dataflow id="98" from="_ssdm_op_Write.ap_fifo.volatile.i24P0A" to="write_ln173" fromId="97" toId="21">
</dataflow>
<dataflow id="99" from="out_r" to="write_ln173" fromId="34" toId="21">
</dataflow>
<dataflow id="100" from="output_V_load" to="write_ln173" fromId="20" toId="21">
</dataflow>
<dataflow id="101" from="icmp_ln38" to="StgValue_2" fromId="11" toId="2">
</dataflow>
</dataflows>


</stg>
