<profile>

<section name = "Vitis HLS Report for 'fc_Pipeline_VITIS_LOOP_20_1'" level="0">
<item name = "Date">Wed May  4 11:56:08 2022
</item>
<item name = "Version">2021.2 (Build 3367213 on Tue Oct 19 02:47:39 MDT 2021)</item>
<item name = "Project">CNN-HLS</item>
<item name = "Solution">solution1 (Vivado IP Flow Target)</item>
<item name = "Product family">zynq</item>
<item name = "Target device">xa7z030-fbg484-1I</item>
</section>

<section name = "Performance Estimates" level="0">
<item name = "Timing">
<section name = "" level="1">
<item name = "Summary"><table name="" hasTotal="0">
<keys size="4">Clock, Target, Estimated, Uncertainty</keys>
<column name="ap_clk">10.00 ns, 6.958 ns, 2.70 ns</column>
</table>
</item>
</section>
</item>
<item name = "Latency">
<section name = "" level="1">
<item name = "Summary"><table name="" hasTotal="0">
<keys size="8">, min, max, min, max, min, max, Type</keys>
<column name="">12, 12, 0.120 us, 0.120 us, 12, 12, no</column>
</table>
</item>
<item name = "Detail">
<section name = "" level="1">
<item name = "Instance"><table name="" hasTotal="0">
<keys size="9">Instance, Module, min, max, min, max, min, max, Type</keys>
</table>
</item>
<item name = "Loop"><table name="" hasTotal="0">
<keys size="8">Loop Name, min, max, Latency, achieved, target, Count, Pipelined</keys>
<column name="- VITIS_LOOP_20_1">10, 10, 2, 1, 1, 10, yes</column>
</table>
</item>
</section>
</item>
</section>
</item>
</section>

<section name = "Utilization Estimates" level="0">
<item name = "Summary"><table name="" hasTotal="1">
<keys size="6">Name, BRAM_18K, DSP, FF, LUT, URAM</keys>
<column name="DSP">-, -, -, -, -</column>
<column name="Expression">-, -, 0, 55, -</column>
<column name="FIFO">-, -, -, -, -</column>
<column name="Instance">-, -, -, -, -</column>
<column name="Memory">0, -, 14, 3, -</column>
<column name="Multiplexer">-, -, -, 36, -</column>
<column name="Register">-, -, 11, -, -</column>
<specialColumn name="Available">530, 400, 157200, 78600, 0</specialColumn>
<specialColumn name="Utilization (%)">0, 0, ~0, ~0, 0</specialColumn>
</table>
</item>
<item name = "Detail">
<section name = "" level="1">
<item name = "Instance"><table name="" hasTotal="1">
<keys size="7">Instance, Module, BRAM_18K, DSP, FF, LUT, URAM</keys>
</table>
</item>
<item name = "DSP"><table name="" hasTotal="0">
<keys size="3">Instance, Module, Expression</keys>
</table>
</item>
<item name = "Memory"><table name="" hasTotal="1">
<keys size="10">Memory, Module, BRAM_18K, FF, LUT, URAM, Words, Bits, Banks, W*Bits*Banks</keys>
<column name="fc_bias_V_U">fc_Pipeline_VITIS_LOOP_20_1_fc_bias_V_ROM_AUTO_1R, 0, 14, 3, 0, 10, 14, 1, 140</column>
</table>
</item>
<item name = "FIFO"><table name="" hasTotal="1">
<keys size="8">Name, BRAM_18K, FF, LUT, URAM, Depth, Bits, Size:D*B</keys>
</table>
</item>
<item name = "Expression"><table name="" hasTotal="1">
<keys size="7">Variable Name, Operation, DSP, FF, LUT, Bitwidth P0, Bitwidth P1</keys>
<column name="add_ln20_fu_78_p2">+, 0, 0, 13, 4, 1</column>
<column name="output_V_d0">+, 0, 0, 31, 24, 24</column>
<column name="icmp_ln20_fu_72_p2">icmp, 0, 0, 9, 4, 4</column>
<column name="ap_enable_pp0">xor, 0, 0, 2, 1, 2</column>
</table>
</item>
<item name = "Multiplexer"><table name="" hasTotal="1">
<keys size="5">Name, LUT, Input Size, Bits, Total Bits</keys>
<column name="ap_done_int">9, 2, 1, 2</column>
<column name="ap_enable_reg_pp0_iter1">9, 2, 1, 2</column>
<column name="ap_sig_allocacmp_i_4">9, 2, 4, 8</column>
<column name="i_fu_30">9, 2, 4, 8</column>
</table>
</item>
<item name = "Register"><table name="" hasTotal="1">
<keys size="5">Name, FF, LUT, Bits, Const Bits</keys>
<column name="ap_CS_fsm">1, 0, 1, 0</column>
<column name="ap_done_reg">1, 0, 1, 0</column>
<column name="ap_enable_reg_pp0_iter1">1, 0, 1, 0</column>
<column name="i_fu_30">4, 0, 4, 0</column>
<column name="output_V_addr_reg_116">4, 0, 4, 0</column>
</table>
</item>
</section>
</item>
</section>

<section name = "Interface" level="0">
<item name = "Summary"><table name="" hasTotal="0">
<keys size="6">RTL Ports, Dir, Bits, Protocol, Source Object, C Type</keys>
<column name="ap_clk">in, 1, ap_ctrl_hs, fc_Pipeline_VITIS_LOOP_20_1, return value</column>
<column name="ap_rst">in, 1, ap_ctrl_hs, fc_Pipeline_VITIS_LOOP_20_1, return value</column>
<column name="ap_start">in, 1, ap_ctrl_hs, fc_Pipeline_VITIS_LOOP_20_1, return value</column>
<column name="ap_done">out, 1, ap_ctrl_hs, fc_Pipeline_VITIS_LOOP_20_1, return value</column>
<column name="ap_idle">out, 1, ap_ctrl_hs, fc_Pipeline_VITIS_LOOP_20_1, return value</column>
<column name="ap_ready">out, 1, ap_ctrl_hs, fc_Pipeline_VITIS_LOOP_20_1, return value</column>
<column name="output_V_address0">out, 4, ap_memory, output_V, array</column>
<column name="output_V_ce0">out, 1, ap_memory, output_V, array</column>
<column name="output_V_we0">out, 1, ap_memory, output_V, array</column>
<column name="output_V_d0">out, 24, ap_memory, output_V, array</column>
<column name="output_V_address1">out, 4, ap_memory, output_V, array</column>
<column name="output_V_ce1">out, 1, ap_memory, output_V, array</column>
<column name="output_V_q1">in, 24, ap_memory, output_V, array</column>
</table>
</item>
</section>
</profile>
