<profile>

<section name = "Vitis HLS Report for 'log_24_10_s'" level="0">
<item name = "Date">Wed May  4 11:56:09 2022
</item>
<item name = "Version">2021.2 (Build 3367213 on Tue Oct 19 02:47:39 MDT 2021)</item>
<item name = "Project">CNN-HLS</item>
<item name = "Solution">solution1 (Vivado IP Flow Target)</item>
<item name = "Product family">zynq</item>
<item name = "Target device">xa7z030-fbg484-1I</item>
</section>

<section name = "Performance Estimates" level="0">
<item name = "Timing">
<section name = "" level="1">
<item name = "Summary"><table name="" hasTotal="0">
<keys size="4">Clock, Target, Estimated, Uncertainty</keys>
<column name="ap_clk">10.00 ns, 6.912 ns, 2.70 ns</column>
</table>
</item>
</section>
</item>
<item name = "Latency">
<section name = "" level="1">
<item name = "Summary"><table name="" hasTotal="0">
<keys size="8">, min, max, min, max, min, max, Type</keys>
<column name="">11, 11, 0.110 us, 0.110 us, 1, 1, yes</column>
</table>
</item>
<item name = "Detail">
<section name = "" level="1">
<item name = "Instance"><table name="" hasTotal="0">
<keys size="9">Instance, Module, min, max, min, max, min, max, Type</keys>
</table>
</item>
<item name = "Loop"><table name="" hasTotal="0">
<keys size="8">Loop Name, min, max, Latency, achieved, target, Count, Pipelined</keys>
</table>
</item>
</section>
</item>
</section>
</item>
</section>

<section name = "Utilization Estimates" level="0">
<item name = "Summary"><table name="" hasTotal="1">
<keys size="6">Name, BRAM_18K, DSP, FF, LUT, URAM</keys>
<column name="DSP">-, 1, -, -, -</column>
<column name="Expression">-, -, 0, 781, -</column>
<column name="FIFO">-, -, -, -, -</column>
<column name="Instance">-, 2, 118, 129, -</column>
<column name="Memory">1, -, 24, 11, -</column>
<column name="Multiplexer">-, -, -, 258, -</column>
<column name="Register">-, -, 877, 128, -</column>
<specialColumn name="Available">530, 400, 157200, 78600, 0</specialColumn>
<specialColumn name="Utilization (%)">~0, ~0, ~0, 1, 0</specialColumn>
</table>
</item>
<item name = "Detail">
<section name = "" level="1">
<item name = "Instance"><table name="" hasTotal="1">
<keys size="7">Instance, Module, BRAM_18K, DSP, FF, LUT, URAM</keys>
<column name="mul_30s_6ns_30_2_1_U79">mul_30s_6ns_30_2_1, 0, 1, 118, 47, 0</column>
<column name="mul_5s_23ns_28_1_1_U81">mul_5s_23ns_28_1_1, 0, 1, 0, 31, 0</column>
<column name="mul_9ns_9ns_18_1_1_U80">mul_9ns_9ns_18_1_1, 0, 0, 0, 51, 0</column>
</table>
</item>
<item name = "DSP"><table name="" hasTotal="0">
<keys size="3">Instance, Module, Expression</keys>
<column name="mac_mulsub_24ns_4ns_29ns_29_4_1_U82">mac_mulsub_24ns_4ns_29ns_29_4_1, i0 - i1 * i2</column>
</table>
</item>
<item name = "Memory"><table name="" hasTotal="1">
<keys size="10">Memory, Module, BRAM_18K, FF, LUT, URAM, Words, Bits, Banks, W*Bits*Banks</keys>
<column name="log_apfixed_reduce_log0_lut_table_ap_fixed_29_7_ap_q_mode_5_ap_o_mode_3_0_0_5_64_array_V_U">log_24_10_s_log_apfixed_reduce_log0_lut_table_ap_fixed_29_7_ap_q_mode_5_ap_o_kbM, 1, 0, 0, 0, 64, 22, 1, 1408</column>
<column name="log_apfixed_reduce_log_inverse_lut_table_array_V_U">log_24_10_s_log_apfixed_reduce_log_inverse_lut_table_array_V_ROM_AUTO_1R, 0, 6, 6, 0, 64, 6, 1, 384</column>
<column name="log_apfixed_reduce_log_lut_table_ap_fixed_29_7_ap_q_mode_5_ap_o_mode_3_0_4_4_16_array_V_U">log_24_10_s_log_apfixed_reduce_log_lut_table_ap_fixed_29_7_ap_q_mode_5_ap_o_mlbW, 0, 18, 5, 0, 16, 18, 1, 288</column>
</table>
</item>
<item name = "FIFO"><table name="" hasTotal="1">
<keys size="8">Name, BRAM_18K, FF, LUT, URAM, Depth, Bits, Size:D*B</keys>
</table>
</item>
<item name = "Expression"><table name="" hasTotal="1">
<keys size="7">Variable Name, Operation, DSP, FF, LUT, Bitwidth P0, Bitwidth P1</keys>
<column name="add_ln712_1_fu_2219_p2">+, 0, 0, 27, 20, 20</column>
<column name="add_ln712_fu_2239_p2">+, 0, 0, 29, 29, 29</column>
<column name="log_base_V_2_fu_2248_p2">+, 0, 0, 29, 29, 29</column>
<column name="log_base_V_fu_2274_p2">+, 0, 0, 36, 29, 29</column>
<column name="ret_V_3_fu_2110_p2">+, 0, 0, 36, 29, 29</column>
<column name="ret_V_2_fu_2199_p2">-, 0, 0, 33, 26, 26</column>
<column name="and_ln731_fu_1948_p2">and, 0, 0, 2, 1, 1</column>
<column name="ap_condition_269">and, 0, 0, 2, 1, 1</column>
<column name="ap_condition_339">and, 0, 0, 2, 1, 1</column>
<column name="ap_condition_349">and, 0, 0, 2, 1, 1</column>
<column name="ap_condition_352">and, 0, 0, 2, 1, 1</column>
<column name="ap_condition_355">and, 0, 0, 2, 1, 1</column>
<column name="ap_condition_358">and, 0, 0, 2, 1, 1</column>
<column name="ap_condition_361">and, 0, 0, 2, 1, 1</column>
<column name="ap_condition_364">and, 0, 0, 2, 1, 1</column>
<column name="ap_condition_367">and, 0, 0, 2, 1, 1</column>
<column name="ap_condition_370">and, 0, 0, 2, 1, 1</column>
<column name="ap_condition_373">and, 0, 0, 2, 1, 1</column>
<column name="ap_condition_376">and, 0, 0, 2, 1, 1</column>
<column name="ap_condition_379">and, 0, 0, 2, 1, 1</column>
<column name="ap_condition_382">and, 0, 0, 2, 1, 1</column>
<column name="ap_condition_385">and, 0, 0, 2, 1, 1</column>
<column name="ap_condition_388">and, 0, 0, 2, 1, 1</column>
<column name="ap_condition_391">and, 0, 0, 2, 1, 1</column>
<column name="ap_condition_394">and, 0, 0, 2, 1, 1</column>
<column name="ap_condition_397">and, 0, 0, 2, 1, 1</column>
<column name="ap_condition_400">and, 0, 0, 2, 1, 1</column>
<column name="ap_condition_403">and, 0, 0, 2, 1, 1</column>
<column name="ap_condition_406">and, 0, 0, 2, 1, 1</column>
<column name="ap_condition_409">and, 0, 0, 2, 1, 1</column>
<column name="ap_condition_412">and, 0, 0, 2, 1, 1</column>
<column name="icmp_ln1550_fu_502_p2">icmp, 0, 0, 15, 24, 1</column>
<column name="icmp_ln731_10_fu_1178_p2">icmp, 0, 0, 17, 29, 29</column>
<column name="icmp_ln731_11_fu_1244_p2">icmp, 0, 0, 17, 29, 29</column>
<column name="icmp_ln731_12_fu_1310_p2">icmp, 0, 0, 17, 29, 29</column>
<column name="icmp_ln731_13_fu_1376_p2">icmp, 0, 0, 17, 29, 29</column>
<column name="icmp_ln731_14_fu_1442_p2">icmp, 0, 0, 17, 29, 29</column>
<column name="icmp_ln731_15_fu_1508_p2">icmp, 0, 0, 17, 29, 29</column>
<column name="icmp_ln731_16_fu_1574_p2">icmp, 0, 0, 17, 29, 29</column>
<column name="icmp_ln731_17_fu_1640_p2">icmp, 0, 0, 17, 29, 29</column>
<column name="icmp_ln731_18_fu_1706_p2">icmp, 0, 0, 17, 29, 29</column>
<column name="icmp_ln731_19_fu_1772_p2">icmp, 0, 0, 17, 29, 29</column>
<column name="icmp_ln731_1_fu_584_p2">icmp, 0, 0, 17, 29, 29</column>
<column name="icmp_ln731_20_fu_1838_p2">icmp, 0, 0, 17, 29, 29</column>
<column name="icmp_ln731_21_fu_1894_p2">icmp, 0, 0, 17, 29, 29</column>
<column name="icmp_ln731_2_fu_650_p2">icmp, 0, 0, 17, 29, 29</column>
<column name="icmp_ln731_3_fu_716_p2">icmp, 0, 0, 17, 29, 29</column>
<column name="icmp_ln731_4_fu_782_p2">icmp, 0, 0, 17, 29, 29</column>
<column name="icmp_ln731_5_fu_848_p2">icmp, 0, 0, 17, 29, 29</column>
<column name="icmp_ln731_6_fu_914_p2">icmp, 0, 0, 17, 29, 29</column>
<column name="icmp_ln731_7_fu_980_p2">icmp, 0, 0, 17, 29, 29</column>
<column name="icmp_ln731_8_fu_1046_p2">icmp, 0, 0, 17, 29, 29</column>
<column name="icmp_ln731_9_fu_1112_p2">icmp, 0, 0, 17, 29, 29</column>
<column name="icmp_ln731_fu_540_p2">icmp, 0, 0, 17, 29, 29</column>
<column name="select_ln1386_fu_2081_p3">select, 0, 0, 29, 1, 29</column>
<column name="select_ln731_10_fu_1264_p3">select, 0, 0, 2, 1, 1</column>
<column name="select_ln731_11_fu_1330_p3">select, 0, 0, 2, 1, 1</column>
<column name="select_ln731_12_fu_1396_p3">select, 0, 0, 2, 1, 1</column>
<column name="select_ln731_13_fu_1462_p3">select, 0, 0, 2, 1, 1</column>
<column name="select_ln731_14_fu_1528_p3">select, 0, 0, 2, 1, 1</column>
<column name="select_ln731_15_fu_1594_p3">select, 0, 0, 2, 1, 1</column>
<column name="select_ln731_16_fu_1660_p3">select, 0, 0, 2, 1, 1</column>
<column name="select_ln731_17_fu_1726_p3">select, 0, 0, 2, 1, 1</column>
<column name="select_ln731_18_fu_1792_p3">select, 0, 0, 2, 1, 1</column>
<column name="select_ln731_19_fu_1858_p3">select, 0, 0, 2, 1, 1</column>
<column name="select_ln731_1_fu_670_p3">select, 0, 0, 2, 1, 1</column>
<column name="select_ln731_20_fu_1914_p3">select, 0, 0, 2, 1, 1</column>
<column name="select_ln731_21_fu_1962_p3">select, 0, 0, 5, 1, 5</column>
<column name="select_ln731_22_fu_1970_p3">select, 0, 0, 30, 1, 30</column>
<column name="select_ln731_2_fu_736_p3">select, 0, 0, 2, 1, 1</column>
<column name="select_ln731_3_fu_802_p3">select, 0, 0, 2, 1, 1</column>
<column name="select_ln731_4_fu_868_p3">select, 0, 0, 2, 1, 1</column>
<column name="select_ln731_5_fu_934_p3">select, 0, 0, 2, 1, 1</column>
<column name="select_ln731_6_fu_1000_p3">select, 0, 0, 2, 1, 1</column>
<column name="select_ln731_7_fu_1066_p3">select, 0, 0, 2, 1, 1</column>
<column name="select_ln731_8_fu_1132_p3">select, 0, 0, 2, 1, 1</column>
<column name="select_ln731_9_fu_1198_p3">select, 0, 0, 2, 1, 1</column>
<column name="select_ln731_fu_604_p3">select, 0, 0, 2, 1, 1</column>
<column name="ap_enable_pp0">xor, 0, 0, 2, 1, 2</column>
<column name="xor_ln731_10_fu_1258_p2">xor, 0, 0, 2, 1, 2</column>
<column name="xor_ln731_11_fu_1324_p2">xor, 0, 0, 2, 1, 2</column>
<column name="xor_ln731_12_fu_1390_p2">xor, 0, 0, 2, 1, 2</column>
<column name="xor_ln731_13_fu_1456_p2">xor, 0, 0, 2, 1, 2</column>
<column name="xor_ln731_14_fu_1522_p2">xor, 0, 0, 2, 1, 2</column>
<column name="xor_ln731_15_fu_1588_p2">xor, 0, 0, 2, 1, 2</column>
<column name="xor_ln731_16_fu_1654_p2">xor, 0, 0, 2, 1, 2</column>
<column name="xor_ln731_17_fu_1720_p2">xor, 0, 0, 2, 1, 2</column>
<column name="xor_ln731_18_fu_1786_p2">xor, 0, 0, 2, 1, 2</column>
<column name="xor_ln731_19_fu_1852_p2">xor, 0, 0, 2, 1, 2</column>
<column name="xor_ln731_1_fu_664_p2">xor, 0, 0, 2, 1, 2</column>
<column name="xor_ln731_20_fu_1908_p2">xor, 0, 0, 2, 1, 2</column>
<column name="xor_ln731_21_fu_1934_p2">xor, 0, 0, 2, 1, 2</column>
<column name="xor_ln731_2_fu_730_p2">xor, 0, 0, 2, 1, 2</column>
<column name="xor_ln731_3_fu_796_p2">xor, 0, 0, 2, 1, 2</column>
<column name="xor_ln731_4_fu_862_p2">xor, 0, 0, 2, 1, 2</column>
<column name="xor_ln731_5_fu_928_p2">xor, 0, 0, 2, 1, 2</column>
<column name="xor_ln731_6_fu_994_p2">xor, 0, 0, 2, 1, 2</column>
<column name="xor_ln731_7_fu_1060_p2">xor, 0, 0, 2, 1, 2</column>
<column name="xor_ln731_8_fu_1126_p2">xor, 0, 0, 2, 1, 2</column>
<column name="xor_ln731_9_fu_1192_p2">xor, 0, 0, 2, 1, 2</column>
<column name="xor_ln731_fu_598_p2">xor, 0, 0, 2, 1, 2</column>
</table>
</item>
<item name = "Multiplexer"><table name="" hasTotal="1">
<keys size="5">Name, LUT, Input Size, Bits, Total Bits</keys>
<column name="ap_phi_mux_index0_V_phi_fu_386_p4">14, 3, 6, 18</column>
<column name="ap_phi_mux_r_V_5_phi_fu_495_p4">9, 2, 24, 48</column>
<column name="ap_phi_reg_pp0_iter1_b_exp_013_reg_392">113, 25, 5, 125</column>
<column name="ap_phi_reg_pp0_iter1_r_V_1_reg_329">113, 25, 30, 750</column>
<column name="ap_phi_reg_pp0_iter1_r_V_5_reg_491">9, 2, 24, 48</column>
</table>
</item>
<item name = "Register"><table name="" hasTotal="1">
<keys size="5">Name, FF, LUT, Bits, Const Bits</keys>
<column name="a_reg_2542">4, 0, 4, 0</column>
<column name="add_ln712_1_reg_2583">20, 0, 20, 0</column>
<column name="ap_CS_fsm">1, 0, 1, 0</column>
<column name="ap_enable_reg_pp0_iter1">1, 0, 1, 0</column>
<column name="ap_enable_reg_pp0_iter10">1, 0, 1, 0</column>
<column name="ap_enable_reg_pp0_iter11">1, 0, 1, 0</column>
<column name="ap_enable_reg_pp0_iter2">1, 0, 1, 0</column>
<column name="ap_enable_reg_pp0_iter3">1, 0, 1, 0</column>
<column name="ap_enable_reg_pp0_iter4">1, 0, 1, 0</column>
<column name="ap_enable_reg_pp0_iter5">1, 0, 1, 0</column>
<column name="ap_enable_reg_pp0_iter6">1, 0, 1, 0</column>
<column name="ap_enable_reg_pp0_iter7">1, 0, 1, 0</column>
<column name="ap_enable_reg_pp0_iter8">1, 0, 1, 0</column>
<column name="ap_enable_reg_pp0_iter9">1, 0, 1, 0</column>
<column name="ap_phi_reg_pp0_iter10_r_V_5_reg_491">24, 0, 24, 0</column>
<column name="ap_phi_reg_pp0_iter11_r_V_5_reg_491">24, 0, 24, 0</column>
<column name="ap_phi_reg_pp0_iter1_b_exp_013_reg_392">5, 0, 5, 0</column>
<column name="ap_phi_reg_pp0_iter1_r_V_1_reg_329">30, 0, 30, 0</column>
<column name="ap_phi_reg_pp0_iter1_r_V_5_reg_491">24, 0, 24, 0</column>
<column name="ap_phi_reg_pp0_iter2_b_exp_013_reg_392">5, 0, 5, 0</column>
<column name="ap_phi_reg_pp0_iter2_r_V_5_reg_491">24, 0, 24, 0</column>
<column name="ap_phi_reg_pp0_iter3_b_exp_013_reg_392">5, 0, 5, 0</column>
<column name="ap_phi_reg_pp0_iter3_r_V_5_reg_491">24, 0, 24, 0</column>
<column name="ap_phi_reg_pp0_iter4_b_exp_013_reg_392">5, 0, 5, 0</column>
<column name="ap_phi_reg_pp0_iter4_r_V_5_reg_491">24, 0, 24, 0</column>
<column name="ap_phi_reg_pp0_iter5_b_exp_013_reg_392">5, 0, 5, 0</column>
<column name="ap_phi_reg_pp0_iter5_r_V_5_reg_491">24, 0, 24, 0</column>
<column name="ap_phi_reg_pp0_iter6_b_exp_013_reg_392">5, 0, 5, 0</column>
<column name="ap_phi_reg_pp0_iter6_r_V_5_reg_491">24, 0, 24, 0</column>
<column name="ap_phi_reg_pp0_iter7_b_exp_013_reg_392">5, 0, 5, 0</column>
<column name="ap_phi_reg_pp0_iter7_r_V_5_reg_491">24, 0, 24, 0</column>
<column name="ap_phi_reg_pp0_iter8_b_exp_013_reg_392">5, 0, 5, 0</column>
<column name="ap_phi_reg_pp0_iter8_r_V_5_reg_491">24, 0, 24, 0</column>
<column name="ap_phi_reg_pp0_iter9_b_exp_013_reg_392">5, 0, 5, 0</column>
<column name="ap_phi_reg_pp0_iter9_r_V_5_reg_491">24, 0, 24, 0</column>
<column name="b_frac_tilde_inverse_V_reg_2514">6, 0, 6, 0</column>
<column name="icmp_ln1550_reg_2303">1, 0, 1, 0</column>
<column name="log_sum_V_reg_2519">22, 0, 22, 0</column>
<column name="mul_ln1168_reg_2529">30, 0, 30, 0</column>
<column name="r_V_1_reg_329">30, 0, 30, 0</column>
<column name="r_V_4_reg_2588">21, 0, 21, 0</column>
<column name="r_V_s_reg_2573">17, 0, 17, 0</column>
<column name="ret_V_3_reg_2553">29, 0, 29, 0</column>
<column name="ret_V_3_reg_2553_pp0_iter6_reg">29, 0, 29, 0</column>
<column name="tmp_47_reg_2578">22, 0, 22, 0</column>
<column name="tmp_50_reg_2536">24, 0, 24, 0</column>
<column name="tmp_66_reg_2568">15, 0, 15, 0</column>
<column name="a_reg_2542">64, 32, 4, 0</column>
<column name="icmp_ln1550_reg_2303">64, 32, 1, 0</column>
<column name="log_sum_V_reg_2519">64, 32, 22, 0</column>
<column name="r_V_1_reg_329">64, 32, 30, 0</column>
</table>
</item>
</section>
</item>
</section>

<section name = "Interface" level="0">
<item name = "Summary"><table name="" hasTotal="0">
<keys size="6">RTL Ports, Dir, Bits, Protocol, Source Object, C Type</keys>
<column name="ap_clk">in, 1, ap_ctrl_hs, log&lt;24, 10&gt;, return value</column>
<column name="ap_rst">in, 1, ap_ctrl_hs, log&lt;24, 10&gt;, return value</column>
<column name="ap_start">in, 1, ap_ctrl_hs, log&lt;24, 10&gt;, return value</column>
<column name="ap_done">out, 1, ap_ctrl_hs, log&lt;24, 10&gt;, return value</column>
<column name="ap_idle">out, 1, ap_ctrl_hs, log&lt;24, 10&gt;, return value</column>
<column name="ap_ready">out, 1, ap_ctrl_hs, log&lt;24, 10&gt;, return value</column>
<column name="ap_return">out, 24, ap_ctrl_hs, log&lt;24, 10&gt;, return value</column>
<column name="x">in, 24, ap_none, x, scalar</column>
</table>
</item>
</section>
</profile>
