<stg><name>nnet</name>


<trans_list>

<trans id="26" from="1" to="2">
<condition id="-1">
<or_exp><and_exp></and_exp></or_exp>
</condition>
</trans>

<trans id="27" from="2" to="3">
<condition id="-1">
<or_exp><and_exp></and_exp></or_exp>
</condition>
</trans>

<trans id="28" from="3" to="4">
<condition id="-1">
<or_exp><and_exp></and_exp></or_exp>
</condition>
</trans>

<trans id="29" from="4" to="5">
<condition id="-1">
<or_exp><and_exp></and_exp></or_exp>
</condition>
</trans>

<trans id="30" from="5" to="6">
<condition id="-1">
<or_exp><and_exp></and_exp></or_exp>
</condition>
</trans>
</trans_list>



<state_list>

<state id="1" st_id="1">

<operation id="7" st_id="1" stage="1" lat="1">
<core>FIFO_SRL</core>
<MemPortIdVec></MemPortIdVec>
<condition id="-1">
<or_exp><and_exp></and_exp></or_exp>
</condition>

<Node id="36" bw="24" op_0_bw="64">
<![CDATA[
.split:6 %conv_out = alloca i64 1

]]></Node>
<StgValue><ssdm name="conv_out"/></StgValue>
</operation>

<operation id="8" st_id="1" stage="1" lat="1">
<core>FIFO_SRL</core>
<MemPortIdVec></MemPortIdVec>
<condition id="-1">
<or_exp><and_exp></and_exp></or_exp>
</condition>

<Node id="39" bw="24" op_0_bw="64">
<![CDATA[
.split:9 %pool_out = alloca i64 1

]]></Node>
<StgValue><ssdm name="pool_out"/></StgValue>
</operation>

<operation id="9" st_id="1" stage="2" lat="2">
<core></core>
<MemPortIdVec></MemPortIdVec>
<condition id="-1">
<or_exp><and_exp></and_exp></or_exp>
</condition>

<Node id="42" bw="0" op_0_bw="0" op_1_bw="24" op_2_bw="24" op_3_bw="16" op_4_bw="15" op_5_bw="15" op_6_bw="15" op_7_bw="15" op_8_bw="15" op_9_bw="16" op_10_bw="15" op_11_bw="16" op_12_bw="14">
<![CDATA[
.split:12 %call_ln223 = call void @conv, i24 %conv_out, i24 %in_r, i16 %conv_weights_V_0_0_0, i15 %conv_weights_V_0_1_0, i15 %conv_weights_V_0_2_0, i15 %conv_weights_V_1_0_0, i15 %conv_weights_V_1_1_0, i15 %conv_weights_V_1_2_0, i16 %conv_weights_V_2_0_0, i15 %conv_weights_V_2_1_0, i16 %conv_weights_V_2_2_0, i14 %conv_bias_V

]]></Node>
<StgValue><ssdm name="call_ln223"/></StgValue>
</operation>
</state>

<state id="2" st_id="2">

<operation id="10" st_id="2" stage="1" lat="2">
<core></core>
<MemPortIdVec></MemPortIdVec>
<condition id="-1">
<or_exp><and_exp></and_exp></or_exp>
</condition>

<Node id="42" bw="0" op_0_bw="0" op_1_bw="24" op_2_bw="24" op_3_bw="16" op_4_bw="15" op_5_bw="15" op_6_bw="15" op_7_bw="15" op_8_bw="15" op_9_bw="16" op_10_bw="15" op_11_bw="16" op_12_bw="14">
<![CDATA[
.split:12 %call_ln223 = call void @conv, i24 %conv_out, i24 %in_r, i16 %conv_weights_V_0_0_0, i15 %conv_weights_V_0_1_0, i15 %conv_weights_V_0_2_0, i15 %conv_weights_V_1_0_0, i15 %conv_weights_V_1_1_0, i15 %conv_weights_V_1_2_0, i16 %conv_weights_V_2_0_0, i15 %conv_weights_V_2_1_0, i16 %conv_weights_V_2_2_0, i14 %conv_bias_V

]]></Node>
<StgValue><ssdm name="call_ln223"/></StgValue>
</operation>
</state>

<state id="3" st_id="3">

<operation id="11" st_id="3" stage="2" lat="2">
<core></core>
<MemPortIdVec></MemPortIdVec>
<condition id="-1">
<or_exp><and_exp></and_exp></or_exp>
</condition>

<Node id="43" bw="0" op_0_bw="0" op_1_bw="24" op_2_bw="24" op_3_bw="0" op_4_bw="0">
<![CDATA[
.split:13 %call_ln224 = call void @pool, i24 %pool_out, i24 %conv_out

]]></Node>
<StgValue><ssdm name="call_ln224"/></StgValue>
</operation>
</state>

<state id="4" st_id="4">

<operation id="12" st_id="4" stage="1" lat="2">
<core></core>
<MemPortIdVec></MemPortIdVec>
<condition id="-1">
<or_exp><and_exp></and_exp></or_exp>
</condition>

<Node id="43" bw="0" op_0_bw="0" op_1_bw="24" op_2_bw="24" op_3_bw="0" op_4_bw="0">
<![CDATA[
.split:13 %call_ln224 = call void @pool, i24 %pool_out, i24 %conv_out

]]></Node>
<StgValue><ssdm name="call_ln224"/></StgValue>
</operation>
</state>

<state id="5" st_id="5">

<operation id="13" st_id="5" stage="2" lat="2">
<core></core>
<MemPortIdVec></MemPortIdVec>
<condition id="-1">
<or_exp><and_exp></and_exp></or_exp>
</condition>

<Node id="44" bw="0" op_0_bw="0" op_1_bw="24" op_2_bw="24" op_3_bw="15" op_4_bw="15" op_5_bw="15" op_6_bw="15" op_7_bw="15" op_8_bw="16" op_9_bw="15" op_10_bw="15" op_11_bw="15" op_12_bw="15" op_13_bw="14" op_14_bw="32" op_15_bw="46" op_16_bw="50" op_17_bw="6" op_18_bw="22" op_19_bw="18" op_20_bw="0" op_21_bw="0">
<![CDATA[
.split:14 %call_ln225 = call void @fc, i24 %out_r, i24 %pool_out, i15 %fc_weights_V_0, i15 %fc_weights_V_1, i15 %fc_weights_V_2, i15 %fc_weights_V_3, i15 %fc_weights_V_4, i16 %fc_weights_V_5, i15 %fc_weights_V_6, i15 %fc_weights_V_7, i15 %fc_weights_V_8, i15 %fc_weights_V_9, i14 %fc_bias_V, i32 %f_x_msb_3_table_V, i46 %f_x_msb_2_table_V, i50 %exp_x_msb_1_table_V, i6 %log_apfixed_reduce_log_inverse_lut_table_array_V, i22 %log_apfixed_reduce_log0_lut_table_ap_fixed_29_7_ap_q_mode_5_ap_o_mode_3_0_0_5_64_array_V, i18 %log_apfixed_reduce_log_lut_table_ap_fixed_29_7_ap_q_mode_5_ap_o_mode_3_0_4_4_16_array_V

]]></Node>
<StgValue><ssdm name="call_ln225"/></StgValue>
</operation>
</state>

<state id="6" st_id="6">

<operation id="14" st_id="6" stage="1" lat="1">
<core>NULL</core>
<MemPortIdVec></MemPortIdVec>
<condition id="-1">
<or_exp><and_exp></and_exp></or_exp>
</condition>

<Node id="30" bw="0" op_0_bw="0" op_1_bw="32" op_2_bw="32" op_3_bw="0">
<![CDATA[
.split:0 %specdataflowpipeline_ln0 = specdataflowpipeline void @_ssdm_op_SpecDataflowPipeline, i32 4294967295, i32 0, void @empty_4

]]></Node>
<StgValue><ssdm name="specdataflowpipeline_ln0"/></StgValue>
</operation>

<operation id="15" st_id="6" stage="1" lat="1">
<core>NULL</core>
<MemPortIdVec></MemPortIdVec>
<condition id="-1">
<or_exp><and_exp></and_exp></or_exp>
</condition>

<Node id="31" bw="0" op_0_bw="0" op_1_bw="0">
<![CDATA[
.split:1 %spectopmodule_ln0 = spectopmodule void @_ssdm_op_SpecTopModule, void @empty_5

]]></Node>
<StgValue><ssdm name="spectopmodule_ln0"/></StgValue>
</operation>

<operation id="16" st_id="6" stage="1" lat="1">
<core>NULL</core>
<MemPortIdVec></MemPortIdVec>
<condition id="-1">
<or_exp><and_exp></and_exp></or_exp>
</condition>

<Node id="32" bw="0" op_0_bw="0" op_1_bw="24" op_2_bw="0" op_3_bw="32" op_4_bw="32" op_5_bw="0" op_6_bw="32" op_7_bw="32" op_8_bw="0" op_9_bw="0" op_10_bw="0" op_11_bw="32" op_12_bw="32" op_13_bw="32" op_14_bw="32" op_15_bw="0" op_16_bw="0">
<![CDATA[
.split:2 %specinterface_ln0 = specinterface void @_ssdm_op_SpecInterface, i24 %in_r, void @empty_10, i32 0, i32 0, void @empty_4, i32 0, i32 0, void @empty_4, void @empty_4, void @empty_4, i32 0, i32 0, i32 0, i32 0, void @empty_4, void @empty_4

]]></Node>
<StgValue><ssdm name="specinterface_ln0"/></StgValue>
</operation>

<operation id="17" st_id="6" stage="1" lat="1">
<core>NULL</core>
<MemPortIdVec></MemPortIdVec>
<condition id="-1">
<or_exp><and_exp></and_exp></or_exp>
</condition>

<Node id="33" bw="0" op_0_bw="0" op_1_bw="24">
<![CDATA[
.split:3 %specbitsmap_ln0 = specbitsmap void @_ssdm_op_SpecBitsMap, i24 %in_r

]]></Node>
<StgValue><ssdm name="specbitsmap_ln0"/></StgValue>
</operation>

<operation id="18" st_id="6" stage="1" lat="1">
<core>NULL</core>
<MemPortIdVec></MemPortIdVec>
<condition id="-1">
<or_exp><and_exp></and_exp></or_exp>
</condition>

<Node id="34" bw="0" op_0_bw="0" op_1_bw="24" op_2_bw="0" op_3_bw="32" op_4_bw="32" op_5_bw="0" op_6_bw="32" op_7_bw="32" op_8_bw="0" op_9_bw="0" op_10_bw="0" op_11_bw="32" op_12_bw="32" op_13_bw="32" op_14_bw="32" op_15_bw="0" op_16_bw="0">
<![CDATA[
.split:4 %specinterface_ln0 = specinterface void @_ssdm_op_SpecInterface, i24 %out_r, void @empty_10, i32 0, i32 0, void @empty_4, i32 0, i32 0, void @empty_4, void @empty_4, void @empty_4, i32 0, i32 0, i32 0, i32 0, void @empty_4, void @empty_4

]]></Node>
<StgValue><ssdm name="specinterface_ln0"/></StgValue>
</operation>

<operation id="19" st_id="6" stage="1" lat="1">
<core>NULL</core>
<MemPortIdVec></MemPortIdVec>
<condition id="-1">
<or_exp><and_exp></and_exp></or_exp>
</condition>

<Node id="35" bw="0" op_0_bw="0" op_1_bw="24">
<![CDATA[
.split:5 %specbitsmap_ln0 = specbitsmap void @_ssdm_op_SpecBitsMap, i24 %out_r

]]></Node>
<StgValue><ssdm name="specbitsmap_ln0"/></StgValue>
</operation>

<operation id="20" st_id="6" stage="1" lat="1">
<core>NULL</core>
<MemPortIdVec></MemPortIdVec>
<condition id="-1">
<or_exp><and_exp></and_exp></or_exp>
</condition>

<Node id="37" bw="32" op_0_bw="32" op_1_bw="0" op_2_bw="32" op_3_bw="0" op_4_bw="0" op_5_bw="32" op_6_bw="32" op_7_bw="24" op_8_bw="24">
<![CDATA[
.split:7 %empty = specchannel i32 @_ssdm_op_SpecChannel, void @conv_out_str, i32 1, void @p_str, void @p_str, i32 2, i32 2, i24 %conv_out, i24 %conv_out

]]></Node>
<StgValue><ssdm name="empty"/></StgValue>
</operation>

<operation id="21" st_id="6" stage="1" lat="1">
<core>NULL</core>
<MemPortIdVec></MemPortIdVec>
<condition id="-1">
<or_exp><and_exp></and_exp></or_exp>
</condition>

<Node id="38" bw="0" op_0_bw="0" op_1_bw="24" op_2_bw="0" op_3_bw="32" op_4_bw="32" op_5_bw="0" op_6_bw="32" op_7_bw="32" op_8_bw="0" op_9_bw="0" op_10_bw="0" op_11_bw="32" op_12_bw="32" op_13_bw="32" op_14_bw="32" op_15_bw="0" op_16_bw="0">
<![CDATA[
.split:8 %specinterface_ln0 = specinterface void @_ssdm_op_SpecInterface, i24 %conv_out, void @empty_10, i32 0, i32 0, void @empty_4, i32 0, i32 0, void @empty_4, void @empty_4, void @empty_4, i32 0, i32 0, i32 0, i32 0, void @empty_4, void @empty_4

]]></Node>
<StgValue><ssdm name="specinterface_ln0"/></StgValue>
</operation>

<operation id="22" st_id="6" stage="1" lat="1">
<core>NULL</core>
<MemPortIdVec></MemPortIdVec>
<condition id="-1">
<or_exp><and_exp></and_exp></or_exp>
</condition>

<Node id="40" bw="32" op_0_bw="32" op_1_bw="0" op_2_bw="32" op_3_bw="0" op_4_bw="0" op_5_bw="32" op_6_bw="32" op_7_bw="24" op_8_bw="24">
<![CDATA[
.split:10 %empty_50 = specchannel i32 @_ssdm_op_SpecChannel, void @pool_out_str, i32 1, void @p_str, void @p_str, i32 2, i32 2, i24 %pool_out, i24 %pool_out

]]></Node>
<StgValue><ssdm name="empty_50"/></StgValue>
</operation>

<operation id="23" st_id="6" stage="1" lat="1">
<core>NULL</core>
<MemPortIdVec></MemPortIdVec>
<condition id="-1">
<or_exp><and_exp></and_exp></or_exp>
</condition>

<Node id="41" bw="0" op_0_bw="0" op_1_bw="24" op_2_bw="0" op_3_bw="32" op_4_bw="32" op_5_bw="0" op_6_bw="32" op_7_bw="32" op_8_bw="0" op_9_bw="0" op_10_bw="0" op_11_bw="32" op_12_bw="32" op_13_bw="32" op_14_bw="32" op_15_bw="0" op_16_bw="0">
<![CDATA[
.split:11 %specinterface_ln0 = specinterface void @_ssdm_op_SpecInterface, i24 %pool_out, void @empty_10, i32 0, i32 0, void @empty_4, i32 0, i32 0, void @empty_4, void @empty_4, void @empty_4, i32 0, i32 0, i32 0, i32 0, void @empty_4, void @empty_4

]]></Node>
<StgValue><ssdm name="specinterface_ln0"/></StgValue>
</operation>

<operation id="24" st_id="6" stage="1" lat="2">
<core></core>
<MemPortIdVec></MemPortIdVec>
<condition id="-1">
<or_exp><and_exp></and_exp></or_exp>
</condition>

<Node id="44" bw="0" op_0_bw="0" op_1_bw="24" op_2_bw="24" op_3_bw="15" op_4_bw="15" op_5_bw="15" op_6_bw="15" op_7_bw="15" op_8_bw="16" op_9_bw="15" op_10_bw="15" op_11_bw="15" op_12_bw="15" op_13_bw="14" op_14_bw="32" op_15_bw="46" op_16_bw="50" op_17_bw="6" op_18_bw="22" op_19_bw="18" op_20_bw="0" op_21_bw="0">
<![CDATA[
.split:14 %call_ln225 = call void @fc, i24 %out_r, i24 %pool_out, i15 %fc_weights_V_0, i15 %fc_weights_V_1, i15 %fc_weights_V_2, i15 %fc_weights_V_3, i15 %fc_weights_V_4, i16 %fc_weights_V_5, i15 %fc_weights_V_6, i15 %fc_weights_V_7, i15 %fc_weights_V_8, i15 %fc_weights_V_9, i14 %fc_bias_V, i32 %f_x_msb_3_table_V, i46 %f_x_msb_2_table_V, i50 %exp_x_msb_1_table_V, i6 %log_apfixed_reduce_log_inverse_lut_table_array_V, i22 %log_apfixed_reduce_log0_lut_table_ap_fixed_29_7_ap_q_mode_5_ap_o_mode_3_0_0_5_64_array_V, i18 %log_apfixed_reduce_log_lut_table_ap_fixed_29_7_ap_q_mode_5_ap_o_mode_3_0_4_4_16_array_V

]]></Node>
<StgValue><ssdm name="call_ln225"/></StgValue>
</operation>

<operation id="25" st_id="6" stage="1" lat="1">
<core>NULL</core>
<MemPortIdVec></MemPortIdVec>
<condition id="-1">
<or_exp><and_exp></and_exp></or_exp>
</condition>

<Node id="45" bw="0">
<![CDATA[
.split:15 %ret_ln226 = ret

]]></Node>
<StgValue><ssdm name="ret_ln226"/></StgValue>
</operation>
</state>
</state_list>


<ports>
</ports>


<dataflows>
</dataflows>


</stg>
