<profile>

<RTLDesignHierarchy>
<TopModule>
<ModuleName>nnet</ModuleName>
<InstancesList>
<Instance>
<InstName>conv_U0</InstName>
<ModuleName>conv</ModuleName>
<IsCompInst>true</IsCompInst>
<ID>104</ID>
<InstancesList>
<Instance>
<InstName>grp_conv_Pipeline_conv_read_input_fu_44</InstName>
<ModuleName>conv_Pipeline_conv_read_input</ModuleName>
<IsCompInst>true</IsCompInst>
<ID>44</ID>
</Instance>
<Instance>
<InstName>grp_conv_Pipeline_conv_label5_conv_label4_conv_label3_fu_52</InstName>
<ModuleName>conv_Pipeline_conv_label5_conv_label4_conv_label3</ModuleName>
<IsCompInst>true</IsCompInst>
<ID>52</ID>
</Instance>
</InstancesList>
</Instance>
<Instance>
<InstName>pool_U0</InstName>
<ModuleName>pool</ModuleName>
<IsCompInst>true</IsCompInst>
<ID>131</ID>
</Instance>
<Instance>
<InstName>fc_U0</InstName>
<ModuleName>fc</ModuleName>
<IsCompInst>true</IsCompInst>
<ID>137</ID>
<InstancesList>
<Instance>
<InstName>grp_fc_Pipeline_fc_mul_weight_outer_fu_209</InstName>
<ModuleName>fc_Pipeline_fc_mul_weight_outer</ModuleName>
<IsCompInst>true</IsCompInst>
<ID>209</ID>
</Instance>
<Instance>
<InstName>grp_fc_Pipeline_VITIS_LOOP_20_1_fu_245</InstName>
<ModuleName>fc_Pipeline_VITIS_LOOP_20_1</ModuleName>
<IsCompInst>true</IsCompInst>
<ID>245</ID>
</Instance>
<Instance>
<InstName>grp_softmax_fu_252</InstName>
<ModuleName>softmax</ModuleName>
<IsCompInst>true</IsCompInst>
<ID>252</ID>
<InstancesList>
<Instance>
<InstName>grp_softmax_Pipeline_VITIS_LOOP_15_1_fu_120</InstName>
<ModuleName>softmax_Pipeline_VITIS_LOOP_15_1</ModuleName>
<IsCompInst>true</IsCompInst>
<ID>120</ID>
</Instance>
<Instance>
<InstName>grp_softmax_Pipeline_softmax_sum_fu_128</InstName>
<ModuleName>softmax_Pipeline_softmax_sum</ModuleName>
<IsCompInst>true</IsCompInst>
<ID>128</ID>
<InstancesList>
<Instance>
<InstName>grp_exp_24_10_s_fu_80</InstName>
<ModuleName>exp_24_10_s</ModuleName>
<IsCompInst>true</IsCompInst>
<ID>80</ID>
</Instance>
</InstancesList>
</Instance>
<Instance>
<InstName>grp_log_24_10_s_fu_142</InstName>
<ModuleName>log_24_10_s</ModuleName>
<IsCompInst>true</IsCompInst>
<ID>142</ID>
</Instance>
<Instance>
<InstName>grp_softmax_Pipeline_softmax_exp_fu_153</InstName>
<ModuleName>softmax_Pipeline_softmax_exp</ModuleName>
<IsCompInst>true</IsCompInst>
<ID>153</ID>
<InstancesList>
<Instance>
<InstName>grp_exp_24_10_s_fu_67</InstName>
<ModuleName>exp_24_10_s</ModuleName>
<IsCompInst>true</IsCompInst>
<ID>67</ID>
</Instance>
</InstancesList>
</Instance>
</InstancesList>
</Instance>
<Instance>
<InstName>grp_fc_Pipeline_fc_copy_tostream_fu_269</InstName>
<ModuleName>fc_Pipeline_fc_copy_tostream</ModuleName>
<IsCompInst>true</IsCompInst>
<ID>269</ID>
</Instance>
</InstancesList>
</Instance>
</InstancesList>
</TopModule>
</RTLDesignHierarchy>

<ModuleInformation>
<Module>
<Name>conv_Pipeline_conv_read_input</Name>
<Loops>
<conv_read_input></conv_read_input>
</Loops>
<PerformanceEstimates>
<SummaryOfTimingAnalysis>
<TargetClockPeriod>10.00</TargetClockPeriod>
<ClockUncertainty>2.70</ClockUncertainty>
<EstimatedClockPeriod>6.731</EstimatedClockPeriod>
</SummaryOfTimingAnalysis>
<SummaryOfOverallLatency>
<Best-caseLatency>786</Best-caseLatency>
<Average-caseLatency>786</Average-caseLatency>
<Worst-caseLatency>786</Worst-caseLatency>
<Best-caseRealTimeLatency>7.860 us</Best-caseRealTimeLatency>
<Average-caseRealTimeLatency>7.860 us</Average-caseRealTimeLatency>
<Worst-caseRealTimeLatency>7.860 us</Worst-caseRealTimeLatency>
<PipelineInitiationInterval>786</PipelineInitiationInterval>
<PipelineType>no</PipelineType>
</SummaryOfOverallLatency>
<SummaryOfLoopLatency>
<conv_read_input>
<Name>conv_read_input</Name>
<TripCount>784</TripCount>
<Latency>784</Latency>
<AbsoluteTimeLatency>7.840 us</AbsoluteTimeLatency>
<PipelineII>1</PipelineII>
<PipelineDepth>2</PipelineDepth>
<PipelineType>yes</PipelineType>
<InstanceList>
</InstanceList>
</conv_read_input>
</SummaryOfLoopLatency>
</PerformanceEstimates>
<AreaEstimates>
<Resources>
<FF>23</FF>
<AVAIL_FF>157200</AVAIL_FF>
<UTIL_FF>~0</UTIL_FF>
<LUT>73</LUT>
<AVAIL_LUT>78600</AVAIL_LUT>
<UTIL_LUT>~0</UTIL_LUT>
<BRAM_18K>0</BRAM_18K>
<AVAIL_BRAM>530</AVAIL_BRAM>
<UTIL_BRAM>0</UTIL_BRAM>
<DSP>0</DSP>
<AVAIL_DSP>400</AVAIL_DSP>
<UTIL_DSP>0</UTIL_DSP>
<URAM>0</URAM>
<AVAIL_URAM>0</AVAIL_URAM>
<UTIL_URAM>0</UTIL_URAM>
</Resources>
</AreaEstimates>
<InterfaceSummary>
<RtlPorts>
<name>ap_clk</name>
<Object>conv_Pipeline_conv_read_input</Object>
<Type>return value</Type>
<Scope></Scope>
<IOProtocol>ap_ctrl_hs</IOProtocol>
<IOConfig></IOConfig>
<Dir>in</Dir>
<Bits>1</Bits>
<Attribute>control</Attribute>
</RtlPorts>
<RtlPorts>
<name>ap_rst</name>
<Object>conv_Pipeline_conv_read_input</Object>
<Type>return value</Type>
<Scope></Scope>
<IOProtocol>ap_ctrl_hs</IOProtocol>
<IOConfig></IOConfig>
<Dir>in</Dir>
<Bits>1</Bits>
<Attribute>control</Attribute>
</RtlPorts>
<RtlPorts>
<name>ap_start</name>
<Object>conv_Pipeline_conv_read_input</Object>
<Type>return value</Type>
<Scope></Scope>
<IOProtocol>ap_ctrl_hs</IOProtocol>
<IOConfig></IOConfig>
<Dir>in</Dir>
<Bits>1</Bits>
<Attribute>control</Attribute>
</RtlPorts>
<RtlPorts>
<name>ap_done</name>
<Object>conv_Pipeline_conv_read_input</Object>
<Type>return value</Type>
<Scope></Scope>
<IOProtocol>ap_ctrl_hs</IOProtocol>
<IOConfig></IOConfig>
<Dir>out</Dir>
<Bits>1</Bits>
<Attribute>control</Attribute>
</RtlPorts>
<RtlPorts>
<name>ap_idle</name>
<Object>conv_Pipeline_conv_read_input</Object>
<Type>return value</Type>
<Scope></Scope>
<IOProtocol>ap_ctrl_hs</IOProtocol>
<IOConfig></IOConfig>
<Dir>out</Dir>
<Bits>1</Bits>
<Attribute>control</Attribute>
</RtlPorts>
<RtlPorts>
<name>ap_ready</name>
<Object>conv_Pipeline_conv_read_input</Object>
<Type>return value</Type>
<Scope></Scope>
<IOProtocol>ap_ctrl_hs</IOProtocol>
<IOConfig></IOConfig>
<Dir>out</Dir>
<Bits>1</Bits>
<Attribute>control</Attribute>
</RtlPorts>
<RtlPorts>
<name>in_r_dout</name>
<Object>in_r</Object>
<Type>pointer</Type>
<Scope></Scope>
<IOProtocol>ap_fifo</IOProtocol>
<IOConfig></IOConfig>
<Dir>in</Dir>
<Bits>24</Bits>
<Attribute>control</Attribute>
</RtlPorts>
<RtlPorts>
<name>in_r_empty_n</name>
<Object>in_r</Object>
<Type>pointer</Type>
<Scope></Scope>
<IOProtocol>ap_fifo</IOProtocol>
<IOConfig></IOConfig>
<Dir>in</Dir>
<Bits>1</Bits>
<Attribute>control</Attribute>
</RtlPorts>
<RtlPorts>
<name>in_r_read</name>
<Object>in_r</Object>
<Type>pointer</Type>
<Scope></Scope>
<IOProtocol>ap_fifo</IOProtocol>
<IOConfig></IOConfig>
<Dir>out</Dir>
<Bits>1</Bits>
<Attribute>control</Attribute>
</RtlPorts>
<RtlPorts>
<name>conv_buff_V_address0</name>
<Object>conv_buff_V</Object>
<Type>array</Type>
<Scope></Scope>
<IOProtocol>ap_memory</IOProtocol>
<IOConfig></IOConfig>
<Dir>out</Dir>
<Bits>10</Bits>
<Attribute>address</Attribute>
</RtlPorts>
<RtlPorts>
<name>conv_buff_V_ce0</name>
<Object>conv_buff_V</Object>
<Type>array</Type>
<Scope></Scope>
<IOProtocol>ap_memory</IOProtocol>
<IOConfig></IOConfig>
<Dir>out</Dir>
<Bits>1</Bits>
<Attribute>control</Attribute>
</RtlPorts>
<RtlPorts>
<name>conv_buff_V_we0</name>
<Object>conv_buff_V</Object>
<Type>array</Type>
<Scope></Scope>
<IOProtocol>ap_memory</IOProtocol>
<IOConfig></IOConfig>
<Dir>out</Dir>
<Bits>1</Bits>
<Attribute>control</Attribute>
</RtlPorts>
<RtlPorts>
<name>conv_buff_V_d0</name>
<Object>conv_buff_V</Object>
<Type>array</Type>
<Scope></Scope>
<IOProtocol>ap_memory</IOProtocol>
<IOConfig></IOConfig>
<Dir>out</Dir>
<Bits>24</Bits>
<Attribute>data</Attribute>
</RtlPorts>
</InterfaceSummary>
</Module>
<Module>
<Name>conv_Pipeline_conv_label5_conv_label4_conv_label3</Name>
<Loops>
<conv_label5_conv_label4_conv_label3></conv_label5_conv_label4_conv_label3>
</Loops>
<PerformanceEstimates>
<SummaryOfTimingAnalysis>
<TargetClockPeriod>10.00</TargetClockPeriod>
<ClockUncertainty>2.70</ClockUncertainty>
<EstimatedClockPeriod>7.005</EstimatedClockPeriod>
</SummaryOfTimingAnalysis>
<SummaryOfOverallLatency>
<Best-caseLatency>21648</Best-caseLatency>
<Average-caseLatency>21648</Average-caseLatency>
<Worst-caseLatency>21648</Worst-caseLatency>
<Best-caseRealTimeLatency>0.216 ms</Best-caseRealTimeLatency>
<Average-caseRealTimeLatency>0.216 ms</Average-caseRealTimeLatency>
<Worst-caseRealTimeLatency>0.216 ms</Worst-caseRealTimeLatency>
<PipelineInitiationInterval>21648</PipelineInitiationInterval>
<PipelineType>no</PipelineType>
</SummaryOfOverallLatency>
<SummaryOfLoopLatency>
<conv_label5_conv_label4_conv_label3>
<Name>conv_label5_conv_label4_conv_label3</Name>
<TripCount>21632</TripCount>
<Latency>21646</Latency>
<AbsoluteTimeLatency>0.216 ms</AbsoluteTimeLatency>
<PipelineII>1</PipelineII>
<PipelineDepth>16</PipelineDepth>
<PipelineType>yes</PipelineType>
<InstanceList>
</InstanceList>
</conv_label5_conv_label4_conv_label3>
</SummaryOfLoopLatency>
</PerformanceEstimates>
<AreaEstimates>
<Resources>
<BRAM_18K>0</BRAM_18K>
<AVAIL_BRAM>530</AVAIL_BRAM>
<UTIL_BRAM>0</UTIL_BRAM>
<DSP>9</DSP>
<AVAIL_DSP>400</AVAIL_DSP>
<UTIL_DSP>2</UTIL_DSP>
<FF>1804</FF>
<AVAIL_FF>157200</AVAIL_FF>
<UTIL_FF>1</UTIL_FF>
<LUT>1942</LUT>
<AVAIL_LUT>78600</AVAIL_LUT>
<UTIL_LUT>2</UTIL_LUT>
<URAM>0</URAM>
<AVAIL_URAM>0</AVAIL_URAM>
<UTIL_URAM>0</UTIL_URAM>
</Resources>
</AreaEstimates>
<InterfaceSummary>
<RtlPorts>
<name>ap_clk</name>
<Object>conv_Pipeline_conv_label5_conv_label4_conv_label3</Object>
<Type>return value</Type>
<Scope></Scope>
<IOProtocol>ap_ctrl_hs</IOProtocol>
<IOConfig></IOConfig>
<Dir>in</Dir>
<Bits>1</Bits>
<Attribute>control</Attribute>
</RtlPorts>
<RtlPorts>
<name>ap_rst</name>
<Object>conv_Pipeline_conv_label5_conv_label4_conv_label3</Object>
<Type>return value</Type>
<Scope></Scope>
<IOProtocol>ap_ctrl_hs</IOProtocol>
<IOConfig></IOConfig>
<Dir>in</Dir>
<Bits>1</Bits>
<Attribute>control</Attribute>
</RtlPorts>
<RtlPorts>
<name>ap_start</name>
<Object>conv_Pipeline_conv_label5_conv_label4_conv_label3</Object>
<Type>return value</Type>
<Scope></Scope>
<IOProtocol>ap_ctrl_hs</IOProtocol>
<IOConfig></IOConfig>
<Dir>in</Dir>
<Bits>1</Bits>
<Attribute>control</Attribute>
</RtlPorts>
<RtlPorts>
<name>ap_done</name>
<Object>conv_Pipeline_conv_label5_conv_label4_conv_label3</Object>
<Type>return value</Type>
<Scope></Scope>
<IOProtocol>ap_ctrl_hs</IOProtocol>
<IOConfig></IOConfig>
<Dir>out</Dir>
<Bits>1</Bits>
<Attribute>control</Attribute>
</RtlPorts>
<RtlPorts>
<name>ap_idle</name>
<Object>conv_Pipeline_conv_label5_conv_label4_conv_label3</Object>
<Type>return value</Type>
<Scope></Scope>
<IOProtocol>ap_ctrl_hs</IOProtocol>
<IOConfig></IOConfig>
<Dir>out</Dir>
<Bits>1</Bits>
<Attribute>control</Attribute>
</RtlPorts>
<RtlPorts>
<name>ap_ready</name>
<Object>conv_Pipeline_conv_label5_conv_label4_conv_label3</Object>
<Type>return value</Type>
<Scope></Scope>
<IOProtocol>ap_ctrl_hs</IOProtocol>
<IOConfig></IOConfig>
<Dir>out</Dir>
<Bits>1</Bits>
<Attribute>control</Attribute>
</RtlPorts>
<RtlPorts>
<name>conv_out2_din</name>
<Object>conv_out2</Object>
<Type>pointer</Type>
<Scope></Scope>
<IOProtocol>ap_fifo</IOProtocol>
<IOConfig></IOConfig>
<Dir>out</Dir>
<Bits>24</Bits>
<Attribute>control</Attribute>
</RtlPorts>
<RtlPorts>
<name>conv_out2_full_n</name>
<Object>conv_out2</Object>
<Type>pointer</Type>
<Scope></Scope>
<IOProtocol>ap_fifo</IOProtocol>
<IOConfig></IOConfig>
<Dir>in</Dir>
<Bits>1</Bits>
<Attribute>control</Attribute>
</RtlPorts>
<RtlPorts>
<name>conv_out2_write</name>
<Object>conv_out2</Object>
<Type>pointer</Type>
<Scope></Scope>
<IOProtocol>ap_fifo</IOProtocol>
<IOConfig></IOConfig>
<Dir>out</Dir>
<Bits>1</Bits>
<Attribute>control</Attribute>
</RtlPorts>
<RtlPorts>
<name>conv_buff_V_address0</name>
<Object>conv_buff_V</Object>
<Type>array</Type>
<Scope></Scope>
<IOProtocol>ap_memory</IOProtocol>
<IOConfig></IOConfig>
<Dir>out</Dir>
<Bits>10</Bits>
<Attribute>address</Attribute>
</RtlPorts>
<RtlPorts>
<name>conv_buff_V_ce0</name>
<Object>conv_buff_V</Object>
<Type>array</Type>
<Scope></Scope>
<IOProtocol>ap_memory</IOProtocol>
<IOConfig></IOConfig>
<Dir>out</Dir>
<Bits>1</Bits>
<Attribute>control</Attribute>
</RtlPorts>
<RtlPorts>
<name>conv_buff_V_q0</name>
<Object>conv_buff_V</Object>
<Type>array</Type>
<Scope></Scope>
<IOProtocol>ap_memory</IOProtocol>
<IOConfig></IOConfig>
<Dir>in</Dir>
<Bits>24</Bits>
<Attribute>data</Attribute>
</RtlPorts>
<RtlPorts>
<name>conv_buff_V_address1</name>
<Object>conv_buff_V</Object>
<Type>array</Type>
<Scope></Scope>
<IOProtocol>ap_memory</IOProtocol>
<IOConfig></IOConfig>
<Dir>out</Dir>
<Bits>10</Bits>
<Attribute>address</Attribute>
</RtlPorts>
<RtlPorts>
<name>conv_buff_V_ce1</name>
<Object>conv_buff_V</Object>
<Type>array</Type>
<Scope></Scope>
<IOProtocol>ap_memory</IOProtocol>
<IOConfig></IOConfig>
<Dir>out</Dir>
<Bits>1</Bits>
<Attribute>control</Attribute>
</RtlPorts>
<RtlPorts>
<name>conv_buff_V_q1</name>
<Object>conv_buff_V</Object>
<Type>array</Type>
<Scope></Scope>
<IOProtocol>ap_memory</IOProtocol>
<IOConfig></IOConfig>
<Dir>in</Dir>
<Bits>24</Bits>
<Attribute>data</Attribute>
</RtlPorts>
<RtlPorts>
<name>conv_buff_V_address2</name>
<Object>conv_buff_V</Object>
<Type>array</Type>
<Scope></Scope>
<IOProtocol>ap_memory</IOProtocol>
<IOConfig></IOConfig>
<Dir>out</Dir>
<Bits>10</Bits>
<Attribute>address</Attribute>
</RtlPorts>
<RtlPorts>
<name>conv_buff_V_ce2</name>
<Object>conv_buff_V</Object>
<Type>array</Type>
<Scope></Scope>
<IOProtocol>ap_memory</IOProtocol>
<IOConfig></IOConfig>
<Dir>out</Dir>
<Bits>1</Bits>
<Attribute>control</Attribute>
</RtlPorts>
<RtlPorts>
<name>conv_buff_V_q2</name>
<Object>conv_buff_V</Object>
<Type>array</Type>
<Scope></Scope>
<IOProtocol>ap_memory</IOProtocol>
<IOConfig></IOConfig>
<Dir>in</Dir>
<Bits>24</Bits>
<Attribute>data</Attribute>
</RtlPorts>
<RtlPorts>
<name>conv_buff_V_address3</name>
<Object>conv_buff_V</Object>
<Type>array</Type>
<Scope></Scope>
<IOProtocol>ap_memory</IOProtocol>
<IOConfig></IOConfig>
<Dir>out</Dir>
<Bits>10</Bits>
<Attribute>address</Attribute>
</RtlPorts>
<RtlPorts>
<name>conv_buff_V_ce3</name>
<Object>conv_buff_V</Object>
<Type>array</Type>
<Scope></Scope>
<IOProtocol>ap_memory</IOProtocol>
<IOConfig></IOConfig>
<Dir>out</Dir>
<Bits>1</Bits>
<Attribute>control</Attribute>
</RtlPorts>
<RtlPorts>
<name>conv_buff_V_q3</name>
<Object>conv_buff_V</Object>
<Type>array</Type>
<Scope></Scope>
<IOProtocol>ap_memory</IOProtocol>
<IOConfig></IOConfig>
<Dir>in</Dir>
<Bits>24</Bits>
<Attribute>data</Attribute>
</RtlPorts>
<RtlPorts>
<name>conv_buff_V_address4</name>
<Object>conv_buff_V</Object>
<Type>array</Type>
<Scope></Scope>
<IOProtocol>ap_memory</IOProtocol>
<IOConfig></IOConfig>
<Dir>out</Dir>
<Bits>10</Bits>
<Attribute>address</Attribute>
</RtlPorts>
<RtlPorts>
<name>conv_buff_V_ce4</name>
<Object>conv_buff_V</Object>
<Type>array</Type>
<Scope></Scope>
<IOProtocol>ap_memory</IOProtocol>
<IOConfig></IOConfig>
<Dir>out</Dir>
<Bits>1</Bits>
<Attribute>control</Attribute>
</RtlPorts>
<RtlPorts>
<name>conv_buff_V_q4</name>
<Object>conv_buff_V</Object>
<Type>array</Type>
<Scope></Scope>
<IOProtocol>ap_memory</IOProtocol>
<IOConfig></IOConfig>
<Dir>in</Dir>
<Bits>24</Bits>
<Attribute>data</Attribute>
</RtlPorts>
<RtlPorts>
<name>conv_buff_V_address5</name>
<Object>conv_buff_V</Object>
<Type>array</Type>
<Scope></Scope>
<IOProtocol>ap_memory</IOProtocol>
<IOConfig></IOConfig>
<Dir>out</Dir>
<Bits>10</Bits>
<Attribute>address</Attribute>
</RtlPorts>
<RtlPorts>
<name>conv_buff_V_ce5</name>
<Object>conv_buff_V</Object>
<Type>array</Type>
<Scope></Scope>
<IOProtocol>ap_memory</IOProtocol>
<IOConfig></IOConfig>
<Dir>out</Dir>
<Bits>1</Bits>
<Attribute>control</Attribute>
</RtlPorts>
<RtlPorts>
<name>conv_buff_V_q5</name>
<Object>conv_buff_V</Object>
<Type>array</Type>
<Scope></Scope>
<IOProtocol>ap_memory</IOProtocol>
<IOConfig></IOConfig>
<Dir>in</Dir>
<Bits>24</Bits>
<Attribute>data</Attribute>
</RtlPorts>
<RtlPorts>
<name>conv_buff_V_address6</name>
<Object>conv_buff_V</Object>
<Type>array</Type>
<Scope></Scope>
<IOProtocol>ap_memory</IOProtocol>
<IOConfig></IOConfig>
<Dir>out</Dir>
<Bits>10</Bits>
<Attribute>address</Attribute>
</RtlPorts>
<RtlPorts>
<name>conv_buff_V_ce6</name>
<Object>conv_buff_V</Object>
<Type>array</Type>
<Scope></Scope>
<IOProtocol>ap_memory</IOProtocol>
<IOConfig></IOConfig>
<Dir>out</Dir>
<Bits>1</Bits>
<Attribute>control</Attribute>
</RtlPorts>
<RtlPorts>
<name>conv_buff_V_q6</name>
<Object>conv_buff_V</Object>
<Type>array</Type>
<Scope></Scope>
<IOProtocol>ap_memory</IOProtocol>
<IOConfig></IOConfig>
<Dir>in</Dir>
<Bits>24</Bits>
<Attribute>data</Attribute>
</RtlPorts>
<RtlPorts>
<name>conv_buff_V_address7</name>
<Object>conv_buff_V</Object>
<Type>array</Type>
<Scope></Scope>
<IOProtocol>ap_memory</IOProtocol>
<IOConfig></IOConfig>
<Dir>out</Dir>
<Bits>10</Bits>
<Attribute>address</Attribute>
</RtlPorts>
<RtlPorts>
<name>conv_buff_V_ce7</name>
<Object>conv_buff_V</Object>
<Type>array</Type>
<Scope></Scope>
<IOProtocol>ap_memory</IOProtocol>
<IOConfig></IOConfig>
<Dir>out</Dir>
<Bits>1</Bits>
<Attribute>control</Attribute>
</RtlPorts>
<RtlPorts>
<name>conv_buff_V_q7</name>
<Object>conv_buff_V</Object>
<Type>array</Type>
<Scope></Scope>
<IOProtocol>ap_memory</IOProtocol>
<IOConfig></IOConfig>
<Dir>in</Dir>
<Bits>24</Bits>
<Attribute>data</Attribute>
</RtlPorts>
<RtlPorts>
<name>conv_buff_V_address8</name>
<Object>conv_buff_V</Object>
<Type>array</Type>
<Scope></Scope>
<IOProtocol>ap_memory</IOProtocol>
<IOConfig></IOConfig>
<Dir>out</Dir>
<Bits>10</Bits>
<Attribute>address</Attribute>
</RtlPorts>
<RtlPorts>
<name>conv_buff_V_ce8</name>
<Object>conv_buff_V</Object>
<Type>array</Type>
<Scope></Scope>
<IOProtocol>ap_memory</IOProtocol>
<IOConfig></IOConfig>
<Dir>out</Dir>
<Bits>1</Bits>
<Attribute>control</Attribute>
</RtlPorts>
<RtlPorts>
<name>conv_buff_V_q8</name>
<Object>conv_buff_V</Object>
<Type>array</Type>
<Scope></Scope>
<IOProtocol>ap_memory</IOProtocol>
<IOConfig></IOConfig>
<Dir>in</Dir>
<Bits>24</Bits>
<Attribute>data</Attribute>
</RtlPorts>
</InterfaceSummary>
</Module>
<Module>
<Name>conv</Name>
<PerformanceEstimates>
<SummaryOfTimingAnalysis>
<TargetClockPeriod>10.00</TargetClockPeriod>
<ClockUncertainty>2.70</ClockUncertainty>
<EstimatedClockPeriod>7.005</EstimatedClockPeriod>
</SummaryOfTimingAnalysis>
<SummaryOfOverallLatency>
<Best-caseLatency>22438</Best-caseLatency>
<Average-caseLatency>22438</Average-caseLatency>
<Worst-caseLatency>22438</Worst-caseLatency>
<Best-caseRealTimeLatency>0.224 ms</Best-caseRealTimeLatency>
<Average-caseRealTimeLatency>0.224 ms</Average-caseRealTimeLatency>
<Worst-caseRealTimeLatency>0.224 ms</Worst-caseRealTimeLatency>
<PipelineInitiationInterval>22438</PipelineInitiationInterval>
<PipelineType>no</PipelineType>
</SummaryOfOverallLatency>
</PerformanceEstimates>
<AreaEstimates>
<Resources>
<BRAM_18K>16</BRAM_18K>
<AVAIL_BRAM>530</AVAIL_BRAM>
<UTIL_BRAM>3</UTIL_BRAM>
<DSP>9</DSP>
<AVAIL_DSP>400</AVAIL_DSP>
<UTIL_DSP>2</UTIL_DSP>
<FF>1836</FF>
<AVAIL_FF>157200</AVAIL_FF>
<UTIL_FF>1</UTIL_FF>
<LUT>2193</LUT>
<AVAIL_LUT>78600</AVAIL_LUT>
<UTIL_LUT>2</UTIL_LUT>
<URAM>0</URAM>
<AVAIL_URAM>0</AVAIL_URAM>
<UTIL_URAM>0</UTIL_URAM>
</Resources>
</AreaEstimates>
<InterfaceSummary>
<RtlPorts>
<name>ap_clk</name>
<Object>conv</Object>
<Type>return value</Type>
<Scope></Scope>
<IOProtocol>ap_ctrl_hs</IOProtocol>
<IOConfig></IOConfig>
<Dir>in</Dir>
<Bits>1</Bits>
<Attribute>control</Attribute>
</RtlPorts>
<RtlPorts>
<name>ap_rst</name>
<Object>conv</Object>
<Type>return value</Type>
<Scope></Scope>
<IOProtocol>ap_ctrl_hs</IOProtocol>
<IOConfig></IOConfig>
<Dir>in</Dir>
<Bits>1</Bits>
<Attribute>control</Attribute>
</RtlPorts>
<RtlPorts>
<name>ap_start</name>
<Object>conv</Object>
<Type>return value</Type>
<Scope></Scope>
<IOProtocol>ap_ctrl_hs</IOProtocol>
<IOConfig></IOConfig>
<Dir>in</Dir>
<Bits>1</Bits>
<Attribute>control</Attribute>
</RtlPorts>
<RtlPorts>
<name>start_full_n</name>
<Object>conv</Object>
<Type>return value</Type>
<Scope></Scope>
<IOProtocol>ap_ctrl_hs</IOProtocol>
<IOConfig></IOConfig>
<Dir>in</Dir>
<Bits>1</Bits>
<Attribute>unknown</Attribute>
</RtlPorts>
<RtlPorts>
<name>ap_done</name>
<Object>conv</Object>
<Type>return value</Type>
<Scope></Scope>
<IOProtocol>ap_ctrl_hs</IOProtocol>
<IOConfig></IOConfig>
<Dir>out</Dir>
<Bits>1</Bits>
<Attribute>control</Attribute>
</RtlPorts>
<RtlPorts>
<name>ap_continue</name>
<Object>conv</Object>
<Type>return value</Type>
<Scope></Scope>
<IOProtocol>ap_ctrl_hs</IOProtocol>
<IOConfig></IOConfig>
<Dir>in</Dir>
<Bits>1</Bits>
<Attribute>control</Attribute>
</RtlPorts>
<RtlPorts>
<name>ap_idle</name>
<Object>conv</Object>
<Type>return value</Type>
<Scope></Scope>
<IOProtocol>ap_ctrl_hs</IOProtocol>
<IOConfig></IOConfig>
<Dir>out</Dir>
<Bits>1</Bits>
<Attribute>control</Attribute>
</RtlPorts>
<RtlPorts>
<name>ap_ready</name>
<Object>conv</Object>
<Type>return value</Type>
<Scope></Scope>
<IOProtocol>ap_ctrl_hs</IOProtocol>
<IOConfig></IOConfig>
<Dir>out</Dir>
<Bits>1</Bits>
<Attribute>control</Attribute>
</RtlPorts>
<RtlPorts>
<name>start_out</name>
<Object>conv</Object>
<Type>return value</Type>
<Scope></Scope>
<IOProtocol>ap_ctrl_hs</IOProtocol>
<IOConfig></IOConfig>
<Dir>out</Dir>
<Bits>1</Bits>
<Attribute>unknown</Attribute>
</RtlPorts>
<RtlPorts>
<name>start_write</name>
<Object>conv</Object>
<Type>return value</Type>
<Scope></Scope>
<IOProtocol>ap_ctrl_hs</IOProtocol>
<IOConfig></IOConfig>
<Dir>out</Dir>
<Bits>1</Bits>
<Attribute>unknown</Attribute>
</RtlPorts>
<RtlPorts>
<name>conv_out2_din</name>
<Object>conv_out2</Object>
<Type>pointer</Type>
<Scope></Scope>
<IOProtocol>ap_fifo</IOProtocol>
<IOConfig></IOConfig>
<Dir>out</Dir>
<Bits>24</Bits>
<Attribute>control</Attribute>
</RtlPorts>
<RtlPorts>
<name>conv_out2_full_n</name>
<Object>conv_out2</Object>
<Type>pointer</Type>
<Scope></Scope>
<IOProtocol>ap_fifo</IOProtocol>
<IOConfig></IOConfig>
<Dir>in</Dir>
<Bits>1</Bits>
<Attribute>control</Attribute>
</RtlPorts>
<RtlPorts>
<name>conv_out2_write</name>
<Object>conv_out2</Object>
<Type>pointer</Type>
<Scope></Scope>
<IOProtocol>ap_fifo</IOProtocol>
<IOConfig></IOConfig>
<Dir>out</Dir>
<Bits>1</Bits>
<Attribute>control</Attribute>
</RtlPorts>
<RtlPorts>
<name>in_r_dout</name>
<Object>in_r</Object>
<Type>pointer</Type>
<Scope></Scope>
<IOProtocol>ap_fifo</IOProtocol>
<IOConfig></IOConfig>
<Dir>in</Dir>
<Bits>24</Bits>
<Attribute>control</Attribute>
</RtlPorts>
<RtlPorts>
<name>in_r_empty_n</name>
<Object>in_r</Object>
<Type>pointer</Type>
<Scope></Scope>
<IOProtocol>ap_fifo</IOProtocol>
<IOConfig></IOConfig>
<Dir>in</Dir>
<Bits>1</Bits>
<Attribute>control</Attribute>
</RtlPorts>
<RtlPorts>
<name>in_r_read</name>
<Object>in_r</Object>
<Type>pointer</Type>
<Scope></Scope>
<IOProtocol>ap_fifo</IOProtocol>
<IOConfig></IOConfig>
<Dir>out</Dir>
<Bits>1</Bits>
<Attribute>control</Attribute>
</RtlPorts>
</InterfaceSummary>
</Module>
<Module>
<Name>pool</Name>
<Loops>
<pool_maxsearch5_pool_maxsearch3_pool_maxsearch2_pool_maxsearch1></pool_maxsearch5_pool_maxsearch3_pool_maxsearch2_pool_maxsearch1>
</Loops>
<PerformanceEstimates>
<SummaryOfTimingAnalysis>
<TargetClockPeriod>10.00</TargetClockPeriod>
<ClockUncertainty>2.70</ClockUncertainty>
<EstimatedClockPeriod>7.204</EstimatedClockPeriod>
</SummaryOfTimingAnalysis>
<SummaryOfOverallLatency>
<Best-caseLatency>21638</Best-caseLatency>
<Average-caseLatency>21638</Average-caseLatency>
<Worst-caseLatency>21638</Worst-caseLatency>
<Best-caseRealTimeLatency>0.216 ms</Best-caseRealTimeLatency>
<Average-caseRealTimeLatency>0.216 ms</Average-caseRealTimeLatency>
<Worst-caseRealTimeLatency>0.216 ms</Worst-caseRealTimeLatency>
<PipelineInitiationInterval>21638</PipelineInitiationInterval>
<PipelineType>no</PipelineType>
</SummaryOfOverallLatency>
<SummaryOfLoopLatency>
<pool_maxsearch5_pool_maxsearch3_pool_maxsearch2_pool_maxsearch1>
<Name>pool_maxsearch5_pool_maxsearch3_pool_maxsearch2_pool_maxsearch1</Name>
<TripCount>21632</TripCount>
<Latency>21636</Latency>
<AbsoluteTimeLatency>0.216 ms</AbsoluteTimeLatency>
<PipelineII>1</PipelineII>
<PipelineDepth>6</PipelineDepth>
<PipelineType>yes</PipelineType>
<InstanceList>
</InstanceList>
</pool_maxsearch5_pool_maxsearch3_pool_maxsearch2_pool_maxsearch1>
</SummaryOfLoopLatency>
</PerformanceEstimates>
<AreaEstimates>
<Resources>
<BRAM_18K>1</BRAM_18K>
<AVAIL_BRAM>530</AVAIL_BRAM>
<UTIL_BRAM>~0</UTIL_BRAM>
<FF>357</FF>
<AVAIL_FF>157200</AVAIL_FF>
<UTIL_FF>~0</UTIL_FF>
<LUT>741</LUT>
<AVAIL_LUT>78600</AVAIL_LUT>
<UTIL_LUT>~0</UTIL_LUT>
<URAM>0</URAM>
<AVAIL_URAM>0</AVAIL_URAM>
<UTIL_URAM>0</UTIL_URAM>
<DSP>0</DSP>
<AVAIL_DSP>400</AVAIL_DSP>
<UTIL_DSP>0</UTIL_DSP>
</Resources>
</AreaEstimates>
<InterfaceSummary>
<RtlPorts>
<name>ap_clk</name>
<Object>pool</Object>
<Type>return value</Type>
<Scope></Scope>
<IOProtocol>ap_ctrl_hs</IOProtocol>
<IOConfig></IOConfig>
<Dir>in</Dir>
<Bits>1</Bits>
<Attribute>control</Attribute>
</RtlPorts>
<RtlPorts>
<name>ap_rst</name>
<Object>pool</Object>
<Type>return value</Type>
<Scope></Scope>
<IOProtocol>ap_ctrl_hs</IOProtocol>
<IOConfig></IOConfig>
<Dir>in</Dir>
<Bits>1</Bits>
<Attribute>control</Attribute>
</RtlPorts>
<RtlPorts>
<name>ap_start</name>
<Object>pool</Object>
<Type>return value</Type>
<Scope></Scope>
<IOProtocol>ap_ctrl_hs</IOProtocol>
<IOConfig></IOConfig>
<Dir>in</Dir>
<Bits>1</Bits>
<Attribute>control</Attribute>
</RtlPorts>
<RtlPorts>
<name>start_full_n</name>
<Object>pool</Object>
<Type>return value</Type>
<Scope></Scope>
<IOProtocol>ap_ctrl_hs</IOProtocol>
<IOConfig></IOConfig>
<Dir>in</Dir>
<Bits>1</Bits>
<Attribute>unknown</Attribute>
</RtlPorts>
<RtlPorts>
<name>ap_done</name>
<Object>pool</Object>
<Type>return value</Type>
<Scope></Scope>
<IOProtocol>ap_ctrl_hs</IOProtocol>
<IOConfig></IOConfig>
<Dir>out</Dir>
<Bits>1</Bits>
<Attribute>control</Attribute>
</RtlPorts>
<RtlPorts>
<name>ap_continue</name>
<Object>pool</Object>
<Type>return value</Type>
<Scope></Scope>
<IOProtocol>ap_ctrl_hs</IOProtocol>
<IOConfig></IOConfig>
<Dir>in</Dir>
<Bits>1</Bits>
<Attribute>control</Attribute>
</RtlPorts>
<RtlPorts>
<name>ap_idle</name>
<Object>pool</Object>
<Type>return value</Type>
<Scope></Scope>
<IOProtocol>ap_ctrl_hs</IOProtocol>
<IOConfig></IOConfig>
<Dir>out</Dir>
<Bits>1</Bits>
<Attribute>control</Attribute>
</RtlPorts>
<RtlPorts>
<name>ap_ready</name>
<Object>pool</Object>
<Type>return value</Type>
<Scope></Scope>
<IOProtocol>ap_ctrl_hs</IOProtocol>
<IOConfig></IOConfig>
<Dir>out</Dir>
<Bits>1</Bits>
<Attribute>control</Attribute>
</RtlPorts>
<RtlPorts>
<name>start_out</name>
<Object>pool</Object>
<Type>return value</Type>
<Scope></Scope>
<IOProtocol>ap_ctrl_hs</IOProtocol>
<IOConfig></IOConfig>
<Dir>out</Dir>
<Bits>1</Bits>
<Attribute>unknown</Attribute>
</RtlPorts>
<RtlPorts>
<name>start_write</name>
<Object>pool</Object>
<Type>return value</Type>
<Scope></Scope>
<IOProtocol>ap_ctrl_hs</IOProtocol>
<IOConfig></IOConfig>
<Dir>out</Dir>
<Bits>1</Bits>
<Attribute>unknown</Attribute>
</RtlPorts>
<RtlPorts>
<name>conv_out2_dout</name>
<Object>conv_out2</Object>
<Type>pointer</Type>
<Scope></Scope>
<IOProtocol>ap_fifo</IOProtocol>
<IOConfig></IOConfig>
<Dir>in</Dir>
<Bits>24</Bits>
<Attribute>control</Attribute>
</RtlPorts>
<RtlPorts>
<name>conv_out2_empty_n</name>
<Object>conv_out2</Object>
<Type>pointer</Type>
<Scope></Scope>
<IOProtocol>ap_fifo</IOProtocol>
<IOConfig></IOConfig>
<Dir>in</Dir>
<Bits>1</Bits>
<Attribute>control</Attribute>
</RtlPorts>
<RtlPorts>
<name>conv_out2_read</name>
<Object>conv_out2</Object>
<Type>pointer</Type>
<Scope></Scope>
<IOProtocol>ap_fifo</IOProtocol>
<IOConfig></IOConfig>
<Dir>out</Dir>
<Bits>1</Bits>
<Attribute>control</Attribute>
</RtlPorts>
<RtlPorts>
<name>pool_out3_din</name>
<Object>pool_out3</Object>
<Type>pointer</Type>
<Scope></Scope>
<IOProtocol>ap_fifo</IOProtocol>
<IOConfig></IOConfig>
<Dir>out</Dir>
<Bits>24</Bits>
<Attribute>control</Attribute>
</RtlPorts>
<RtlPorts>
<name>pool_out3_full_n</name>
<Object>pool_out3</Object>
<Type>pointer</Type>
<Scope></Scope>
<IOProtocol>ap_fifo</IOProtocol>
<IOConfig></IOConfig>
<Dir>in</Dir>
<Bits>1</Bits>
<Attribute>control</Attribute>
</RtlPorts>
<RtlPorts>
<name>pool_out3_write</name>
<Object>pool_out3</Object>
<Type>pointer</Type>
<Scope></Scope>
<IOProtocol>ap_fifo</IOProtocol>
<IOConfig></IOConfig>
<Dir>out</Dir>
<Bits>1</Bits>
<Attribute>control</Attribute>
</RtlPorts>
</InterfaceSummary>
</Module>
<Module>
<Name>fc_Pipeline_fc_mul_weight_outer</Name>
<Loops>
<fc_mul_weight_outer></fc_mul_weight_outer>
</Loops>
<PerformanceEstimates>
<SummaryOfTimingAnalysis>
<TargetClockPeriod>10.00</TargetClockPeriod>
<ClockUncertainty>2.70</ClockUncertainty>
<EstimatedClockPeriod>6.699</EstimatedClockPeriod>
</SummaryOfTimingAnalysis>
<SummaryOfOverallLatency>
<Best-caseLatency>5414</Best-caseLatency>
<Average-caseLatency>5414</Average-caseLatency>
<Worst-caseLatency>5414</Worst-caseLatency>
<Best-caseRealTimeLatency>54.140 us</Best-caseRealTimeLatency>
<Average-caseRealTimeLatency>54.140 us</Average-caseRealTimeLatency>
<Worst-caseRealTimeLatency>54.140 us</Worst-caseRealTimeLatency>
<PipelineInitiationInterval>5414</PipelineInitiationInterval>
<PipelineType>no</PipelineType>
</SummaryOfOverallLatency>
<SummaryOfLoopLatency>
<fc_mul_weight_outer>
<Name>fc_mul_weight_outer</Name>
<TripCount>5408</TripCount>
<Latency>5412</Latency>
<AbsoluteTimeLatency>54.120 us</AbsoluteTimeLatency>
<PipelineII>1</PipelineII>
<PipelineDepth>6</PipelineDepth>
<PipelineType>yes</PipelineType>
<InstanceList>
</InstanceList>
</fc_mul_weight_outer>
</SummaryOfLoopLatency>
</PerformanceEstimates>
<AreaEstimates>
<Resources>
<BRAM_18K>80</BRAM_18K>
<AVAIL_BRAM>530</AVAIL_BRAM>
<UTIL_BRAM>15</UTIL_BRAM>
<DSP>10</DSP>
<AVAIL_DSP>400</AVAIL_DSP>
<UTIL_DSP>2</UTIL_DSP>
<FF>719</FF>
<AVAIL_FF>157200</AVAIL_FF>
<UTIL_FF>~0</UTIL_FF>
<LUT>957</LUT>
<AVAIL_LUT>78600</AVAIL_LUT>
<UTIL_LUT>1</UTIL_LUT>
<URAM>0</URAM>
<AVAIL_URAM>0</AVAIL_URAM>
<UTIL_URAM>0</UTIL_URAM>
</Resources>
</AreaEstimates>
<InterfaceSummary>
<RtlPorts>
<name>ap_clk</name>
<Object>fc_Pipeline_fc_mul_weight_outer</Object>
<Type>return value</Type>
<Scope></Scope>
<IOProtocol>ap_ctrl_hs</IOProtocol>
<IOConfig></IOConfig>
<Dir>in</Dir>
<Bits>1</Bits>
<Attribute>control</Attribute>
</RtlPorts>
<RtlPorts>
<name>ap_rst</name>
<Object>fc_Pipeline_fc_mul_weight_outer</Object>
<Type>return value</Type>
<Scope></Scope>
<IOProtocol>ap_ctrl_hs</IOProtocol>
<IOConfig></IOConfig>
<Dir>in</Dir>
<Bits>1</Bits>
<Attribute>control</Attribute>
</RtlPorts>
<RtlPorts>
<name>ap_start</name>
<Object>fc_Pipeline_fc_mul_weight_outer</Object>
<Type>return value</Type>
<Scope></Scope>
<IOProtocol>ap_ctrl_hs</IOProtocol>
<IOConfig></IOConfig>
<Dir>in</Dir>
<Bits>1</Bits>
<Attribute>control</Attribute>
</RtlPorts>
<RtlPorts>
<name>ap_done</name>
<Object>fc_Pipeline_fc_mul_weight_outer</Object>
<Type>return value</Type>
<Scope></Scope>
<IOProtocol>ap_ctrl_hs</IOProtocol>
<IOConfig></IOConfig>
<Dir>out</Dir>
<Bits>1</Bits>
<Attribute>control</Attribute>
</RtlPorts>
<RtlPorts>
<name>ap_idle</name>
<Object>fc_Pipeline_fc_mul_weight_outer</Object>
<Type>return value</Type>
<Scope></Scope>
<IOProtocol>ap_ctrl_hs</IOProtocol>
<IOConfig></IOConfig>
<Dir>out</Dir>
<Bits>1</Bits>
<Attribute>control</Attribute>
</RtlPorts>
<RtlPorts>
<name>ap_ready</name>
<Object>fc_Pipeline_fc_mul_weight_outer</Object>
<Type>return value</Type>
<Scope></Scope>
<IOProtocol>ap_ctrl_hs</IOProtocol>
<IOConfig></IOConfig>
<Dir>out</Dir>
<Bits>1</Bits>
<Attribute>control</Attribute>
</RtlPorts>
<RtlPorts>
<name>pool_out3_dout</name>
<Object>pool_out3</Object>
<Type>pointer</Type>
<Scope></Scope>
<IOProtocol>ap_fifo</IOProtocol>
<IOConfig></IOConfig>
<Dir>in</Dir>
<Bits>24</Bits>
<Attribute>control</Attribute>
</RtlPorts>
<RtlPorts>
<name>pool_out3_empty_n</name>
<Object>pool_out3</Object>
<Type>pointer</Type>
<Scope></Scope>
<IOProtocol>ap_fifo</IOProtocol>
<IOConfig></IOConfig>
<Dir>in</Dir>
<Bits>1</Bits>
<Attribute>control</Attribute>
</RtlPorts>
<RtlPorts>
<name>pool_out3_read</name>
<Object>pool_out3</Object>
<Type>pointer</Type>
<Scope></Scope>
<IOProtocol>ap_fifo</IOProtocol>
<IOConfig></IOConfig>
<Dir>out</Dir>
<Bits>1</Bits>
<Attribute>control</Attribute>
</RtlPorts>
<RtlPorts>
<name>lhs_19_out</name>
<Object>lhs_19_out</Object>
<Type>pointer</Type>
<Scope></Scope>
<IOProtocol>ap_vld</IOProtocol>
<IOConfig></IOConfig>
<Dir>out</Dir>
<Bits>24</Bits>
<Attribute>data</Attribute>
</RtlPorts>
<RtlPorts>
<name>lhs_19_out_ap_vld</name>
<Object>lhs_19_out</Object>
<Type>pointer</Type>
<Scope></Scope>
<IOProtocol>ap_vld</IOProtocol>
<IOConfig></IOConfig>
<Dir>out</Dir>
<Bits>1</Bits>
<Attribute>control</Attribute>
</RtlPorts>
<RtlPorts>
<name>lhs_17_out</name>
<Object>lhs_17_out</Object>
<Type>pointer</Type>
<Scope></Scope>
<IOProtocol>ap_vld</IOProtocol>
<IOConfig></IOConfig>
<Dir>out</Dir>
<Bits>24</Bits>
<Attribute>data</Attribute>
</RtlPorts>
<RtlPorts>
<name>lhs_17_out_ap_vld</name>
<Object>lhs_17_out</Object>
<Type>pointer</Type>
<Scope></Scope>
<IOProtocol>ap_vld</IOProtocol>
<IOConfig></IOConfig>
<Dir>out</Dir>
<Bits>1</Bits>
<Attribute>control</Attribute>
</RtlPorts>
<RtlPorts>
<name>lhs_15_out</name>
<Object>lhs_15_out</Object>
<Type>pointer</Type>
<Scope></Scope>
<IOProtocol>ap_vld</IOProtocol>
<IOConfig></IOConfig>
<Dir>out</Dir>
<Bits>24</Bits>
<Attribute>data</Attribute>
</RtlPorts>
<RtlPorts>
<name>lhs_15_out_ap_vld</name>
<Object>lhs_15_out</Object>
<Type>pointer</Type>
<Scope></Scope>
<IOProtocol>ap_vld</IOProtocol>
<IOConfig></IOConfig>
<Dir>out</Dir>
<Bits>1</Bits>
<Attribute>control</Attribute>
</RtlPorts>
<RtlPorts>
<name>lhs_13_out</name>
<Object>lhs_13_out</Object>
<Type>pointer</Type>
<Scope></Scope>
<IOProtocol>ap_vld</IOProtocol>
<IOConfig></IOConfig>
<Dir>out</Dir>
<Bits>24</Bits>
<Attribute>data</Attribute>
</RtlPorts>
<RtlPorts>
<name>lhs_13_out_ap_vld</name>
<Object>lhs_13_out</Object>
<Type>pointer</Type>
<Scope></Scope>
<IOProtocol>ap_vld</IOProtocol>
<IOConfig></IOConfig>
<Dir>out</Dir>
<Bits>1</Bits>
<Attribute>control</Attribute>
</RtlPorts>
<RtlPorts>
<name>lhs_11_out</name>
<Object>lhs_11_out</Object>
<Type>pointer</Type>
<Scope></Scope>
<IOProtocol>ap_vld</IOProtocol>
<IOConfig></IOConfig>
<Dir>out</Dir>
<Bits>24</Bits>
<Attribute>data</Attribute>
</RtlPorts>
<RtlPorts>
<name>lhs_11_out_ap_vld</name>
<Object>lhs_11_out</Object>
<Type>pointer</Type>
<Scope></Scope>
<IOProtocol>ap_vld</IOProtocol>
<IOConfig></IOConfig>
<Dir>out</Dir>
<Bits>1</Bits>
<Attribute>control</Attribute>
</RtlPorts>
<RtlPorts>
<name>lhs_9_out</name>
<Object>lhs_9_out</Object>
<Type>pointer</Type>
<Scope></Scope>
<IOProtocol>ap_vld</IOProtocol>
<IOConfig></IOConfig>
<Dir>out</Dir>
<Bits>24</Bits>
<Attribute>data</Attribute>
</RtlPorts>
<RtlPorts>
<name>lhs_9_out_ap_vld</name>
<Object>lhs_9_out</Object>
<Type>pointer</Type>
<Scope></Scope>
<IOProtocol>ap_vld</IOProtocol>
<IOConfig></IOConfig>
<Dir>out</Dir>
<Bits>1</Bits>
<Attribute>control</Attribute>
</RtlPorts>
<RtlPorts>
<name>lhs_7_out</name>
<Object>lhs_7_out</Object>
<Type>pointer</Type>
<Scope></Scope>
<IOProtocol>ap_vld</IOProtocol>
<IOConfig></IOConfig>
<Dir>out</Dir>
<Bits>24</Bits>
<Attribute>data</Attribute>
</RtlPorts>
<RtlPorts>
<name>lhs_7_out_ap_vld</name>
<Object>lhs_7_out</Object>
<Type>pointer</Type>
<Scope></Scope>
<IOProtocol>ap_vld</IOProtocol>
<IOConfig></IOConfig>
<Dir>out</Dir>
<Bits>1</Bits>
<Attribute>control</Attribute>
</RtlPorts>
<RtlPorts>
<name>lhs_5_out</name>
<Object>lhs_5_out</Object>
<Type>pointer</Type>
<Scope></Scope>
<IOProtocol>ap_vld</IOProtocol>
<IOConfig></IOConfig>
<Dir>out</Dir>
<Bits>24</Bits>
<Attribute>data</Attribute>
</RtlPorts>
<RtlPorts>
<name>lhs_5_out_ap_vld</name>
<Object>lhs_5_out</Object>
<Type>pointer</Type>
<Scope></Scope>
<IOProtocol>ap_vld</IOProtocol>
<IOConfig></IOConfig>
<Dir>out</Dir>
<Bits>1</Bits>
<Attribute>control</Attribute>
</RtlPorts>
<RtlPorts>
<name>lhs_3_out</name>
<Object>lhs_3_out</Object>
<Type>pointer</Type>
<Scope></Scope>
<IOProtocol>ap_vld</IOProtocol>
<IOConfig></IOConfig>
<Dir>out</Dir>
<Bits>24</Bits>
<Attribute>data</Attribute>
</RtlPorts>
<RtlPorts>
<name>lhs_3_out_ap_vld</name>
<Object>lhs_3_out</Object>
<Type>pointer</Type>
<Scope></Scope>
<IOProtocol>ap_vld</IOProtocol>
<IOConfig></IOConfig>
<Dir>out</Dir>
<Bits>1</Bits>
<Attribute>control</Attribute>
</RtlPorts>
<RtlPorts>
<name>lhs_out</name>
<Object>lhs_out</Object>
<Type>pointer</Type>
<Scope></Scope>
<IOProtocol>ap_vld</IOProtocol>
<IOConfig></IOConfig>
<Dir>out</Dir>
<Bits>24</Bits>
<Attribute>data</Attribute>
</RtlPorts>
<RtlPorts>
<name>lhs_out_ap_vld</name>
<Object>lhs_out</Object>
<Type>pointer</Type>
<Scope></Scope>
<IOProtocol>ap_vld</IOProtocol>
<IOConfig></IOConfig>
<Dir>out</Dir>
<Bits>1</Bits>
<Attribute>control</Attribute>
</RtlPorts>
</InterfaceSummary>
</Module>
<Module>
<Name>fc_Pipeline_VITIS_LOOP_20_1</Name>
<Loops>
<VITIS_LOOP_20_1></VITIS_LOOP_20_1>
</Loops>
<PerformanceEstimates>
<SummaryOfTimingAnalysis>
<TargetClockPeriod>10.00</TargetClockPeriod>
<ClockUncertainty>2.70</ClockUncertainty>
<EstimatedClockPeriod>6.958</EstimatedClockPeriod>
</SummaryOfTimingAnalysis>
<SummaryOfOverallLatency>
<Best-caseLatency>12</Best-caseLatency>
<Average-caseLatency>12</Average-caseLatency>
<Worst-caseLatency>12</Worst-caseLatency>
<Best-caseRealTimeLatency>0.120 us</Best-caseRealTimeLatency>
<Average-caseRealTimeLatency>0.120 us</Average-caseRealTimeLatency>
<Worst-caseRealTimeLatency>0.120 us</Worst-caseRealTimeLatency>
<PipelineInitiationInterval>12</PipelineInitiationInterval>
<PipelineType>no</PipelineType>
</SummaryOfOverallLatency>
<SummaryOfLoopLatency>
<VITIS_LOOP_20_1>
<Name>VITIS_LOOP_20_1</Name>
<TripCount>10</TripCount>
<Latency>10</Latency>
<AbsoluteTimeLatency>0.100 us</AbsoluteTimeLatency>
<PipelineII>1</PipelineII>
<PipelineDepth>2</PipelineDepth>
<PipelineType>yes</PipelineType>
<InstanceList>
</InstanceList>
</VITIS_LOOP_20_1>
</SummaryOfLoopLatency>
</PerformanceEstimates>
<AreaEstimates>
<Resources>
<BRAM_18K>0</BRAM_18K>
<AVAIL_BRAM>530</AVAIL_BRAM>
<UTIL_BRAM>0</UTIL_BRAM>
<FF>25</FF>
<AVAIL_FF>157200</AVAIL_FF>
<UTIL_FF>~0</UTIL_FF>
<LUT>94</LUT>
<AVAIL_LUT>78600</AVAIL_LUT>
<UTIL_LUT>~0</UTIL_LUT>
<DSP>0</DSP>
<AVAIL_DSP>400</AVAIL_DSP>
<UTIL_DSP>0</UTIL_DSP>
<URAM>0</URAM>
<AVAIL_URAM>0</AVAIL_URAM>
<UTIL_URAM>0</UTIL_URAM>
</Resources>
</AreaEstimates>
<InterfaceSummary>
<RtlPorts>
<name>ap_clk</name>
<Object>fc_Pipeline_VITIS_LOOP_20_1</Object>
<Type>return value</Type>
<Scope></Scope>
<IOProtocol>ap_ctrl_hs</IOProtocol>
<IOConfig></IOConfig>
<Dir>in</Dir>
<Bits>1</Bits>
<Attribute>control</Attribute>
</RtlPorts>
<RtlPorts>
<name>ap_rst</name>
<Object>fc_Pipeline_VITIS_LOOP_20_1</Object>
<Type>return value</Type>
<Scope></Scope>
<IOProtocol>ap_ctrl_hs</IOProtocol>
<IOConfig></IOConfig>
<Dir>in</Dir>
<Bits>1</Bits>
<Attribute>control</Attribute>
</RtlPorts>
<RtlPorts>
<name>ap_start</name>
<Object>fc_Pipeline_VITIS_LOOP_20_1</Object>
<Type>return value</Type>
<Scope></Scope>
<IOProtocol>ap_ctrl_hs</IOProtocol>
<IOConfig></IOConfig>
<Dir>in</Dir>
<Bits>1</Bits>
<Attribute>control</Attribute>
</RtlPorts>
<RtlPorts>
<name>ap_done</name>
<Object>fc_Pipeline_VITIS_LOOP_20_1</Object>
<Type>return value</Type>
<Scope></Scope>
<IOProtocol>ap_ctrl_hs</IOProtocol>
<IOConfig></IOConfig>
<Dir>out</Dir>
<Bits>1</Bits>
<Attribute>control</Attribute>
</RtlPorts>
<RtlPorts>
<name>ap_idle</name>
<Object>fc_Pipeline_VITIS_LOOP_20_1</Object>
<Type>return value</Type>
<Scope></Scope>
<IOProtocol>ap_ctrl_hs</IOProtocol>
<IOConfig></IOConfig>
<Dir>out</Dir>
<Bits>1</Bits>
<Attribute>control</Attribute>
</RtlPorts>
<RtlPorts>
<name>ap_ready</name>
<Object>fc_Pipeline_VITIS_LOOP_20_1</Object>
<Type>return value</Type>
<Scope></Scope>
<IOProtocol>ap_ctrl_hs</IOProtocol>
<IOConfig></IOConfig>
<Dir>out</Dir>
<Bits>1</Bits>
<Attribute>control</Attribute>
</RtlPorts>
<RtlPorts>
<name>output_V_address0</name>
<Object>output_V</Object>
<Type>array</Type>
<Scope></Scope>
<IOProtocol>ap_memory</IOProtocol>
<IOConfig></IOConfig>
<Dir>out</Dir>
<Bits>4</Bits>
<Attribute>address</Attribute>
</RtlPorts>
<RtlPorts>
<name>output_V_ce0</name>
<Object>output_V</Object>
<Type>array</Type>
<Scope></Scope>
<IOProtocol>ap_memory</IOProtocol>
<IOConfig></IOConfig>
<Dir>out</Dir>
<Bits>1</Bits>
<Attribute>control</Attribute>
</RtlPorts>
<RtlPorts>
<name>output_V_we0</name>
<Object>output_V</Object>
<Type>array</Type>
<Scope></Scope>
<IOProtocol>ap_memory</IOProtocol>
<IOConfig></IOConfig>
<Dir>out</Dir>
<Bits>1</Bits>
<Attribute>control</Attribute>
</RtlPorts>
<RtlPorts>
<name>output_V_d0</name>
<Object>output_V</Object>
<Type>array</Type>
<Scope></Scope>
<IOProtocol>ap_memory</IOProtocol>
<IOConfig></IOConfig>
<Dir>out</Dir>
<Bits>24</Bits>
<Attribute>data</Attribute>
</RtlPorts>
<RtlPorts>
<name>output_V_address1</name>
<Object>output_V</Object>
<Type>array</Type>
<Scope></Scope>
<IOProtocol>ap_memory</IOProtocol>
<IOConfig></IOConfig>
<Dir>out</Dir>
<Bits>4</Bits>
<Attribute>address</Attribute>
</RtlPorts>
<RtlPorts>
<name>output_V_ce1</name>
<Object>output_V</Object>
<Type>array</Type>
<Scope></Scope>
<IOProtocol>ap_memory</IOProtocol>
<IOConfig></IOConfig>
<Dir>out</Dir>
<Bits>1</Bits>
<Attribute>control</Attribute>
</RtlPorts>
<RtlPorts>
<name>output_V_q1</name>
<Object>output_V</Object>
<Type>array</Type>
<Scope></Scope>
<IOProtocol>ap_memory</IOProtocol>
<IOConfig></IOConfig>
<Dir>in</Dir>
<Bits>24</Bits>
<Attribute>data</Attribute>
</RtlPorts>
</InterfaceSummary>
</Module>
<Module>
<Name>softmax_Pipeline_VITIS_LOOP_15_1</Name>
<Loops>
<VITIS_LOOP_15_1></VITIS_LOOP_15_1>
</Loops>
<PerformanceEstimates>
<SummaryOfTimingAnalysis>
<TargetClockPeriod>10.00</TargetClockPeriod>
<ClockUncertainty>2.70</ClockUncertainty>
<EstimatedClockPeriod>7.055</EstimatedClockPeriod>
</SummaryOfTimingAnalysis>
<SummaryOfOverallLatency>
<Best-caseLatency>12</Best-caseLatency>
<Average-caseLatency>12</Average-caseLatency>
<Worst-caseLatency>12</Worst-caseLatency>
<Best-caseRealTimeLatency>0.120 us</Best-caseRealTimeLatency>
<Average-caseRealTimeLatency>0.120 us</Average-caseRealTimeLatency>
<Worst-caseRealTimeLatency>0.120 us</Worst-caseRealTimeLatency>
<PipelineInitiationInterval>12</PipelineInitiationInterval>
<PipelineType>no</PipelineType>
</SummaryOfOverallLatency>
<SummaryOfLoopLatency>
<VITIS_LOOP_15_1>
<Name>VITIS_LOOP_15_1</Name>
<TripCount>10</TripCount>
<Latency>10</Latency>
<AbsoluteTimeLatency>0.100 us</AbsoluteTimeLatency>
<PipelineII>1</PipelineII>
<PipelineDepth>2</PipelineDepth>
<PipelineType>yes</PipelineType>
<InstanceList>
</InstanceList>
</VITIS_LOOP_15_1>
</SummaryOfLoopLatency>
</PerformanceEstimates>
<AreaEstimates>
<Resources>
<FF>31</FF>
<AVAIL_FF>157200</AVAIL_FF>
<UTIL_FF>~0</UTIL_FF>
<LUT>108</LUT>
<AVAIL_LUT>78600</AVAIL_LUT>
<UTIL_LUT>~0</UTIL_LUT>
<BRAM_18K>0</BRAM_18K>
<AVAIL_BRAM>530</AVAIL_BRAM>
<UTIL_BRAM>0</UTIL_BRAM>
<DSP>0</DSP>
<AVAIL_DSP>400</AVAIL_DSP>
<UTIL_DSP>0</UTIL_DSP>
<URAM>0</URAM>
<AVAIL_URAM>0</AVAIL_URAM>
<UTIL_URAM>0</UTIL_URAM>
</Resources>
</AreaEstimates>
<InterfaceSummary>
<RtlPorts>
<name>ap_clk</name>
<Object>softmax_Pipeline_VITIS_LOOP_15_1</Object>
<Type>return value</Type>
<Scope></Scope>
<IOProtocol>ap_ctrl_hs</IOProtocol>
<IOConfig></IOConfig>
<Dir>in</Dir>
<Bits>1</Bits>
<Attribute>control</Attribute>
</RtlPorts>
<RtlPorts>
<name>ap_rst</name>
<Object>softmax_Pipeline_VITIS_LOOP_15_1</Object>
<Type>return value</Type>
<Scope></Scope>
<IOProtocol>ap_ctrl_hs</IOProtocol>
<IOConfig></IOConfig>
<Dir>in</Dir>
<Bits>1</Bits>
<Attribute>control</Attribute>
</RtlPorts>
<RtlPorts>
<name>ap_start</name>
<Object>softmax_Pipeline_VITIS_LOOP_15_1</Object>
<Type>return value</Type>
<Scope></Scope>
<IOProtocol>ap_ctrl_hs</IOProtocol>
<IOConfig></IOConfig>
<Dir>in</Dir>
<Bits>1</Bits>
<Attribute>control</Attribute>
</RtlPorts>
<RtlPorts>
<name>ap_done</name>
<Object>softmax_Pipeline_VITIS_LOOP_15_1</Object>
<Type>return value</Type>
<Scope></Scope>
<IOProtocol>ap_ctrl_hs</IOProtocol>
<IOConfig></IOConfig>
<Dir>out</Dir>
<Bits>1</Bits>
<Attribute>control</Attribute>
</RtlPorts>
<RtlPorts>
<name>ap_idle</name>
<Object>softmax_Pipeline_VITIS_LOOP_15_1</Object>
<Type>return value</Type>
<Scope></Scope>
<IOProtocol>ap_ctrl_hs</IOProtocol>
<IOConfig></IOConfig>
<Dir>out</Dir>
<Bits>1</Bits>
<Attribute>control</Attribute>
</RtlPorts>
<RtlPorts>
<name>ap_ready</name>
<Object>softmax_Pipeline_VITIS_LOOP_15_1</Object>
<Type>return value</Type>
<Scope></Scope>
<IOProtocol>ap_ctrl_hs</IOProtocol>
<IOConfig></IOConfig>
<Dir>out</Dir>
<Bits>1</Bits>
<Attribute>control</Attribute>
</RtlPorts>
<RtlPorts>
<name>m_V</name>
<Object>m_V</Object>
<Type>scalar</Type>
<Scope></Scope>
<IOProtocol>ap_none</IOProtocol>
<IOConfig></IOConfig>
<Dir>in</Dir>
<Bits>24</Bits>
<Attribute>data</Attribute>
</RtlPorts>
<RtlPorts>
<name>input_r_address0</name>
<Object>input_r</Object>
<Type>array</Type>
<Scope></Scope>
<IOProtocol>ap_memory</IOProtocol>
<IOConfig></IOConfig>
<Dir>out</Dir>
<Bits>4</Bits>
<Attribute>address</Attribute>
</RtlPorts>
<RtlPorts>
<name>input_r_ce0</name>
<Object>input_r</Object>
<Type>array</Type>
<Scope></Scope>
<IOProtocol>ap_memory</IOProtocol>
<IOConfig></IOConfig>
<Dir>out</Dir>
<Bits>1</Bits>
<Attribute>control</Attribute>
</RtlPorts>
<RtlPorts>
<name>input_r_q0</name>
<Object>input_r</Object>
<Type>array</Type>
<Scope></Scope>
<IOProtocol>ap_memory</IOProtocol>
<IOConfig></IOConfig>
<Dir>in</Dir>
<Bits>24</Bits>
<Attribute>data</Attribute>
</RtlPorts>
<RtlPorts>
<name>m_V_1_out</name>
<Object>m_V_1_out</Object>
<Type>pointer</Type>
<Scope></Scope>
<IOProtocol>ap_vld</IOProtocol>
<IOConfig></IOConfig>
<Dir>out</Dir>
<Bits>24</Bits>
<Attribute>data</Attribute>
</RtlPorts>
<RtlPorts>
<name>m_V_1_out_ap_vld</name>
<Object>m_V_1_out</Object>
<Type>pointer</Type>
<Scope></Scope>
<IOProtocol>ap_vld</IOProtocol>
<IOConfig></IOConfig>
<Dir>out</Dir>
<Bits>1</Bits>
<Attribute>control</Attribute>
</RtlPorts>
</InterfaceSummary>
</Module>
<Module>
<Name>exp_24_10_s</Name>
<PerformanceEstimates>
<SummaryOfTimingAnalysis>
<TargetClockPeriod>10.00</TargetClockPeriod>
<ClockUncertainty>2.70</ClockUncertainty>
<TargetInitiationInterval>4294967295</TargetInitiationInterval>
<EstimatedClockPeriod>7.188</EstimatedClockPeriod>
</SummaryOfTimingAnalysis>
<SummaryOfOverallLatency>
<Best-caseLatency>14</Best-caseLatency>
<Average-caseLatency>14</Average-caseLatency>
<Worst-caseLatency>14</Worst-caseLatency>
<Best-caseRealTimeLatency>0.140 us</Best-caseRealTimeLatency>
<Average-caseRealTimeLatency>0.140 us</Average-caseRealTimeLatency>
<Worst-caseRealTimeLatency>0.140 us</Worst-caseRealTimeLatency>
<PipelineInitiationInterval>1</PipelineInitiationInterval>
<PipelineDepth>15</PipelineDepth>
<PipelineType>yes</PipelineType>
</SummaryOfOverallLatency>
</PerformanceEstimates>
<AreaEstimates>
<Resources>
<BRAM_18K>5</BRAM_18K>
<AVAIL_BRAM>530</AVAIL_BRAM>
<UTIL_BRAM>~0</UTIL_BRAM>
<DSP>8</DSP>
<AVAIL_DSP>400</AVAIL_DSP>
<UTIL_DSP>2</UTIL_DSP>
<FF>1588</FF>
<AVAIL_FF>157200</AVAIL_FF>
<UTIL_FF>1</UTIL_FF>
<LUT>770</LUT>
<AVAIL_LUT>78600</AVAIL_LUT>
<UTIL_LUT>~0</UTIL_LUT>
<URAM>0</URAM>
<AVAIL_URAM>0</AVAIL_URAM>
<UTIL_URAM>0</UTIL_URAM>
</Resources>
</AreaEstimates>
<InterfaceSummary>
<RtlPorts>
<name>ap_clk</name>
<Object>exp&lt;24, 10&gt;</Object>
<Type>return value</Type>
<Scope></Scope>
<IOProtocol>ap_ctrl_hs</IOProtocol>
<IOConfig></IOConfig>
<Dir>in</Dir>
<Bits>1</Bits>
<Attribute>control</Attribute>
</RtlPorts>
<RtlPorts>
<name>ap_rst</name>
<Object>exp&lt;24, 10&gt;</Object>
<Type>return value</Type>
<Scope></Scope>
<IOProtocol>ap_ctrl_hs</IOProtocol>
<IOConfig></IOConfig>
<Dir>in</Dir>
<Bits>1</Bits>
<Attribute>control</Attribute>
</RtlPorts>
<RtlPorts>
<name>ap_start</name>
<Object>exp&lt;24, 10&gt;</Object>
<Type>return value</Type>
<Scope></Scope>
<IOProtocol>ap_ctrl_hs</IOProtocol>
<IOConfig></IOConfig>
<Dir>in</Dir>
<Bits>1</Bits>
<Attribute>control</Attribute>
</RtlPorts>
<RtlPorts>
<name>ap_done</name>
<Object>exp&lt;24, 10&gt;</Object>
<Type>return value</Type>
<Scope></Scope>
<IOProtocol>ap_ctrl_hs</IOProtocol>
<IOConfig></IOConfig>
<Dir>out</Dir>
<Bits>1</Bits>
<Attribute>control</Attribute>
</RtlPorts>
<RtlPorts>
<name>ap_idle</name>
<Object>exp&lt;24, 10&gt;</Object>
<Type>return value</Type>
<Scope></Scope>
<IOProtocol>ap_ctrl_hs</IOProtocol>
<IOConfig></IOConfig>
<Dir>out</Dir>
<Bits>1</Bits>
<Attribute>control</Attribute>
</RtlPorts>
<RtlPorts>
<name>ap_ready</name>
<Object>exp&lt;24, 10&gt;</Object>
<Type>return value</Type>
<Scope></Scope>
<IOProtocol>ap_ctrl_hs</IOProtocol>
<IOConfig></IOConfig>
<Dir>out</Dir>
<Bits>1</Bits>
<Attribute>control</Attribute>
</RtlPorts>
<RtlPorts>
<name>ap_return</name>
<Object>exp&lt;24, 10&gt;</Object>
<Type>return value</Type>
<Scope></Scope>
<IOProtocol>ap_ctrl_hs</IOProtocol>
<IOConfig></IOConfig>
<Dir>out</Dir>
<Bits>23</Bits>
<Attribute>data</Attribute>
</RtlPorts>
<RtlPorts>
<name>x</name>
<Object>x</Object>
<Type>scalar</Type>
<Scope></Scope>
<IOProtocol>ap_none</IOProtocol>
<IOConfig></IOConfig>
<Dir>in</Dir>
<Bits>24</Bits>
<Attribute>data</Attribute>
</RtlPorts>
</InterfaceSummary>
</Module>
<Module>
<Name>softmax_Pipeline_softmax_sum</Name>
<Loops>
<softmax_sum></softmax_sum>
</Loops>
<PerformanceEstimates>
<SummaryOfTimingAnalysis>
<TargetClockPeriod>10.00</TargetClockPeriod>
<ClockUncertainty>2.70</ClockUncertainty>
<EstimatedClockPeriod>7.188</EstimatedClockPeriod>
</SummaryOfTimingAnalysis>
<SummaryOfOverallLatency>
<Best-caseLatency>27</Best-caseLatency>
<Average-caseLatency>27</Average-caseLatency>
<Worst-caseLatency>27</Worst-caseLatency>
<Best-caseRealTimeLatency>0.270 us</Best-caseRealTimeLatency>
<Average-caseRealTimeLatency>0.270 us</Average-caseRealTimeLatency>
<Worst-caseRealTimeLatency>0.270 us</Worst-caseRealTimeLatency>
<PipelineInitiationInterval>27</PipelineInitiationInterval>
<PipelineType>no</PipelineType>
</SummaryOfOverallLatency>
<SummaryOfLoopLatency>
<softmax_sum>
<Name>softmax_sum</Name>
<TripCount>10</TripCount>
<Latency>25</Latency>
<AbsoluteTimeLatency>0.250 us</AbsoluteTimeLatency>
<PipelineII>1</PipelineII>
<PipelineDepth>17</PipelineDepth>
<PipelineType>yes</PipelineType>
<InstanceList>
<Instance>grp_exp_24_10_s_fu_80</Instance>
</InstanceList>
</softmax_sum>
</SummaryOfLoopLatency>
</PerformanceEstimates>
<AreaEstimates>
<Resources>
<FF>151</FF>
<AVAIL_FF>157200</AVAIL_FF>
<UTIL_FF>~0</UTIL_FF>
<LUT>163</LUT>
<AVAIL_LUT>78600</AVAIL_LUT>
<UTIL_LUT>~0</UTIL_LUT>
<BRAM_18K>0</BRAM_18K>
<AVAIL_BRAM>530</AVAIL_BRAM>
<UTIL_BRAM>0</UTIL_BRAM>
<DSP>0</DSP>
<AVAIL_DSP>400</AVAIL_DSP>
<UTIL_DSP>0</UTIL_DSP>
<URAM>0</URAM>
<AVAIL_URAM>0</AVAIL_URAM>
<UTIL_URAM>0</UTIL_URAM>
</Resources>
</AreaEstimates>
<InterfaceSummary>
<RtlPorts>
<name>ap_clk</name>
<Object>softmax_Pipeline_softmax_sum</Object>
<Type>return value</Type>
<Scope></Scope>
<IOProtocol>ap_ctrl_hs</IOProtocol>
<IOConfig></IOConfig>
<Dir>in</Dir>
<Bits>1</Bits>
<Attribute>control</Attribute>
</RtlPorts>
<RtlPorts>
<name>ap_rst</name>
<Object>softmax_Pipeline_softmax_sum</Object>
<Type>return value</Type>
<Scope></Scope>
<IOProtocol>ap_ctrl_hs</IOProtocol>
<IOConfig></IOConfig>
<Dir>in</Dir>
<Bits>1</Bits>
<Attribute>control</Attribute>
</RtlPorts>
<RtlPorts>
<name>ap_start</name>
<Object>softmax_Pipeline_softmax_sum</Object>
<Type>return value</Type>
<Scope></Scope>
<IOProtocol>ap_ctrl_hs</IOProtocol>
<IOConfig></IOConfig>
<Dir>in</Dir>
<Bits>1</Bits>
<Attribute>control</Attribute>
</RtlPorts>
<RtlPorts>
<name>ap_done</name>
<Object>softmax_Pipeline_softmax_sum</Object>
<Type>return value</Type>
<Scope></Scope>
<IOProtocol>ap_ctrl_hs</IOProtocol>
<IOConfig></IOConfig>
<Dir>out</Dir>
<Bits>1</Bits>
<Attribute>control</Attribute>
</RtlPorts>
<RtlPorts>
<name>ap_idle</name>
<Object>softmax_Pipeline_softmax_sum</Object>
<Type>return value</Type>
<Scope></Scope>
<IOProtocol>ap_ctrl_hs</IOProtocol>
<IOConfig></IOConfig>
<Dir>out</Dir>
<Bits>1</Bits>
<Attribute>control</Attribute>
</RtlPorts>
<RtlPorts>
<name>ap_ready</name>
<Object>softmax_Pipeline_softmax_sum</Object>
<Type>return value</Type>
<Scope></Scope>
<IOProtocol>ap_ctrl_hs</IOProtocol>
<IOConfig></IOConfig>
<Dir>out</Dir>
<Bits>1</Bits>
<Attribute>control</Attribute>
</RtlPorts>
<RtlPorts>
<name>grp_exp_24_10_s_fu_624_p_din1</name>
<Object>softmax_Pipeline_softmax_sum</Object>
<Type>return value</Type>
<Scope></Scope>
<IOProtocol>ap_ctrl_hs</IOProtocol>
<IOConfig></IOConfig>
<Dir>out</Dir>
<Bits>24</Bits>
<Attribute>data</Attribute>
</RtlPorts>
<RtlPorts>
<name>grp_exp_24_10_s_fu_624_p_dout0</name>
<Object>softmax_Pipeline_softmax_sum</Object>
<Type>return value</Type>
<Scope></Scope>
<IOProtocol>ap_ctrl_hs</IOProtocol>
<IOConfig></IOConfig>
<Dir>in</Dir>
<Bits>23</Bits>
<Attribute>data</Attribute>
</RtlPorts>
<RtlPorts>
<name>grp_exp_24_10_s_fu_624_p_start</name>
<Object>softmax_Pipeline_softmax_sum</Object>
<Type>return value</Type>
<Scope></Scope>
<IOProtocol>ap_ctrl_hs</IOProtocol>
<IOConfig></IOConfig>
<Dir>out</Dir>
<Bits>1</Bits>
<Attribute>data</Attribute>
</RtlPorts>
<RtlPorts>
<name>grp_exp_24_10_s_fu_624_p_ready</name>
<Object>softmax_Pipeline_softmax_sum</Object>
<Type>return value</Type>
<Scope></Scope>
<IOProtocol>ap_ctrl_hs</IOProtocol>
<IOConfig></IOConfig>
<Dir>in</Dir>
<Bits>1</Bits>
<Attribute>data</Attribute>
</RtlPorts>
<RtlPorts>
<name>grp_exp_24_10_s_fu_624_p_done</name>
<Object>softmax_Pipeline_softmax_sum</Object>
<Type>return value</Type>
<Scope></Scope>
<IOProtocol>ap_ctrl_hs</IOProtocol>
<IOConfig></IOConfig>
<Dir>in</Dir>
<Bits>1</Bits>
<Attribute>data</Attribute>
</RtlPorts>
<RtlPorts>
<name>grp_exp_24_10_s_fu_624_p_idle</name>
<Object>softmax_Pipeline_softmax_sum</Object>
<Type>return value</Type>
<Scope></Scope>
<IOProtocol>ap_ctrl_hs</IOProtocol>
<IOConfig></IOConfig>
<Dir>in</Dir>
<Bits>1</Bits>
<Attribute>data</Attribute>
</RtlPorts>
<RtlPorts>
<name>input_r_address0</name>
<Object>input_r</Object>
<Type>array</Type>
<Scope></Scope>
<IOProtocol>ap_memory</IOProtocol>
<IOConfig></IOConfig>
<Dir>out</Dir>
<Bits>4</Bits>
<Attribute>address</Attribute>
</RtlPorts>
<RtlPorts>
<name>input_r_ce0</name>
<Object>input_r</Object>
<Type>array</Type>
<Scope></Scope>
<IOProtocol>ap_memory</IOProtocol>
<IOConfig></IOConfig>
<Dir>out</Dir>
<Bits>1</Bits>
<Attribute>control</Attribute>
</RtlPorts>
<RtlPorts>
<name>input_r_q0</name>
<Object>input_r</Object>
<Type>array</Type>
<Scope></Scope>
<IOProtocol>ap_memory</IOProtocol>
<IOConfig></IOConfig>
<Dir>in</Dir>
<Bits>24</Bits>
<Attribute>data</Attribute>
</RtlPorts>
<RtlPorts>
<name>m_V_1_reload</name>
<Object>m_V_1_reload</Object>
<Type>scalar</Type>
<Scope></Scope>
<IOProtocol>ap_none</IOProtocol>
<IOConfig></IOConfig>
<Dir>in</Dir>
<Bits>24</Bits>
<Attribute>data</Attribute>
</RtlPorts>
<RtlPorts>
<name>sum_V_out</name>
<Object>sum_V_out</Object>
<Type>pointer</Type>
<Scope></Scope>
<IOProtocol>ap_vld</IOProtocol>
<IOConfig></IOConfig>
<Dir>out</Dir>
<Bits>24</Bits>
<Attribute>data</Attribute>
</RtlPorts>
<RtlPorts>
<name>sum_V_out_ap_vld</name>
<Object>sum_V_out</Object>
<Type>pointer</Type>
<Scope></Scope>
<IOProtocol>ap_vld</IOProtocol>
<IOConfig></IOConfig>
<Dir>out</Dir>
<Bits>1</Bits>
<Attribute>control</Attribute>
</RtlPorts>
</InterfaceSummary>
</Module>
<Module>
<Name>log_24_10_s</Name>
<PerformanceEstimates>
<SummaryOfTimingAnalysis>
<TargetClockPeriod>10.00</TargetClockPeriod>
<ClockUncertainty>2.70</ClockUncertainty>
<TargetInitiationInterval>4294967295</TargetInitiationInterval>
<EstimatedClockPeriod>6.912</EstimatedClockPeriod>
</SummaryOfTimingAnalysis>
<SummaryOfOverallLatency>
<Best-caseLatency>11</Best-caseLatency>
<Average-caseLatency>11</Average-caseLatency>
<Worst-caseLatency>11</Worst-caseLatency>
<Best-caseRealTimeLatency>0.110 us</Best-caseRealTimeLatency>
<Average-caseRealTimeLatency>0.110 us</Average-caseRealTimeLatency>
<Worst-caseRealTimeLatency>0.110 us</Worst-caseRealTimeLatency>
<PipelineInitiationInterval>1</PipelineInitiationInterval>
<PipelineDepth>12</PipelineDepth>
<PipelineType>yes</PipelineType>
</SummaryOfOverallLatency>
</PerformanceEstimates>
<AreaEstimates>
<Resources>
<BRAM_18K>1</BRAM_18K>
<AVAIL_BRAM>530</AVAIL_BRAM>
<UTIL_BRAM>~0</UTIL_BRAM>
<DSP>3</DSP>
<AVAIL_DSP>400</AVAIL_DSP>
<UTIL_DSP>~0</UTIL_DSP>
<FF>1019</FF>
<AVAIL_FF>157200</AVAIL_FF>
<UTIL_FF>~0</UTIL_FF>
<LUT>1307</LUT>
<AVAIL_LUT>78600</AVAIL_LUT>
<UTIL_LUT>1</UTIL_LUT>
<URAM>0</URAM>
<AVAIL_URAM>0</AVAIL_URAM>
<UTIL_URAM>0</UTIL_URAM>
</Resources>
</AreaEstimates>
<InterfaceSummary>
<RtlPorts>
<name>ap_clk</name>
<Object>log&lt;24, 10&gt;</Object>
<Type>return value</Type>
<Scope></Scope>
<IOProtocol>ap_ctrl_hs</IOProtocol>
<IOConfig></IOConfig>
<Dir>in</Dir>
<Bits>1</Bits>
<Attribute>control</Attribute>
</RtlPorts>
<RtlPorts>
<name>ap_rst</name>
<Object>log&lt;24, 10&gt;</Object>
<Type>return value</Type>
<Scope></Scope>
<IOProtocol>ap_ctrl_hs</IOProtocol>
<IOConfig></IOConfig>
<Dir>in</Dir>
<Bits>1</Bits>
<Attribute>control</Attribute>
</RtlPorts>
<RtlPorts>
<name>ap_start</name>
<Object>log&lt;24, 10&gt;</Object>
<Type>return value</Type>
<Scope></Scope>
<IOProtocol>ap_ctrl_hs</IOProtocol>
<IOConfig></IOConfig>
<Dir>in</Dir>
<Bits>1</Bits>
<Attribute>control</Attribute>
</RtlPorts>
<RtlPorts>
<name>ap_done</name>
<Object>log&lt;24, 10&gt;</Object>
<Type>return value</Type>
<Scope></Scope>
<IOProtocol>ap_ctrl_hs</IOProtocol>
<IOConfig></IOConfig>
<Dir>out</Dir>
<Bits>1</Bits>
<Attribute>control</Attribute>
</RtlPorts>
<RtlPorts>
<name>ap_idle</name>
<Object>log&lt;24, 10&gt;</Object>
<Type>return value</Type>
<Scope></Scope>
<IOProtocol>ap_ctrl_hs</IOProtocol>
<IOConfig></IOConfig>
<Dir>out</Dir>
<Bits>1</Bits>
<Attribute>control</Attribute>
</RtlPorts>
<RtlPorts>
<name>ap_ready</name>
<Object>log&lt;24, 10&gt;</Object>
<Type>return value</Type>
<Scope></Scope>
<IOProtocol>ap_ctrl_hs</IOProtocol>
<IOConfig></IOConfig>
<Dir>out</Dir>
<Bits>1</Bits>
<Attribute>control</Attribute>
</RtlPorts>
<RtlPorts>
<name>ap_return</name>
<Object>log&lt;24, 10&gt;</Object>
<Type>return value</Type>
<Scope></Scope>
<IOProtocol>ap_ctrl_hs</IOProtocol>
<IOConfig></IOConfig>
<Dir>out</Dir>
<Bits>24</Bits>
<Attribute>data</Attribute>
</RtlPorts>
<RtlPorts>
<name>x</name>
<Object>x</Object>
<Type>scalar</Type>
<Scope></Scope>
<IOProtocol>ap_none</IOProtocol>
<IOConfig></IOConfig>
<Dir>in</Dir>
<Bits>24</Bits>
<Attribute>data</Attribute>
</RtlPorts>
</InterfaceSummary>
</Module>
<Module>
<Name>softmax_Pipeline_softmax_exp</Name>
<Loops>
<softmax_exp></softmax_exp>
</Loops>
<PerformanceEstimates>
<SummaryOfTimingAnalysis>
<TargetClockPeriod>10.00</TargetClockPeriod>
<ClockUncertainty>2.70</ClockUncertainty>
<EstimatedClockPeriod>7.188</EstimatedClockPeriod>
</SummaryOfTimingAnalysis>
<SummaryOfOverallLatency>
<Best-caseLatency>27</Best-caseLatency>
<Average-caseLatency>27</Average-caseLatency>
<Worst-caseLatency>27</Worst-caseLatency>
<Best-caseRealTimeLatency>0.270 us</Best-caseRealTimeLatency>
<Average-caseRealTimeLatency>0.270 us</Average-caseRealTimeLatency>
<Worst-caseRealTimeLatency>0.270 us</Worst-caseRealTimeLatency>
<PipelineInitiationInterval>27</PipelineInitiationInterval>
<PipelineType>no</PipelineType>
</SummaryOfOverallLatency>
<SummaryOfLoopLatency>
<softmax_exp>
<Name>softmax_exp</Name>
<TripCount>10</TripCount>
<Latency>25</Latency>
<AbsoluteTimeLatency>0.250 us</AbsoluteTimeLatency>
<PipelineII>1</PipelineII>
<PipelineDepth>17</PipelineDepth>
<PipelineType>yes</PipelineType>
<InstanceList>
<Instance>grp_exp_24_10_s_fu_67</Instance>
</InstanceList>
</softmax_exp>
</SummaryOfLoopLatency>
</PerformanceEstimates>
<AreaEstimates>
<Resources>
<FF>130</FF>
<AVAIL_FF>157200</AVAIL_FF>
<UTIL_FF>~0</UTIL_FF>
<LUT>123</LUT>
<AVAIL_LUT>78600</AVAIL_LUT>
<UTIL_LUT>~0</UTIL_LUT>
<BRAM_18K>0</BRAM_18K>
<AVAIL_BRAM>530</AVAIL_BRAM>
<UTIL_BRAM>0</UTIL_BRAM>
<DSP>0</DSP>
<AVAIL_DSP>400</AVAIL_DSP>
<UTIL_DSP>0</UTIL_DSP>
<URAM>0</URAM>
<AVAIL_URAM>0</AVAIL_URAM>
<UTIL_URAM>0</UTIL_URAM>
</Resources>
</AreaEstimates>
<InterfaceSummary>
<RtlPorts>
<name>ap_clk</name>
<Object>softmax_Pipeline_softmax_exp</Object>
<Type>return value</Type>
<Scope></Scope>
<IOProtocol>ap_ctrl_hs</IOProtocol>
<IOConfig></IOConfig>
<Dir>in</Dir>
<Bits>1</Bits>
<Attribute>control</Attribute>
</RtlPorts>
<RtlPorts>
<name>ap_rst</name>
<Object>softmax_Pipeline_softmax_exp</Object>
<Type>return value</Type>
<Scope></Scope>
<IOProtocol>ap_ctrl_hs</IOProtocol>
<IOConfig></IOConfig>
<Dir>in</Dir>
<Bits>1</Bits>
<Attribute>control</Attribute>
</RtlPorts>
<RtlPorts>
<name>ap_start</name>
<Object>softmax_Pipeline_softmax_exp</Object>
<Type>return value</Type>
<Scope></Scope>
<IOProtocol>ap_ctrl_hs</IOProtocol>
<IOConfig></IOConfig>
<Dir>in</Dir>
<Bits>1</Bits>
<Attribute>control</Attribute>
</RtlPorts>
<RtlPorts>
<name>ap_done</name>
<Object>softmax_Pipeline_softmax_exp</Object>
<Type>return value</Type>
<Scope></Scope>
<IOProtocol>ap_ctrl_hs</IOProtocol>
<IOConfig></IOConfig>
<Dir>out</Dir>
<Bits>1</Bits>
<Attribute>control</Attribute>
</RtlPorts>
<RtlPorts>
<name>ap_idle</name>
<Object>softmax_Pipeline_softmax_exp</Object>
<Type>return value</Type>
<Scope></Scope>
<IOProtocol>ap_ctrl_hs</IOProtocol>
<IOConfig></IOConfig>
<Dir>out</Dir>
<Bits>1</Bits>
<Attribute>control</Attribute>
</RtlPorts>
<RtlPorts>
<name>ap_ready</name>
<Object>softmax_Pipeline_softmax_exp</Object>
<Type>return value</Type>
<Scope></Scope>
<IOProtocol>ap_ctrl_hs</IOProtocol>
<IOConfig></IOConfig>
<Dir>out</Dir>
<Bits>1</Bits>
<Attribute>control</Attribute>
</RtlPorts>
<RtlPorts>
<name>grp_exp_24_10_s_fu_624_p_din1</name>
<Object>softmax_Pipeline_softmax_exp</Object>
<Type>return value</Type>
<Scope></Scope>
<IOProtocol>ap_ctrl_hs</IOProtocol>
<IOConfig></IOConfig>
<Dir>out</Dir>
<Bits>24</Bits>
<Attribute>data</Attribute>
</RtlPorts>
<RtlPorts>
<name>grp_exp_24_10_s_fu_624_p_dout0</name>
<Object>softmax_Pipeline_softmax_exp</Object>
<Type>return value</Type>
<Scope></Scope>
<IOProtocol>ap_ctrl_hs</IOProtocol>
<IOConfig></IOConfig>
<Dir>in</Dir>
<Bits>23</Bits>
<Attribute>data</Attribute>
</RtlPorts>
<RtlPorts>
<name>grp_exp_24_10_s_fu_624_p_start</name>
<Object>softmax_Pipeline_softmax_exp</Object>
<Type>return value</Type>
<Scope></Scope>
<IOProtocol>ap_ctrl_hs</IOProtocol>
<IOConfig></IOConfig>
<Dir>out</Dir>
<Bits>1</Bits>
<Attribute>data</Attribute>
</RtlPorts>
<RtlPorts>
<name>grp_exp_24_10_s_fu_624_p_ready</name>
<Object>softmax_Pipeline_softmax_exp</Object>
<Type>return value</Type>
<Scope></Scope>
<IOProtocol>ap_ctrl_hs</IOProtocol>
<IOConfig></IOConfig>
<Dir>in</Dir>
<Bits>1</Bits>
<Attribute>data</Attribute>
</RtlPorts>
<RtlPorts>
<name>grp_exp_24_10_s_fu_624_p_done</name>
<Object>softmax_Pipeline_softmax_exp</Object>
<Type>return value</Type>
<Scope></Scope>
<IOProtocol>ap_ctrl_hs</IOProtocol>
<IOConfig></IOConfig>
<Dir>in</Dir>
<Bits>1</Bits>
<Attribute>data</Attribute>
</RtlPorts>
<RtlPorts>
<name>grp_exp_24_10_s_fu_624_p_idle</name>
<Object>softmax_Pipeline_softmax_exp</Object>
<Type>return value</Type>
<Scope></Scope>
<IOProtocol>ap_ctrl_hs</IOProtocol>
<IOConfig></IOConfig>
<Dir>in</Dir>
<Bits>1</Bits>
<Attribute>data</Attribute>
</RtlPorts>
<RtlPorts>
<name>input_r_address0</name>
<Object>input_r</Object>
<Type>array</Type>
<Scope></Scope>
<IOProtocol>ap_memory</IOProtocol>
<IOConfig></IOConfig>
<Dir>out</Dir>
<Bits>4</Bits>
<Attribute>address</Attribute>
</RtlPorts>
<RtlPorts>
<name>input_r_ce0</name>
<Object>input_r</Object>
<Type>array</Type>
<Scope></Scope>
<IOProtocol>ap_memory</IOProtocol>
<IOConfig></IOConfig>
<Dir>out</Dir>
<Bits>1</Bits>
<Attribute>control</Attribute>
</RtlPorts>
<RtlPorts>
<name>input_r_we0</name>
<Object>input_r</Object>
<Type>array</Type>
<Scope></Scope>
<IOProtocol>ap_memory</IOProtocol>
<IOConfig></IOConfig>
<Dir>out</Dir>
<Bits>1</Bits>
<Attribute>control</Attribute>
</RtlPorts>
<RtlPorts>
<name>input_r_d0</name>
<Object>input_r</Object>
<Type>array</Type>
<Scope></Scope>
<IOProtocol>ap_memory</IOProtocol>
<IOConfig></IOConfig>
<Dir>out</Dir>
<Bits>24</Bits>
<Attribute>data</Attribute>
</RtlPorts>
<RtlPorts>
<name>input_r_address1</name>
<Object>input_r</Object>
<Type>array</Type>
<Scope></Scope>
<IOProtocol>ap_memory</IOProtocol>
<IOConfig></IOConfig>
<Dir>out</Dir>
<Bits>4</Bits>
<Attribute>address</Attribute>
</RtlPorts>
<RtlPorts>
<name>input_r_ce1</name>
<Object>input_r</Object>
<Type>array</Type>
<Scope></Scope>
<IOProtocol>ap_memory</IOProtocol>
<IOConfig></IOConfig>
<Dir>out</Dir>
<Bits>1</Bits>
<Attribute>control</Attribute>
</RtlPorts>
<RtlPorts>
<name>input_r_q1</name>
<Object>input_r</Object>
<Type>array</Type>
<Scope></Scope>
<IOProtocol>ap_memory</IOProtocol>
<IOConfig></IOConfig>
<Dir>in</Dir>
<Bits>24</Bits>
<Attribute>data</Attribute>
</RtlPorts>
<RtlPorts>
<name>add_ln712</name>
<Object>add_ln712</Object>
<Type>scalar</Type>
<Scope></Scope>
<IOProtocol>ap_none</IOProtocol>
<IOConfig></IOConfig>
<Dir>in</Dir>
<Bits>24</Bits>
<Attribute>data</Attribute>
</RtlPorts>
</InterfaceSummary>
</Module>
<Module>
<Name>softmax</Name>
<PerformanceEstimates>
<SummaryOfTimingAnalysis>
<TargetClockPeriod>10.00</TargetClockPeriod>
<ClockUncertainty>2.70</ClockUncertainty>
<EstimatedClockPeriod>7.188</EstimatedClockPeriod>
</SummaryOfTimingAnalysis>
<SummaryOfOverallLatency>
<Best-caseLatency>90</Best-caseLatency>
<Average-caseLatency>90</Average-caseLatency>
<Worst-caseLatency>90</Worst-caseLatency>
<Best-caseRealTimeLatency>0.900 us</Best-caseRealTimeLatency>
<Average-caseRealTimeLatency>0.900 us</Average-caseRealTimeLatency>
<Worst-caseRealTimeLatency>0.900 us</Worst-caseRealTimeLatency>
<PipelineInitiationInterval>90</PipelineInitiationInterval>
<PipelineType>no</PipelineType>
</SummaryOfOverallLatency>
</PerformanceEstimates>
<AreaEstimates>
<Resources>
<BRAM_18K>6</BRAM_18K>
<AVAIL_BRAM>530</AVAIL_BRAM>
<UTIL_BRAM>1</UTIL_BRAM>
<DSP>11</DSP>
<AVAIL_DSP>400</AVAIL_DSP>
<UTIL_DSP>2</UTIL_DSP>
<FF>3301</FF>
<AVAIL_FF>157200</AVAIL_FF>
<UTIL_FF>2</UTIL_FF>
<LUT>3730</LUT>
<AVAIL_LUT>78600</AVAIL_LUT>
<UTIL_LUT>4</UTIL_LUT>
<URAM>0</URAM>
<AVAIL_URAM>0</AVAIL_URAM>
<UTIL_URAM>0</UTIL_URAM>
</Resources>
</AreaEstimates>
<InterfaceSummary>
<RtlPorts>
<name>ap_clk</name>
<Object>softmax</Object>
<Type>return value</Type>
<Scope></Scope>
<IOProtocol>ap_ctrl_hs</IOProtocol>
<IOConfig></IOConfig>
<Dir>in</Dir>
<Bits>1</Bits>
<Attribute>control</Attribute>
</RtlPorts>
<RtlPorts>
<name>ap_rst</name>
<Object>softmax</Object>
<Type>return value</Type>
<Scope></Scope>
<IOProtocol>ap_ctrl_hs</IOProtocol>
<IOConfig></IOConfig>
<Dir>in</Dir>
<Bits>1</Bits>
<Attribute>control</Attribute>
</RtlPorts>
<RtlPorts>
<name>ap_start</name>
<Object>softmax</Object>
<Type>return value</Type>
<Scope></Scope>
<IOProtocol>ap_ctrl_hs</IOProtocol>
<IOConfig></IOConfig>
<Dir>in</Dir>
<Bits>1</Bits>
<Attribute>control</Attribute>
</RtlPorts>
<RtlPorts>
<name>ap_done</name>
<Object>softmax</Object>
<Type>return value</Type>
<Scope></Scope>
<IOProtocol>ap_ctrl_hs</IOProtocol>
<IOConfig></IOConfig>
<Dir>out</Dir>
<Bits>1</Bits>
<Attribute>control</Attribute>
</RtlPorts>
<RtlPorts>
<name>ap_idle</name>
<Object>softmax</Object>
<Type>return value</Type>
<Scope></Scope>
<IOProtocol>ap_ctrl_hs</IOProtocol>
<IOConfig></IOConfig>
<Dir>out</Dir>
<Bits>1</Bits>
<Attribute>control</Attribute>
</RtlPorts>
<RtlPorts>
<name>ap_ready</name>
<Object>softmax</Object>
<Type>return value</Type>
<Scope></Scope>
<IOProtocol>ap_ctrl_hs</IOProtocol>
<IOConfig></IOConfig>
<Dir>out</Dir>
<Bits>1</Bits>
<Attribute>control</Attribute>
</RtlPorts>
<RtlPorts>
<name>input_r_address0</name>
<Object>input_r</Object>
<Type>array</Type>
<Scope></Scope>
<IOProtocol>ap_memory</IOProtocol>
<IOConfig></IOConfig>
<Dir>out</Dir>
<Bits>4</Bits>
<Attribute>address</Attribute>
</RtlPorts>
<RtlPorts>
<name>input_r_ce0</name>
<Object>input_r</Object>
<Type>array</Type>
<Scope></Scope>
<IOProtocol>ap_memory</IOProtocol>
<IOConfig></IOConfig>
<Dir>out</Dir>
<Bits>1</Bits>
<Attribute>control</Attribute>
</RtlPorts>
<RtlPorts>
<name>input_r_we0</name>
<Object>input_r</Object>
<Type>array</Type>
<Scope></Scope>
<IOProtocol>ap_memory</IOProtocol>
<IOConfig></IOConfig>
<Dir>out</Dir>
<Bits>1</Bits>
<Attribute>control</Attribute>
</RtlPorts>
<RtlPorts>
<name>input_r_d0</name>
<Object>input_r</Object>
<Type>array</Type>
<Scope></Scope>
<IOProtocol>ap_memory</IOProtocol>
<IOConfig></IOConfig>
<Dir>out</Dir>
<Bits>24</Bits>
<Attribute>data</Attribute>
</RtlPorts>
<RtlPorts>
<name>input_r_q0</name>
<Object>input_r</Object>
<Type>array</Type>
<Scope></Scope>
<IOProtocol>ap_memory</IOProtocol>
<IOConfig></IOConfig>
<Dir>in</Dir>
<Bits>24</Bits>
<Attribute>data</Attribute>
</RtlPorts>
<RtlPorts>
<name>input_r_address1</name>
<Object>input_r</Object>
<Type>array</Type>
<Scope></Scope>
<IOProtocol>ap_memory</IOProtocol>
<IOConfig></IOConfig>
<Dir>out</Dir>
<Bits>4</Bits>
<Attribute>address</Attribute>
</RtlPorts>
<RtlPorts>
<name>input_r_ce1</name>
<Object>input_r</Object>
<Type>array</Type>
<Scope></Scope>
<IOProtocol>ap_memory</IOProtocol>
<IOConfig></IOConfig>
<Dir>out</Dir>
<Bits>1</Bits>
<Attribute>control</Attribute>
</RtlPorts>
<RtlPorts>
<name>input_r_q1</name>
<Object>input_r</Object>
<Type>array</Type>
<Scope></Scope>
<IOProtocol>ap_memory</IOProtocol>
<IOConfig></IOConfig>
<Dir>in</Dir>
<Bits>24</Bits>
<Attribute>data</Attribute>
</RtlPorts>
</InterfaceSummary>
</Module>
<Module>
<Name>fc_Pipeline_fc_copy_tostream</Name>
<Loops>
<fc_copy_tostream></fc_copy_tostream>
</Loops>
<PerformanceEstimates>
<SummaryOfTimingAnalysis>
<TargetClockPeriod>10.00</TargetClockPeriod>
<ClockUncertainty>2.70</ClockUncertainty>
<EstimatedClockPeriod>5.799</EstimatedClockPeriod>
</SummaryOfTimingAnalysis>
<SummaryOfOverallLatency>
<Best-caseLatency>12</Best-caseLatency>
<Average-caseLatency>12</Average-caseLatency>
<Worst-caseLatency>12</Worst-caseLatency>
<Best-caseRealTimeLatency>0.120 us</Best-caseRealTimeLatency>
<Average-caseRealTimeLatency>0.120 us</Average-caseRealTimeLatency>
<Worst-caseRealTimeLatency>0.120 us</Worst-caseRealTimeLatency>
<PipelineInitiationInterval>12</PipelineInitiationInterval>
<PipelineType>no</PipelineType>
</SummaryOfOverallLatency>
<SummaryOfLoopLatency>
<fc_copy_tostream>
<Name>fc_copy_tostream</Name>
<TripCount>10</TripCount>
<Latency>10</Latency>
<AbsoluteTimeLatency>0.100 us</AbsoluteTimeLatency>
<PipelineII>1</PipelineII>
<PipelineDepth>2</PipelineDepth>
<PipelineType>yes</PipelineType>
<InstanceList>
</InstanceList>
</fc_copy_tostream>
</SummaryOfLoopLatency>
</PerformanceEstimates>
<AreaEstimates>
<Resources>
<FF>7</FF>
<AVAIL_FF>157200</AVAIL_FF>
<UTIL_FF>~0</UTIL_FF>
<LUT>71</LUT>
<AVAIL_LUT>78600</AVAIL_LUT>
<UTIL_LUT>~0</UTIL_LUT>
<BRAM_18K>0</BRAM_18K>
<AVAIL_BRAM>530</AVAIL_BRAM>
<UTIL_BRAM>0</UTIL_BRAM>
<DSP>0</DSP>
<AVAIL_DSP>400</AVAIL_DSP>
<UTIL_DSP>0</UTIL_DSP>
<URAM>0</URAM>
<AVAIL_URAM>0</AVAIL_URAM>
<UTIL_URAM>0</UTIL_URAM>
</Resources>
</AreaEstimates>
<InterfaceSummary>
<RtlPorts>
<name>ap_clk</name>
<Object>fc_Pipeline_fc_copy_tostream</Object>
<Type>return value</Type>
<Scope></Scope>
<IOProtocol>ap_ctrl_hs</IOProtocol>
<IOConfig></IOConfig>
<Dir>in</Dir>
<Bits>1</Bits>
<Attribute>control</Attribute>
</RtlPorts>
<RtlPorts>
<name>ap_rst</name>
<Object>fc_Pipeline_fc_copy_tostream</Object>
<Type>return value</Type>
<Scope></Scope>
<IOProtocol>ap_ctrl_hs</IOProtocol>
<IOConfig></IOConfig>
<Dir>in</Dir>
<Bits>1</Bits>
<Attribute>control</Attribute>
</RtlPorts>
<RtlPorts>
<name>ap_start</name>
<Object>fc_Pipeline_fc_copy_tostream</Object>
<Type>return value</Type>
<Scope></Scope>
<IOProtocol>ap_ctrl_hs</IOProtocol>
<IOConfig></IOConfig>
<Dir>in</Dir>
<Bits>1</Bits>
<Attribute>control</Attribute>
</RtlPorts>
<RtlPorts>
<name>ap_done</name>
<Object>fc_Pipeline_fc_copy_tostream</Object>
<Type>return value</Type>
<Scope></Scope>
<IOProtocol>ap_ctrl_hs</IOProtocol>
<IOConfig></IOConfig>
<Dir>out</Dir>
<Bits>1</Bits>
<Attribute>control</Attribute>
</RtlPorts>
<RtlPorts>
<name>ap_idle</name>
<Object>fc_Pipeline_fc_copy_tostream</Object>
<Type>return value</Type>
<Scope></Scope>
<IOProtocol>ap_ctrl_hs</IOProtocol>
<IOConfig></IOConfig>
<Dir>out</Dir>
<Bits>1</Bits>
<Attribute>control</Attribute>
</RtlPorts>
<RtlPorts>
<name>ap_ready</name>
<Object>fc_Pipeline_fc_copy_tostream</Object>
<Type>return value</Type>
<Scope></Scope>
<IOProtocol>ap_ctrl_hs</IOProtocol>
<IOConfig></IOConfig>
<Dir>out</Dir>
<Bits>1</Bits>
<Attribute>control</Attribute>
</RtlPorts>
<RtlPorts>
<name>out_r_din</name>
<Object>out_r</Object>
<Type>pointer</Type>
<Scope></Scope>
<IOProtocol>ap_fifo</IOProtocol>
<IOConfig></IOConfig>
<Dir>out</Dir>
<Bits>24</Bits>
<Attribute>control</Attribute>
</RtlPorts>
<RtlPorts>
<name>out_r_full_n</name>
<Object>out_r</Object>
<Type>pointer</Type>
<Scope></Scope>
<IOProtocol>ap_fifo</IOProtocol>
<IOConfig></IOConfig>
<Dir>in</Dir>
<Bits>1</Bits>
<Attribute>control</Attribute>
</RtlPorts>
<RtlPorts>
<name>out_r_write</name>
<Object>out_r</Object>
<Type>pointer</Type>
<Scope></Scope>
<IOProtocol>ap_fifo</IOProtocol>
<IOConfig></IOConfig>
<Dir>out</Dir>
<Bits>1</Bits>
<Attribute>control</Attribute>
</RtlPorts>
<RtlPorts>
<name>output_V_address0</name>
<Object>output_V</Object>
<Type>array</Type>
<Scope></Scope>
<IOProtocol>ap_memory</IOProtocol>
<IOConfig></IOConfig>
<Dir>out</Dir>
<Bits>4</Bits>
<Attribute>address</Attribute>
</RtlPorts>
<RtlPorts>
<name>output_V_ce0</name>
<Object>output_V</Object>
<Type>array</Type>
<Scope></Scope>
<IOProtocol>ap_memory</IOProtocol>
<IOConfig></IOConfig>
<Dir>out</Dir>
<Bits>1</Bits>
<Attribute>control</Attribute>
</RtlPorts>
<RtlPorts>
<name>output_V_q0</name>
<Object>output_V</Object>
<Type>array</Type>
<Scope></Scope>
<IOProtocol>ap_memory</IOProtocol>
<IOConfig></IOConfig>
<Dir>in</Dir>
<Bits>24</Bits>
<Attribute>data</Attribute>
</RtlPorts>
</InterfaceSummary>
</Module>
<Module>
<Name>fc</Name>
<PerformanceEstimates>
<SummaryOfTimingAnalysis>
<TargetClockPeriod>10.00</TargetClockPeriod>
<ClockUncertainty>2.70</ClockUncertainty>
<EstimatedClockPeriod>7.188</EstimatedClockPeriod>
</SummaryOfTimingAnalysis>
<SummaryOfOverallLatency>
<Best-caseLatency>5540</Best-caseLatency>
<Average-caseLatency>5540</Average-caseLatency>
<Worst-caseLatency>5540</Worst-caseLatency>
<Best-caseRealTimeLatency>55.400 us</Best-caseRealTimeLatency>
<Average-caseRealTimeLatency>55.400 us</Average-caseRealTimeLatency>
<Worst-caseRealTimeLatency>55.400 us</Worst-caseRealTimeLatency>
<PipelineInitiationInterval>5540</PipelineInitiationInterval>
<PipelineType>no</PipelineType>
</SummaryOfOverallLatency>
</PerformanceEstimates>
<AreaEstimates>
<Resources>
<BRAM_18K>86</BRAM_18K>
<AVAIL_BRAM>530</AVAIL_BRAM>
<UTIL_BRAM>16</UTIL_BRAM>
<DSP>21</DSP>
<AVAIL_DSP>400</AVAIL_DSP>
<UTIL_DSP>5</UTIL_DSP>
<FF>4118</FF>
<AVAIL_FF>157200</AVAIL_FF>
<UTIL_FF>2</UTIL_FF>
<LUT>5178</LUT>
<AVAIL_LUT>78600</AVAIL_LUT>
<UTIL_LUT>6</UTIL_LUT>
<URAM>0</URAM>
<AVAIL_URAM>0</AVAIL_URAM>
<UTIL_URAM>0</UTIL_URAM>
</Resources>
</AreaEstimates>
<InterfaceSummary>
<RtlPorts>
<name>ap_clk</name>
<Object>fc</Object>
<Type>return value</Type>
<Scope></Scope>
<IOProtocol>ap_ctrl_hs</IOProtocol>
<IOConfig></IOConfig>
<Dir>in</Dir>
<Bits>1</Bits>
<Attribute>control</Attribute>
</RtlPorts>
<RtlPorts>
<name>ap_rst</name>
<Object>fc</Object>
<Type>return value</Type>
<Scope></Scope>
<IOProtocol>ap_ctrl_hs</IOProtocol>
<IOConfig></IOConfig>
<Dir>in</Dir>
<Bits>1</Bits>
<Attribute>control</Attribute>
</RtlPorts>
<RtlPorts>
<name>ap_start</name>
<Object>fc</Object>
<Type>return value</Type>
<Scope></Scope>
<IOProtocol>ap_ctrl_hs</IOProtocol>
<IOConfig></IOConfig>
<Dir>in</Dir>
<Bits>1</Bits>
<Attribute>control</Attribute>
</RtlPorts>
<RtlPorts>
<name>ap_done</name>
<Object>fc</Object>
<Type>return value</Type>
<Scope></Scope>
<IOProtocol>ap_ctrl_hs</IOProtocol>
<IOConfig></IOConfig>
<Dir>out</Dir>
<Bits>1</Bits>
<Attribute>control</Attribute>
</RtlPorts>
<RtlPorts>
<name>ap_continue</name>
<Object>fc</Object>
<Type>return value</Type>
<Scope></Scope>
<IOProtocol>ap_ctrl_hs</IOProtocol>
<IOConfig></IOConfig>
<Dir>in</Dir>
<Bits>1</Bits>
<Attribute>control</Attribute>
</RtlPorts>
<RtlPorts>
<name>ap_idle</name>
<Object>fc</Object>
<Type>return value</Type>
<Scope></Scope>
<IOProtocol>ap_ctrl_hs</IOProtocol>
<IOConfig></IOConfig>
<Dir>out</Dir>
<Bits>1</Bits>
<Attribute>control</Attribute>
</RtlPorts>
<RtlPorts>
<name>ap_ready</name>
<Object>fc</Object>
<Type>return value</Type>
<Scope></Scope>
<IOProtocol>ap_ctrl_hs</IOProtocol>
<IOConfig></IOConfig>
<Dir>out</Dir>
<Bits>1</Bits>
<Attribute>control</Attribute>
</RtlPorts>
<RtlPorts>
<name>out_r_din</name>
<Object>out_r</Object>
<Type>pointer</Type>
<Scope></Scope>
<IOProtocol>ap_fifo</IOProtocol>
<IOConfig></IOConfig>
<Dir>out</Dir>
<Bits>24</Bits>
<Attribute>control</Attribute>
</RtlPorts>
<RtlPorts>
<name>out_r_full_n</name>
<Object>out_r</Object>
<Type>pointer</Type>
<Scope></Scope>
<IOProtocol>ap_fifo</IOProtocol>
<IOConfig></IOConfig>
<Dir>in</Dir>
<Bits>1</Bits>
<Attribute>control</Attribute>
</RtlPorts>
<RtlPorts>
<name>out_r_write</name>
<Object>out_r</Object>
<Type>pointer</Type>
<Scope></Scope>
<IOProtocol>ap_fifo</IOProtocol>
<IOConfig></IOConfig>
<Dir>out</Dir>
<Bits>1</Bits>
<Attribute>control</Attribute>
</RtlPorts>
<RtlPorts>
<name>pool_out3_dout</name>
<Object>pool_out3</Object>
<Type>pointer</Type>
<Scope></Scope>
<IOProtocol>ap_fifo</IOProtocol>
<IOConfig></IOConfig>
<Dir>in</Dir>
<Bits>24</Bits>
<Attribute>control</Attribute>
</RtlPorts>
<RtlPorts>
<name>pool_out3_empty_n</name>
<Object>pool_out3</Object>
<Type>pointer</Type>
<Scope></Scope>
<IOProtocol>ap_fifo</IOProtocol>
<IOConfig></IOConfig>
<Dir>in</Dir>
<Bits>1</Bits>
<Attribute>control</Attribute>
</RtlPorts>
<RtlPorts>
<name>pool_out3_read</name>
<Object>pool_out3</Object>
<Type>pointer</Type>
<Scope></Scope>
<IOProtocol>ap_fifo</IOProtocol>
<IOConfig></IOConfig>
<Dir>out</Dir>
<Bits>1</Bits>
<Attribute>control</Attribute>
</RtlPorts>
</InterfaceSummary>
</Module>
<Module>
<Name>nnet</Name>
<PerformanceEstimates>
<SummaryOfTimingAnalysis>
<TargetClockPeriod>10.00</TargetClockPeriod>
<ClockUncertainty>2.70</ClockUncertainty>
<EstimatedClockPeriod>7.204</EstimatedClockPeriod>
</SummaryOfTimingAnalysis>
<SummaryOfOverallLatency>
<Best-caseLatency>22438</Best-caseLatency>
<Average-caseLatency>22438</Average-caseLatency>
<Worst-caseLatency>22438</Worst-caseLatency>
<Best-caseRealTimeLatency>0.224 ms</Best-caseRealTimeLatency>
<Average-caseRealTimeLatency>0.224 ms</Average-caseRealTimeLatency>
<Worst-caseRealTimeLatency>0.224 ms</Worst-caseRealTimeLatency>
<DataflowPipelineThroughput>22439</DataflowPipelineThroughput>
<PipelineInitiationInterval>22439</PipelineInitiationInterval>
<PipelineType>dataflow</PipelineType>
</SummaryOfOverallLatency>
</PerformanceEstimates>
<AreaEstimates>
<Resources>
<BRAM_18K>103</BRAM_18K>
<AVAIL_BRAM>530</AVAIL_BRAM>
<UTIL_BRAM>19</UTIL_BRAM>
<DSP>30</DSP>
<AVAIL_DSP>400</AVAIL_DSP>
<UTIL_DSP>7</UTIL_DSP>
<FF>6509</FF>
<AVAIL_FF>157200</AVAIL_FF>
<UTIL_FF>4</UTIL_FF>
<LUT>8250</LUT>
<AVAIL_LUT>78600</AVAIL_LUT>
<UTIL_LUT>10</UTIL_LUT>
<URAM>0</URAM>
<AVAIL_URAM>0</AVAIL_URAM>
<UTIL_URAM>0</UTIL_URAM>
</Resources>
</AreaEstimates>
<InterfaceSummary>
<RtlPorts>
<name>ap_local_block</name>
<Object>nnet</Object>
<Type>return value</Type>
<Scope></Scope>
<IOProtocol>ap_ctrl_hs</IOProtocol>
<IOConfig></IOConfig>
<Dir>out</Dir>
<Bits>1</Bits>
<Attribute>unknown</Attribute>
</RtlPorts>
<RtlPorts>
<name>ap_local_deadlock</name>
<Object>nnet</Object>
<Type>return value</Type>
<Scope></Scope>
<IOProtocol>ap_ctrl_hs</IOProtocol>
<IOConfig></IOConfig>
<Dir>out</Dir>
<Bits>1</Bits>
<Attribute>unknown</Attribute>
</RtlPorts>
<RtlPorts>
<name>ap_clk</name>
<Object>nnet</Object>
<Type>return value</Type>
<Scope></Scope>
<IOProtocol>ap_ctrl_hs</IOProtocol>
<IOConfig></IOConfig>
<Dir>in</Dir>
<Bits>1</Bits>
<Attribute>control</Attribute>
</RtlPorts>
<RtlPorts>
<name>ap_rst</name>
<Object>nnet</Object>
<Type>return value</Type>
<Scope></Scope>
<IOProtocol>ap_ctrl_hs</IOProtocol>
<IOConfig></IOConfig>
<Dir>in</Dir>
<Bits>1</Bits>
<Attribute>control</Attribute>
</RtlPorts>
<RtlPorts>
<name>ap_start</name>
<Object>nnet</Object>
<Type>return value</Type>
<Scope></Scope>
<IOProtocol>ap_ctrl_hs</IOProtocol>
<IOConfig></IOConfig>
<Dir>in</Dir>
<Bits>1</Bits>
<Attribute>control</Attribute>
</RtlPorts>
<RtlPorts>
<name>ap_done</name>
<Object>nnet</Object>
<Type>return value</Type>
<Scope></Scope>
<IOProtocol>ap_ctrl_hs</IOProtocol>
<IOConfig></IOConfig>
<Dir>out</Dir>
<Bits>1</Bits>
<Attribute>control</Attribute>
</RtlPorts>
<RtlPorts>
<name>ap_ready</name>
<Object>nnet</Object>
<Type>return value</Type>
<Scope></Scope>
<IOProtocol>ap_ctrl_hs</IOProtocol>
<IOConfig></IOConfig>
<Dir>out</Dir>
<Bits>1</Bits>
<Attribute>control</Attribute>
</RtlPorts>
<RtlPorts>
<name>ap_idle</name>
<Object>nnet</Object>
<Type>return value</Type>
<Scope></Scope>
<IOProtocol>ap_ctrl_hs</IOProtocol>
<IOConfig></IOConfig>
<Dir>out</Dir>
<Bits>1</Bits>
<Attribute>control</Attribute>
</RtlPorts>
<RtlPorts>
<name>in_r_dout</name>
<Object>in_r</Object>
<Type>pointer</Type>
<Scope></Scope>
<IOProtocol>ap_fifo</IOProtocol>
<IOConfig></IOConfig>
<Dir>in</Dir>
<Bits>24</Bits>
<Attribute>control</Attribute>
<CType>int</CType>
</RtlPorts>
<RtlPorts>
<name>in_r_empty_n</name>
<Object>in_r</Object>
<Type>pointer</Type>
<Scope></Scope>
<IOProtocol>ap_fifo</IOProtocol>
<IOConfig></IOConfig>
<Dir>in</Dir>
<Bits>1</Bits>
<Attribute>control</Attribute>
<CType>int</CType>
</RtlPorts>
<RtlPorts>
<name>in_r_read</name>
<Object>in_r</Object>
<Type>pointer</Type>
<Scope></Scope>
<IOProtocol>ap_fifo</IOProtocol>
<IOConfig></IOConfig>
<Dir>out</Dir>
<Bits>1</Bits>
<Attribute>control</Attribute>
<CType>int</CType>
</RtlPorts>
<RtlPorts>
<name>out_r_din</name>
<Object>out_r</Object>
<Type>pointer</Type>
<Scope></Scope>
<IOProtocol>ap_fifo</IOProtocol>
<IOConfig></IOConfig>
<Dir>out</Dir>
<Bits>24</Bits>
<Attribute>control</Attribute>
<CType>int</CType>
</RtlPorts>
<RtlPorts>
<name>out_r_full_n</name>
<Object>out_r</Object>
<Type>pointer</Type>
<Scope></Scope>
<IOProtocol>ap_fifo</IOProtocol>
<IOConfig></IOConfig>
<Dir>in</Dir>
<Bits>1</Bits>
<Attribute>control</Attribute>
<CType>int</CType>
</RtlPorts>
<RtlPorts>
<name>out_r_write</name>
<Object>out_r</Object>
<Type>pointer</Type>
<Scope></Scope>
<IOProtocol>ap_fifo</IOProtocol>
<IOConfig></IOConfig>
<Dir>out</Dir>
<Bits>1</Bits>
<Attribute>control</Attribute>
<CType>int</CType>
</RtlPorts>
</InterfaceSummary>
</Module>
</ModuleInformation>

<FIFOInformation>
<FIFOInst>
<Name>conv_out_U</Name>
<ParentInst></ParentInst>
<StaticDepth>2</StaticDepth>
<RuntimeDepth>mOutPtr</RuntimeDepth>
<InterfaceList>
<Interface>clk</Interface>
<Interface>reset</Interface>
<Interface>if_write</Interface>
<Interface>if_din</Interface>
<Interface>if_full_n</Interface>
<Interface>if_read</Interface>
<Interface>if_empty_n</Interface>
</InterfaceList>
</FIFOInst>
<FIFOInst>
<Name>pool_out_U</Name>
<ParentInst></ParentInst>
<StaticDepth>2</StaticDepth>
<RuntimeDepth>mOutPtr</RuntimeDepth>
<InterfaceList>
<Interface>clk</Interface>
<Interface>reset</Interface>
<Interface>if_write</Interface>
<Interface>if_din</Interface>
<Interface>if_full_n</Interface>
<Interface>if_read</Interface>
<Interface>if_empty_n</Interface>
</InterfaceList>
</FIFOInst>
</FIFOInformation>

</profile>
