<profile>

<section name = "Vitis HLS Report for 'nnet'" level="0">
<item name = "Date">Wed May  4 11:56:11 2022
</item>
<item name = "Version">2021.2 (Build 3367213 on Tue Oct 19 02:47:39 MDT 2021)</item>
<item name = "Project">CNN-HLS</item>
<item name = "Solution">solution1 (Vivado IP Flow Target)</item>
<item name = "Product family">zynq</item>
<item name = "Target device">xa7z030-fbg484-1I</item>
</section>

<section name = "Performance Estimates" level="0">
<item name = "Timing">
<section name = "" level="1">
<item name = "Summary"><table name="" hasTotal="0">
<keys size="4">Clock, Target, Estimated, Uncertainty</keys>
<column name="ap_clk">10.00 ns, 7.204 ns, 2.70 ns</column>
</table>
</item>
</section>
</item>
<item name = "Latency">
<section name = "" level="1">
<item name = "Summary"><table name="" hasTotal="0">
<keys size="8">, min, max, min, max, min, max, Type</keys>
<column name="">22438, 22438, 0.224 ms, 0.224 ms, 22439, 22439, dataflow</column>
</table>
</item>
<item name = "Detail">
<section name = "" level="1">
<item name = "Instance"><table name="" hasTotal="0">
<keys size="9">Instance, Module, min, max, min, max, min, max, Type</keys>
<column name="conv_U0">conv, 22438, 22438, 0.224 ms, 0.224 ms, 22438, 22438, no</column>
<column name="pool_U0">pool, 21638, 21638, 0.216 ms, 0.216 ms, 21638, 21638, no</column>
<column name="fc_U0">fc, 5540, 5540, 55.400 us, 55.400 us, 5540, 5540, no</column>
</table>
</item>
<item name = "Loop"><table name="" hasTotal="0">
<keys size="8">Loop Name, min, max, Latency, achieved, target, Count, Pipelined</keys>
</table>
</item>
</section>
</item>
</section>
</item>
</section>

<section name = "Utilization Estimates" level="0">
<item name = "Summary"><table name="" hasTotal="1">
<keys size="6">Name, BRAM_18K, DSP, FF, LUT, URAM</keys>
<column name="DSP">-, -, -, -, -</column>
<column name="Expression">-, -, 0, 2, -</column>
<column name="FIFO">-, -, 198, 136, -</column>
<column name="Instance">103, 30, 6311, 8112, 0</column>
<column name="Memory">-, -, -, -, -</column>
<column name="Multiplexer">-, -, -, -, -</column>
<column name="Register">-, -, -, -, -</column>
<specialColumn name="Available">530, 400, 157200, 78600, 0</specialColumn>
<specialColumn name="Utilization (%)">19, 7, 4, 10, 0</specialColumn>
</table>
</item>
<item name = "Detail">
<section name = "" level="1">
<item name = "Instance"><table name="" hasTotal="1">
<keys size="7">Instance, Module, BRAM_18K, DSP, FF, LUT, URAM</keys>
<column name="conv_U0">conv, 16, 9, 1836, 2193, 0</column>
<column name="fc_U0">fc, 86, 21, 4118, 5178, 0</column>
<column name="pool_U0">pool, 1, 0, 357, 741, 0</column>
</table>
</item>
<item name = "DSP"><table name="" hasTotal="0">
<keys size="3">Instance, Module, Expression</keys>
</table>
</item>
<item name = "Memory"><table name="" hasTotal="1">
<keys size="10">Memory, Module, BRAM_18K, FF, LUT, URAM, Words, Bits, Banks, W*Bits*Banks</keys>
</table>
</item>
<item name = "FIFO"><table name="" hasTotal="1">
<keys size="8">Name, BRAM_18K, FF, LUT, URAM, Depth, Bits, Size:D*B</keys>
<column name="conv_out_U">0, 99, 0, -, 2, 24, 48</column>
<column name="pool_out_U">0, 99, 0, -, 2, 24, 48</column>
</table>
</item>
<item name = "Expression"><table name="" hasTotal="1">
<keys size="7">Variable Name, Operation, DSP, FF, LUT, Bitwidth P0, Bitwidth P1</keys>
<column name="ap_idle">and, 0, 0, 2, 1, 1</column>
</table>
</item>
<item name = "Multiplexer"><table name="" hasTotal="1">
<keys size="5">Name, LUT, Input Size, Bits, Total Bits</keys>
</table>
</item>
<item name = "Register"><table name="" hasTotal="1">
<keys size="5">Name, FF, LUT, Bits, Const Bits</keys>
</table>
</item>
</section>
</item>
</section>

<section name = "Interface" level="0">
<item name = "Summary"><table name="" hasTotal="0">
<keys size="6">RTL Ports, Dir, Bits, Protocol, Source Object, C Type</keys>
<column name="ap_local_block">out, 1, ap_ctrl_hs, nnet, return value</column>
<column name="ap_local_deadlock">out, 1, ap_ctrl_hs, nnet, return value</column>
<column name="ap_clk">in, 1, ap_ctrl_hs, nnet, return value</column>
<column name="ap_rst">in, 1, ap_ctrl_hs, nnet, return value</column>
<column name="ap_start">in, 1, ap_ctrl_hs, nnet, return value</column>
<column name="ap_done">out, 1, ap_ctrl_hs, nnet, return value</column>
<column name="ap_ready">out, 1, ap_ctrl_hs, nnet, return value</column>
<column name="ap_idle">out, 1, ap_ctrl_hs, nnet, return value</column>
<column name="in_r_dout">in, 24, ap_fifo, in_r, pointer</column>
<column name="in_r_empty_n">in, 1, ap_fifo, in_r, pointer</column>
<column name="in_r_read">out, 1, ap_fifo, in_r, pointer</column>
<column name="out_r_din">out, 24, ap_fifo, out_r, pointer</column>
<column name="out_r_full_n">in, 1, ap_fifo, out_r, pointer</column>
<column name="out_r_write">out, 1, ap_fifo, out_r, pointer</column>
</table>
</item>
</section>
</profile>
