<stg><name>nnet</name>


<trans_list>

<trans id="26" from="1" to="2">
<condition id="-1">
<or_exp><and_exp></and_exp></or_exp>
</condition>
</trans>

<trans id="27" from="2" to="3">
<condition id="-1">
<or_exp><and_exp></and_exp></or_exp>
</condition>
</trans>

<trans id="28" from="3" to="4">
<condition id="-1">
<or_exp><and_exp></and_exp></or_exp>
</condition>
</trans>

<trans id="29" from="4" to="5">
<condition id="-1">
<or_exp><and_exp></and_exp></or_exp>
</condition>
</trans>

<trans id="30" from="5" to="6">
<condition id="-1">
<or_exp><and_exp></and_exp></or_exp>
</condition>
</trans>
</trans_list>



<state_list>

<state id="1" st_id="1">

<operation id="7" st_id="1" stage="1" lat="1">
<core>FIFO_SRL</core>
<MemPortIdVec></MemPortIdVec>
<condition id="-1">
<or_exp><and_exp></and_exp></or_exp>
</condition>

<Node id="36" bw="24" op_0_bw="64">
<![CDATA[
.split:6 %conv_out = alloca i64 1

]]></Node>
<StgValue><ssdm name="conv_out"/></StgValue>
</operation>

<operation id="8" st_id="1" stage="1" lat="1">
<core>FIFO_SRL</core>
<MemPortIdVec></MemPortIdVec>
<condition id="-1">
<or_exp><and_exp></and_exp></or_exp>
</condition>

<Node id="39" bw="24" op_0_bw="64">
<![CDATA[
.split:9 %pool_out = alloca i64 1

]]></Node>
<StgValue><ssdm name="pool_out"/></StgValue>
</operation>

<operation id="9" st_id="1" stage="2" lat="2">
<core></core>
<MemPortIdVec></MemPortIdVec>
<condition id="-1">
<or_exp><and_exp></and_exp></or_exp>
</condition>

<Node id="42" bw="0" op_0_bw="0" op_1_bw="24" op_2_bw="24" op_3_bw="16" op_4_bw="15" op_5_bw="15" op_6_bw="15" op_7_bw="15" op_8_bw="15" op_9_bw="16" op_10_bw="15" op_11_bw="16" op_12_bw="14">
<![CDATA[
.split:12 %call_ln223 = call void @conv, i24 %conv_out, i24 %in_r, i16 %conv_weights_V_0_0_0, i15 %conv_weights_V_0_1_0, i15 %conv_weights_V_0_2_0, i15 %conv_weights_V_1_0_0, i15 %conv_weights_V_1_1_0, i15 %conv_weights_V_1_2_0, i16 %conv_weights_V_2_0_0, i15 %conv_weights_V_2_1_0, i16 %conv_weights_V_2_2_0, i14 %conv_bias_V

]]></Node>
<StgValue><ssdm name="call_ln223"/></StgValue>
</operation>
</state>

<state id="2" st_id="2">

<operation id="10" st_id="2" stage="1" lat="2">
<core></core>
<MemPortIdVec></MemPortIdVec>
<condition id="-1">
<or_exp><and_exp></and_exp></or_exp>
</condition>

<Node id="42" bw="0" op_0_bw="0" op_1_bw="24" op_2_bw="24" op_3_bw="16" op_4_bw="15" op_5_bw="15" op_6_bw="15" op_7_bw="15" op_8_bw="15" op_9_bw="16" op_10_bw="15" op_11_bw="16" op_12_bw="14">
<![CDATA[
.split:12 %call_ln223 = call void @conv, i24 %conv_out, i24 %in_r, i16 %conv_weights_V_0_0_0, i15 %conv_weights_V_0_1_0, i15 %conv_weights_V_0_2_0, i15 %conv_weights_V_1_0_0, i15 %conv_weights_V_1_1_0, i15 %conv_weights_V_1_2_0, i16 %conv_weights_V_2_0_0, i15 %conv_weights_V_2_1_0, i16 %conv_weights_V_2_2_0, i14 %conv_bias_V

]]></Node>
<StgValue><ssdm name="call_ln223"/></StgValue>
</operation>
</state>

<state id="3" st_id="3">

<operation id="11" st_id="3" stage="2" lat="2">
<core></core>
<MemPortIdVec></MemPortIdVec>
<condition id="-1">
<or_exp><and_exp></and_exp></or_exp>
</condition>

<Node id="43" bw="0" op_0_bw="0" op_1_bw="24" op_2_bw="24" op_3_bw="0" op_4_bw="0">
<![CDATA[
.split:13 %call_ln224 = call void @pool, i24 %pool_out, i24 %conv_out

]]></Node>
<StgValue><ssdm name="call_ln224"/></StgValue>
</operation>
</state>

<state id="4" st_id="4">

<operation id="12" st_id="4" stage="1" lat="2">
<core></core>
<MemPortIdVec></MemPortIdVec>
<condition id="-1">
<or_exp><and_exp></and_exp></or_exp>
</condition>

<Node id="43" bw="0" op_0_bw="0" op_1_bw="24" op_2_bw="24" op_3_bw="0" op_4_bw="0">
<![CDATA[
.split:13 %call_ln224 = call void @pool, i24 %pool_out, i24 %conv_out

]]></Node>
<StgValue><ssdm name="call_ln224"/></StgValue>
</operation>
</state>

<state id="5" st_id="5">

<operation id="13" st_id="5" stage="2" lat="2">
<core></core>
<MemPortIdVec></MemPortIdVec>
<condition id="-1">
<or_exp><and_exp></and_exp></or_exp>
</condition>

<Node id="44" bw="0" op_0_bw="0" op_1_bw="24" op_2_bw="24" op_3_bw="15" op_4_bw="15" op_5_bw="15" op_6_bw="15" op_7_bw="15" op_8_bw="16" op_9_bw="15" op_10_bw="15" op_11_bw="15" op_12_bw="15" op_13_bw="14" op_14_bw="32" op_15_bw="46" op_16_bw="50" op_17_bw="6" op_18_bw="22" op_19_bw="18" op_20_bw="0" op_21_bw="0">
<![CDATA[
.split:14 %call_ln225 = call void @fc, i24 %out_r, i24 %pool_out, i15 %fc_weights_V_0, i15 %fc_weights_V_1, i15 %fc_weights_V_2, i15 %fc_weights_V_3, i15 %fc_weights_V_4, i16 %fc_weights_V_5, i15 %fc_weights_V_6, i15 %fc_weights_V_7, i15 %fc_weights_V_8, i15 %fc_weights_V_9, i14 %fc_bias_V, i32 %f_x_msb_3_table_V, i46 %f_x_msb_2_table_V, i50 %exp_x_msb_1_table_V, i6 %log_apfixed_reduce_log_inverse_lut_table_array_V, i22 %log_apfixed_reduce_log0_lut_table_ap_fixed_29_7_ap_q_mode_5_ap_o_mode_3_0_0_5_64_array_V, i18 %log_apfixed_reduce_log_lut_table_ap_fixed_29_7_ap_q_mode_5_ap_o_mode_3_0_4_4_16_array_V

]]></Node>
<StgValue><ssdm name="call_ln225"/></StgValue>
</operation>
</state>

<state id="6" st_id="6">

<operation id="14" st_id="6" stage="1" lat="1">
<core>NULL</core>
<MemPortIdVec></MemPortIdVec>
<condition id="-1">
<or_exp><and_exp></and_exp></or_exp>
</condition>

<Node id="30" bw="0" op_0_bw="0" op_1_bw="32" op_2_bw="32" op_3_bw="0">
<![CDATA[
.split:0 %specdataflowpipeline_ln0 = specdataflowpipeline void @_ssdm_op_SpecDataflowPipeline, i32 4294967295, i32 0, void @empty_4

]]></Node>
<StgValue><ssdm name="specdataflowpipeline_ln0"/></StgValue>
</operation>

<operation id="15" st_id="6" stage="1" lat="1">
<core>NULL</core>
<MemPortIdVec></MemPortIdVec>
<condition id="-1">
<or_exp><and_exp></and_exp></or_exp>
</condition>

<Node id="31" bw="0" op_0_bw="0" op_1_bw="0">
<![CDATA[
.split:1 %spectopmodule_ln0 = spectopmodule void @_ssdm_op_SpecTopModule, void @empty_5

]]></Node>
<StgValue><ssdm name="spectopmodule_ln0"/></StgValue>
</operation>

<operation id="16" st_id="6" stage="1" lat="1">
<core>NULL</core>
<MemPortIdVec></MemPortIdVec>
<condition id="-1">
<or_exp><and_exp></and_exp></or_exp>
</condition>

<Node id="32" bw="0" op_0_bw="0" op_1_bw="24" op_2_bw="0" op_3_bw="32" op_4_bw="32" op_5_bw="0" op_6_bw="32" op_7_bw="32" op_8_bw="0" op_9_bw="0" op_10_bw="0" op_11_bw="32" op_12_bw="32" op_13_bw="32" op_14_bw="32" op_15_bw="0" op_16_bw="0">
<![CDATA[
.split:2 %specinterface_ln0 = specinterface void @_ssdm_op_SpecInterface, i24 %in_r, void @empty_10, i32 0, i32 0, void @empty_4, i32 0, i32 0, void @empty_4, void @empty_4, void @empty_4, i32 0, i32 0, i32 0, i32 0, void @empty_4, void @empty_4

]]></Node>
<StgValue><ssdm name="specinterface_ln0"/></StgValue>
</operation>

<operation id="17" st_id="6" stage="1" lat="1">
<core>NULL</core>
<MemPortIdVec></MemPortIdVec>
<condition id="-1">
<or_exp><and_exp></and_exp></or_exp>
</condition>

<Node id="33" bw="0" op_0_bw="0" op_1_bw="24">
<![CDATA[
.split:3 %specbitsmap_ln0 = specbitsmap void @_ssdm_op_SpecBitsMap, i24 %in_r

]]></Node>
<StgValue><ssdm name="specbitsmap_ln0"/></StgValue>
</operation>

<operation id="18" st_id="6" stage="1" lat="1">
<core>NULL</core>
<MemPortIdVec></MemPortIdVec>
<condition id="-1">
<or_exp><and_exp></and_exp></or_exp>
</condition>

<Node id="34" bw="0" op_0_bw="0" op_1_bw="24" op_2_bw="0" op_3_bw="32" op_4_bw="32" op_5_bw="0" op_6_bw="32" op_7_bw="32" op_8_bw="0" op_9_bw="0" op_10_bw="0" op_11_bw="32" op_12_bw="32" op_13_bw="32" op_14_bw="32" op_15_bw="0" op_16_bw="0">
<![CDATA[
.split:4 %specinterface_ln0 = specinterface void @_ssdm_op_SpecInterface, i24 %out_r, void @empty_10, i32 0, i32 0, void @empty_4, i32 0, i32 0, void @empty_4, void @empty_4, void @empty_4, i32 0, i32 0, i32 0, i32 0, void @empty_4, void @empty_4

]]></Node>
<StgValue><ssdm name="specinterface_ln0"/></StgValue>
</operation>

<operation id="19" st_id="6" stage="1" lat="1">
<core>NULL</core>
<MemPortIdVec></MemPortIdVec>
<condition id="-1">
<or_exp><and_exp></and_exp></or_exp>
</condition>

<Node id="35" bw="0" op_0_bw="0" op_1_bw="24">
<![CDATA[
.split:5 %specbitsmap_ln0 = specbitsmap void @_ssdm_op_SpecBitsMap, i24 %out_r

]]></Node>
<StgValue><ssdm name="specbitsmap_ln0"/></StgValue>
</operation>

<operation id="20" st_id="6" stage="1" lat="1">
<core>NULL</core>
<MemPortIdVec></MemPortIdVec>
<condition id="-1">
<or_exp><and_exp></and_exp></or_exp>
</condition>

<Node id="37" bw="32" op_0_bw="32" op_1_bw="0" op_2_bw="32" op_3_bw="0" op_4_bw="0" op_5_bw="32" op_6_bw="32" op_7_bw="24" op_8_bw="24">
<![CDATA[
.split:7 %empty = specchannel i32 @_ssdm_op_SpecChannel, void @conv_out_str, i32 1, void @p_str, void @p_str, i32 2, i32 2, i24 %conv_out, i24 %conv_out

]]></Node>
<StgValue><ssdm name="empty"/></StgValue>
</operation>

<operation id="21" st_id="6" stage="1" lat="1">
<core>NULL</core>
<MemPortIdVec></MemPortIdVec>
<condition id="-1">
<or_exp><and_exp></and_exp></or_exp>
</condition>

<Node id="38" bw="0" op_0_bw="0" op_1_bw="24" op_2_bw="0" op_3_bw="32" op_4_bw="32" op_5_bw="0" op_6_bw="32" op_7_bw="32" op_8_bw="0" op_9_bw="0" op_10_bw="0" op_11_bw="32" op_12_bw="32" op_13_bw="32" op_14_bw="32" op_15_bw="0" op_16_bw="0">
<![CDATA[
.split:8 %specinterface_ln0 = specinterface void @_ssdm_op_SpecInterface, i24 %conv_out, void @empty_10, i32 0, i32 0, void @empty_4, i32 0, i32 0, void @empty_4, void @empty_4, void @empty_4, i32 0, i32 0, i32 0, i32 0, void @empty_4, void @empty_4

]]></Node>
<StgValue><ssdm name="specinterface_ln0"/></StgValue>
</operation>

<operation id="22" st_id="6" stage="1" lat="1">
<core>NULL</core>
<MemPortIdVec></MemPortIdVec>
<condition id="-1">
<or_exp><and_exp></and_exp></or_exp>
</condition>

<Node id="40" bw="32" op_0_bw="32" op_1_bw="0" op_2_bw="32" op_3_bw="0" op_4_bw="0" op_5_bw="32" op_6_bw="32" op_7_bw="24" op_8_bw="24">
<![CDATA[
.split:10 %empty_50 = specchannel i32 @_ssdm_op_SpecChannel, void @pool_out_str, i32 1, void @p_str, void @p_str, i32 2, i32 2, i24 %pool_out, i24 %pool_out

]]></Node>
<StgValue><ssdm name="empty_50"/></StgValue>
</operation>

<operation id="23" st_id="6" stage="1" lat="1">
<core>NULL</core>
<MemPortIdVec></MemPortIdVec>
<condition id="-1">
<or_exp><and_exp></and_exp></or_exp>
</condition>

<Node id="41" bw="0" op_0_bw="0" op_1_bw="24" op_2_bw="0" op_3_bw="32" op_4_bw="32" op_5_bw="0" op_6_bw="32" op_7_bw="32" op_8_bw="0" op_9_bw="0" op_10_bw="0" op_11_bw="32" op_12_bw="32" op_13_bw="32" op_14_bw="32" op_15_bw="0" op_16_bw="0">
<![CDATA[
.split:11 %specinterface_ln0 = specinterface void @_ssdm_op_SpecInterface, i24 %pool_out, void @empty_10, i32 0, i32 0, void @empty_4, i32 0, i32 0, void @empty_4, void @empty_4, void @empty_4, i32 0, i32 0, i32 0, i32 0, void @empty_4, void @empty_4

]]></Node>
<StgValue><ssdm name="specinterface_ln0"/></StgValue>
</operation>

<operation id="24" st_id="6" stage="1" lat="2">
<core></core>
<MemPortIdVec></MemPortIdVec>
<condition id="-1">
<or_exp><and_exp></and_exp></or_exp>
</condition>

<Node id="44" bw="0" op_0_bw="0" op_1_bw="24" op_2_bw="24" op_3_bw="15" op_4_bw="15" op_5_bw="15" op_6_bw="15" op_7_bw="15" op_8_bw="16" op_9_bw="15" op_10_bw="15" op_11_bw="15" op_12_bw="15" op_13_bw="14" op_14_bw="32" op_15_bw="46" op_16_bw="50" op_17_bw="6" op_18_bw="22" op_19_bw="18" op_20_bw="0" op_21_bw="0">
<![CDATA[
.split:14 %call_ln225 = call void @fc, i24 %out_r, i24 %pool_out, i15 %fc_weights_V_0, i15 %fc_weights_V_1, i15 %fc_weights_V_2, i15 %fc_weights_V_3, i15 %fc_weights_V_4, i16 %fc_weights_V_5, i15 %fc_weights_V_6, i15 %fc_weights_V_7, i15 %fc_weights_V_8, i15 %fc_weights_V_9, i14 %fc_bias_V, i32 %f_x_msb_3_table_V, i46 %f_x_msb_2_table_V, i50 %exp_x_msb_1_table_V, i6 %log_apfixed_reduce_log_inverse_lut_table_array_V, i22 %log_apfixed_reduce_log0_lut_table_ap_fixed_29_7_ap_q_mode_5_ap_o_mode_3_0_0_5_64_array_V, i18 %log_apfixed_reduce_log_lut_table_ap_fixed_29_7_ap_q_mode_5_ap_o_mode_3_0_4_4_16_array_V

]]></Node>
<StgValue><ssdm name="call_ln225"/></StgValue>
</operation>

<operation id="25" st_id="6" stage="1" lat="1">
<core>NULL</core>
<MemPortIdVec></MemPortIdVec>
<condition id="-1">
<or_exp><and_exp></and_exp></or_exp>
</condition>

<Node id="45" bw="0">
<![CDATA[
.split:15 %ret_ln226 = ret

]]></Node>
<StgValue><ssdm name="ret_ln226"/></StgValue>
</operation>
</state>
</state_list>


<ports>
<port id="32" name="in_r" dir="0" iftype="3">
<core>FIFO</core><StgValue><ssdm name="in_r"/></StgValue>
</port>
<port id="33" name="out_r" dir="1" iftype="3">
<core>FIFO</core><StgValue><ssdm name="out_r"/></StgValue>
</port>
<port id="34" name="conv_weights_V_0_0_0" dir="0" iftype="1">
<core>ROM</core><StgValue><ssdm name="conv_weights_V_0_0_0"/><MemPortTyVec>1 </MemPortTyVec>
</StgValue>
</port>
<port id="35" name="conv_weights_V_0_1_0" dir="0" iftype="1">
<core>ROM</core><StgValue><ssdm name="conv_weights_V_0_1_0"/><MemPortTyVec>1 </MemPortTyVec>
</StgValue>
</port>
<port id="36" name="conv_weights_V_0_2_0" dir="0" iftype="1">
<core>ROM</core><StgValue><ssdm name="conv_weights_V_0_2_0"/><MemPortTyVec>1 </MemPortTyVec>
</StgValue>
</port>
<port id="37" name="conv_weights_V_1_0_0" dir="0" iftype="1">
<core>ROM</core><StgValue><ssdm name="conv_weights_V_1_0_0"/><MemPortTyVec>1 </MemPortTyVec>
</StgValue>
</port>
<port id="38" name="conv_weights_V_1_1_0" dir="0" iftype="1">
<core>ROM</core><StgValue><ssdm name="conv_weights_V_1_1_0"/><MemPortTyVec>1 </MemPortTyVec>
</StgValue>
</port>
<port id="39" name="conv_weights_V_1_2_0" dir="0" iftype="1">
<core>ROM</core><StgValue><ssdm name="conv_weights_V_1_2_0"/><MemPortTyVec>1 </MemPortTyVec>
</StgValue>
</port>
<port id="40" name="conv_weights_V_2_0_0" dir="0" iftype="1">
<core>ROM</core><StgValue><ssdm name="conv_weights_V_2_0_0"/><MemPortTyVec>1 </MemPortTyVec>
</StgValue>
</port>
<port id="41" name="conv_weights_V_2_1_0" dir="0" iftype="1">
<core>ROM</core><StgValue><ssdm name="conv_weights_V_2_1_0"/><MemPortTyVec>1 </MemPortTyVec>
</StgValue>
</port>
<port id="42" name="conv_weights_V_2_2_0" dir="0" iftype="1">
<core>ROM</core><StgValue><ssdm name="conv_weights_V_2_2_0"/><MemPortTyVec>1 </MemPortTyVec>
</StgValue>
</port>
<port id="43" name="conv_bias_V" dir="0" iftype="1">
<core>ROM</core><StgValue><ssdm name="conv_bias_V"/><MemPortTyVec>1 </MemPortTyVec>
</StgValue>
</port>
<port id="44" name="fc_weights_V_0" dir="0" iftype="1">
<core>ROM</core><StgValue><ssdm name="fc_weights_V_0"/><MemPortTyVec>1 </MemPortTyVec>
</StgValue>
</port>
<port id="45" name="fc_weights_V_1" dir="0" iftype="1">
<core>ROM</core><StgValue><ssdm name="fc_weights_V_1"/><MemPortTyVec>1 </MemPortTyVec>
</StgValue>
</port>
<port id="46" name="fc_weights_V_2" dir="0" iftype="1">
<core>ROM</core><StgValue><ssdm name="fc_weights_V_2"/><MemPortTyVec>1 </MemPortTyVec>
</StgValue>
</port>
<port id="47" name="fc_weights_V_3" dir="0" iftype="1">
<core>ROM</core><StgValue><ssdm name="fc_weights_V_3"/><MemPortTyVec>1 </MemPortTyVec>
</StgValue>
</port>
<port id="48" name="fc_weights_V_4" dir="0" iftype="1">
<core>ROM</core><StgValue><ssdm name="fc_weights_V_4"/><MemPortTyVec>1 </MemPortTyVec>
</StgValue>
</port>
<port id="49" name="fc_weights_V_5" dir="0" iftype="1">
<core>ROM</core><StgValue><ssdm name="fc_weights_V_5"/><MemPortTyVec>1 </MemPortTyVec>
</StgValue>
</port>
<port id="50" name="fc_weights_V_6" dir="0" iftype="1">
<core>ROM</core><StgValue><ssdm name="fc_weights_V_6"/><MemPortTyVec>1 </MemPortTyVec>
</StgValue>
</port>
<port id="51" name="fc_weights_V_7" dir="0" iftype="1">
<core>ROM</core><StgValue><ssdm name="fc_weights_V_7"/><MemPortTyVec>1 </MemPortTyVec>
</StgValue>
</port>
<port id="52" name="fc_weights_V_8" dir="0" iftype="1">
<core>ROM</core><StgValue><ssdm name="fc_weights_V_8"/><MemPortTyVec>1 </MemPortTyVec>
</StgValue>
</port>
<port id="53" name="fc_weights_V_9" dir="0" iftype="1">
<core>ROM</core><StgValue><ssdm name="fc_weights_V_9"/><MemPortTyVec>1 </MemPortTyVec>
</StgValue>
</port>
<port id="54" name="fc_bias_V" dir="0" iftype="1">
<core>ROM</core><StgValue><ssdm name="fc_bias_V"/><MemPortTyVec>1 </MemPortTyVec>
</StgValue>
</port>
<port id="55" name="f_x_msb_3_table_V" dir="0" iftype="1">
<core>ROM</core><StgValue><ssdm name="f_x_msb_3_table_V"/><MemPortTyVec>1 </MemPortTyVec>
</StgValue>
</port>
<port id="56" name="f_x_msb_2_table_V" dir="0" iftype="1">
<core>ROM</core><StgValue><ssdm name="f_x_msb_2_table_V"/><MemPortTyVec>1 </MemPortTyVec>
</StgValue>
</port>
<port id="57" name="exp_x_msb_1_table_V" dir="0" iftype="1">
<core>ROM</core><StgValue><ssdm name="exp_x_msb_1_table_V"/><MemPortTyVec>1 </MemPortTyVec>
</StgValue>
</port>
<port id="58" name="log_apfixed_reduce_log_inverse_lut_table_array_V" dir="0" iftype="1">
<core>ROM</core><StgValue><ssdm name="log_apfixed_reduce_log_inverse_lut_table_array_V"/><MemPortTyVec>1 </MemPortTyVec>
</StgValue>
</port>
<port id="59" name="log_apfixed_reduce_log0_lut_table_ap_fixed_29_7_ap_q_mode_5_ap_o_mode_3_0_0_5_64_array_V" dir="0" iftype="1">
<core>ROM</core><StgValue><ssdm name="log_apfixed_reduce_log0_lut_table_ap_fixed_29_7_ap_q_mode_5_ap_o_mode_3_0_0_5_64_array_V"/><MemPortTyVec>1 </MemPortTyVec>
</StgValue>
</port>
<port id="60" name="log_apfixed_reduce_log_lut_table_ap_fixed_29_7_ap_q_mode_5_ap_o_mode_3_0_4_4_16_array_V" dir="0" iftype="1">
<core>ROM</core><StgValue><ssdm name="log_apfixed_reduce_log_lut_table_ap_fixed_29_7_ap_q_mode_5_ap_o_mode_3_0_4_4_16_array_V"/><MemPortTyVec>1 </MemPortTyVec>
</StgValue>
</port>
</ports>


<dataflows>
<dataflow id="62" from="StgValue_61" to="conv_out" fromId="61" toId="7">
</dataflow>
<dataflow id="63" from="StgValue_61" to="pool_out" fromId="61" toId="8">
</dataflow>
<dataflow id="65" from="conv" to="call_ln223" fromId="64" toId="9">
</dataflow>
<dataflow id="66" from="conv_out" to="call_ln223" fromId="7" toId="9">
</dataflow>
<dataflow id="67" from="in_r" to="call_ln223" fromId="32" toId="9">
</dataflow>
<dataflow id="68" from="conv_weights_V_0_0_0" to="call_ln223" fromId="34" toId="9">
</dataflow>
<dataflow id="69" from="conv_weights_V_0_1_0" to="call_ln223" fromId="35" toId="9">
</dataflow>
<dataflow id="70" from="conv_weights_V_0_2_0" to="call_ln223" fromId="36" toId="9">
</dataflow>
<dataflow id="71" from="conv_weights_V_1_0_0" to="call_ln223" fromId="37" toId="9">
</dataflow>
<dataflow id="72" from="conv_weights_V_1_1_0" to="call_ln223" fromId="38" toId="9">
</dataflow>
<dataflow id="73" from="conv_weights_V_1_2_0" to="call_ln223" fromId="39" toId="9">
</dataflow>
<dataflow id="74" from="conv_weights_V_2_0_0" to="call_ln223" fromId="40" toId="9">
</dataflow>
<dataflow id="75" from="conv_weights_V_2_1_0" to="call_ln223" fromId="41" toId="9">
</dataflow>
<dataflow id="76" from="conv_weights_V_2_2_0" to="call_ln223" fromId="42" toId="9">
</dataflow>
<dataflow id="77" from="conv_bias_V" to="call_ln223" fromId="43" toId="9">
</dataflow>
<dataflow id="78" from="conv" to="call_ln223" fromId="64" toId="10">
</dataflow>
<dataflow id="79" from="conv_out" to="call_ln223" fromId="7" toId="10">
</dataflow>
<dataflow id="80" from="in_r" to="call_ln223" fromId="32" toId="10">
</dataflow>
<dataflow id="81" from="conv_weights_V_0_0_0" to="call_ln223" fromId="34" toId="10">
</dataflow>
<dataflow id="82" from="conv_weights_V_0_1_0" to="call_ln223" fromId="35" toId="10">
</dataflow>
<dataflow id="83" from="conv_weights_V_0_2_0" to="call_ln223" fromId="36" toId="10">
</dataflow>
<dataflow id="84" from="conv_weights_V_1_0_0" to="call_ln223" fromId="37" toId="10">
</dataflow>
<dataflow id="85" from="conv_weights_V_1_1_0" to="call_ln223" fromId="38" toId="10">
</dataflow>
<dataflow id="86" from="conv_weights_V_1_2_0" to="call_ln223" fromId="39" toId="10">
</dataflow>
<dataflow id="87" from="conv_weights_V_2_0_0" to="call_ln223" fromId="40" toId="10">
</dataflow>
<dataflow id="88" from="conv_weights_V_2_1_0" to="call_ln223" fromId="41" toId="10">
</dataflow>
<dataflow id="89" from="conv_weights_V_2_2_0" to="call_ln223" fromId="42" toId="10">
</dataflow>
<dataflow id="90" from="conv_bias_V" to="call_ln223" fromId="43" toId="10">
</dataflow>
<dataflow id="92" from="pool" to="call_ln224" fromId="91" toId="11">
</dataflow>
<dataflow id="93" from="pool_out" to="call_ln224" fromId="8" toId="11">
</dataflow>
<dataflow id="94" from="conv_out" to="call_ln224" fromId="7" toId="11">
</dataflow>
<dataflow id="95" from="pool" to="call_ln224" fromId="91" toId="12">
</dataflow>
<dataflow id="96" from="pool_out" to="call_ln224" fromId="8" toId="12">
</dataflow>
<dataflow id="97" from="conv_out" to="call_ln224" fromId="7" toId="12">
</dataflow>
<dataflow id="99" from="fc" to="call_ln225" fromId="98" toId="13">
</dataflow>
<dataflow id="100" from="out_r" to="call_ln225" fromId="33" toId="13">
</dataflow>
<dataflow id="101" from="pool_out" to="call_ln225" fromId="8" toId="13">
</dataflow>
<dataflow id="102" from="fc_weights_V_0" to="call_ln225" fromId="44" toId="13">
</dataflow>
<dataflow id="103" from="fc_weights_V_1" to="call_ln225" fromId="45" toId="13">
</dataflow>
<dataflow id="104" from="fc_weights_V_2" to="call_ln225" fromId="46" toId="13">
</dataflow>
<dataflow id="105" from="fc_weights_V_3" to="call_ln225" fromId="47" toId="13">
</dataflow>
<dataflow id="106" from="fc_weights_V_4" to="call_ln225" fromId="48" toId="13">
</dataflow>
<dataflow id="107" from="fc_weights_V_5" to="call_ln225" fromId="49" toId="13">
</dataflow>
<dataflow id="108" from="fc_weights_V_6" to="call_ln225" fromId="50" toId="13">
</dataflow>
<dataflow id="109" from="fc_weights_V_7" to="call_ln225" fromId="51" toId="13">
</dataflow>
<dataflow id="110" from="fc_weights_V_8" to="call_ln225" fromId="52" toId="13">
</dataflow>
<dataflow id="111" from="fc_weights_V_9" to="call_ln225" fromId="53" toId="13">
</dataflow>
<dataflow id="112" from="fc_bias_V" to="call_ln225" fromId="54" toId="13">
</dataflow>
<dataflow id="113" from="f_x_msb_3_table_V" to="call_ln225" fromId="55" toId="13">
</dataflow>
<dataflow id="114" from="f_x_msb_2_table_V" to="call_ln225" fromId="56" toId="13">
</dataflow>
<dataflow id="115" from="exp_x_msb_1_table_V" to="call_ln225" fromId="57" toId="13">
</dataflow>
<dataflow id="116" from="log_apfixed_reduce_log_inverse_lut_table_array_V" to="call_ln225" fromId="58" toId="13">
</dataflow>
<dataflow id="117" from="log_apfixed_reduce_log0_lut_table_ap_fixed_29_7_ap_q_mode_5_ap_o_mode_3_0_0_5_64_array_V" to="call_ln225" fromId="59" toId="13">
</dataflow>
<dataflow id="118" from="log_apfixed_reduce_log_lut_table_ap_fixed_29_7_ap_q_mode_5_ap_o_mode_3_0_4_4_16_array_V" to="call_ln225" fromId="60" toId="13">
</dataflow>
<dataflow id="120" from="_ssdm_op_SpecDataflowPipeline" to="specdataflowpipeline_ln0" fromId="119" toId="14">
</dataflow>
<dataflow id="122" from="StgValue_121" to="specdataflowpipeline_ln0" fromId="121" toId="14">
</dataflow>
<dataflow id="124" from="StgValue_123" to="specdataflowpipeline_ln0" fromId="123" toId="14">
</dataflow>
<dataflow id="126" from="empty_4" to="specdataflowpipeline_ln0" fromId="125" toId="14">
</dataflow>
<dataflow id="128" from="_ssdm_op_SpecTopModule" to="spectopmodule_ln0" fromId="127" toId="15">
</dataflow>
<dataflow id="130" from="empty_5" to="spectopmodule_ln0" fromId="129" toId="15">
</dataflow>
<dataflow id="132" from="_ssdm_op_SpecInterface" to="specinterface_ln0" fromId="131" toId="16">
</dataflow>
<dataflow id="133" from="in_r" to="specinterface_ln0" fromId="32" toId="16">
</dataflow>
<dataflow id="135" from="empty_10" to="specinterface_ln0" fromId="134" toId="16">
</dataflow>
<dataflow id="136" from="StgValue_123" to="specinterface_ln0" fromId="123" toId="16">
</dataflow>
<dataflow id="137" from="StgValue_123" to="specinterface_ln0" fromId="123" toId="16">
</dataflow>
<dataflow id="138" from="empty_4" to="specinterface_ln0" fromId="125" toId="16">
</dataflow>
<dataflow id="139" from="StgValue_123" to="specinterface_ln0" fromId="123" toId="16">
</dataflow>
<dataflow id="140" from="StgValue_123" to="specinterface_ln0" fromId="123" toId="16">
</dataflow>
<dataflow id="141" from="empty_4" to="specinterface_ln0" fromId="125" toId="16">
</dataflow>
<dataflow id="142" from="empty_4" to="specinterface_ln0" fromId="125" toId="16">
</dataflow>
<dataflow id="143" from="empty_4" to="specinterface_ln0" fromId="125" toId="16">
</dataflow>
<dataflow id="144" from="StgValue_123" to="specinterface_ln0" fromId="123" toId="16">
</dataflow>
<dataflow id="145" from="StgValue_123" to="specinterface_ln0" fromId="123" toId="16">
</dataflow>
<dataflow id="146" from="StgValue_123" to="specinterface_ln0" fromId="123" toId="16">
</dataflow>
<dataflow id="147" from="StgValue_123" to="specinterface_ln0" fromId="123" toId="16">
</dataflow>
<dataflow id="148" from="empty_4" to="specinterface_ln0" fromId="125" toId="16">
</dataflow>
<dataflow id="149" from="empty_4" to="specinterface_ln0" fromId="125" toId="16">
</dataflow>
<dataflow id="151" from="_ssdm_op_SpecBitsMap" to="specbitsmap_ln0" fromId="150" toId="17">
</dataflow>
<dataflow id="152" from="in_r" to="specbitsmap_ln0" fromId="32" toId="17">
</dataflow>
<dataflow id="153" from="_ssdm_op_SpecInterface" to="specinterface_ln0" fromId="131" toId="18">
</dataflow>
<dataflow id="154" from="out_r" to="specinterface_ln0" fromId="33" toId="18">
</dataflow>
<dataflow id="155" from="empty_10" to="specinterface_ln0" fromId="134" toId="18">
</dataflow>
<dataflow id="156" from="StgValue_123" to="specinterface_ln0" fromId="123" toId="18">
</dataflow>
<dataflow id="157" from="StgValue_123" to="specinterface_ln0" fromId="123" toId="18">
</dataflow>
<dataflow id="158" from="empty_4" to="specinterface_ln0" fromId="125" toId="18">
</dataflow>
<dataflow id="159" from="StgValue_123" to="specinterface_ln0" fromId="123" toId="18">
</dataflow>
<dataflow id="160" from="StgValue_123" to="specinterface_ln0" fromId="123" toId="18">
</dataflow>
<dataflow id="161" from="empty_4" to="specinterface_ln0" fromId="125" toId="18">
</dataflow>
<dataflow id="162" from="empty_4" to="specinterface_ln0" fromId="125" toId="18">
</dataflow>
<dataflow id="163" from="empty_4" to="specinterface_ln0" fromId="125" toId="18">
</dataflow>
<dataflow id="164" from="StgValue_123" to="specinterface_ln0" fromId="123" toId="18">
</dataflow>
<dataflow id="165" from="StgValue_123" to="specinterface_ln0" fromId="123" toId="18">
</dataflow>
<dataflow id="166" from="StgValue_123" to="specinterface_ln0" fromId="123" toId="18">
</dataflow>
<dataflow id="167" from="StgValue_123" to="specinterface_ln0" fromId="123" toId="18">
</dataflow>
<dataflow id="168" from="empty_4" to="specinterface_ln0" fromId="125" toId="18">
</dataflow>
<dataflow id="169" from="empty_4" to="specinterface_ln0" fromId="125" toId="18">
</dataflow>
<dataflow id="170" from="_ssdm_op_SpecBitsMap" to="specbitsmap_ln0" fromId="150" toId="19">
</dataflow>
<dataflow id="171" from="out_r" to="specbitsmap_ln0" fromId="33" toId="19">
</dataflow>
<dataflow id="173" from="_ssdm_op_SpecChannel" to="empty" fromId="172" toId="20">
</dataflow>
<dataflow id="175" from="conv_out_str" to="empty" fromId="174" toId="20">
</dataflow>
<dataflow id="177" from="StgValue_176" to="empty" fromId="176" toId="20">
</dataflow>
<dataflow id="179" from="p_str" to="empty" fromId="178" toId="20">
</dataflow>
<dataflow id="180" from="p_str" to="empty" fromId="178" toId="20">
</dataflow>
<dataflow id="182" from="StgValue_181" to="empty" fromId="181" toId="20">
</dataflow>
<dataflow id="183" from="StgValue_181" to="empty" fromId="181" toId="20">
</dataflow>
<dataflow id="184" from="conv_out" to="empty" fromId="7" toId="20">
</dataflow>
<dataflow id="185" from="conv_out" to="empty" fromId="7" toId="20">
</dataflow>
<dataflow id="186" from="_ssdm_op_SpecInterface" to="specinterface_ln0" fromId="131" toId="21">
</dataflow>
<dataflow id="187" from="conv_out" to="specinterface_ln0" fromId="7" toId="21">
</dataflow>
<dataflow id="188" from="empty_10" to="specinterface_ln0" fromId="134" toId="21">
</dataflow>
<dataflow id="189" from="StgValue_123" to="specinterface_ln0" fromId="123" toId="21">
</dataflow>
<dataflow id="190" from="StgValue_123" to="specinterface_ln0" fromId="123" toId="21">
</dataflow>
<dataflow id="191" from="empty_4" to="specinterface_ln0" fromId="125" toId="21">
</dataflow>
<dataflow id="192" from="StgValue_123" to="specinterface_ln0" fromId="123" toId="21">
</dataflow>
<dataflow id="193" from="StgValue_123" to="specinterface_ln0" fromId="123" toId="21">
</dataflow>
<dataflow id="194" from="empty_4" to="specinterface_ln0" fromId="125" toId="21">
</dataflow>
<dataflow id="195" from="empty_4" to="specinterface_ln0" fromId="125" toId="21">
</dataflow>
<dataflow id="196" from="empty_4" to="specinterface_ln0" fromId="125" toId="21">
</dataflow>
<dataflow id="197" from="StgValue_123" to="specinterface_ln0" fromId="123" toId="21">
</dataflow>
<dataflow id="198" from="StgValue_123" to="specinterface_ln0" fromId="123" toId="21">
</dataflow>
<dataflow id="199" from="StgValue_123" to="specinterface_ln0" fromId="123" toId="21">
</dataflow>
<dataflow id="200" from="StgValue_123" to="specinterface_ln0" fromId="123" toId="21">
</dataflow>
<dataflow id="201" from="empty_4" to="specinterface_ln0" fromId="125" toId="21">
</dataflow>
<dataflow id="202" from="empty_4" to="specinterface_ln0" fromId="125" toId="21">
</dataflow>
<dataflow id="203" from="_ssdm_op_SpecChannel" to="empty_50" fromId="172" toId="22">
</dataflow>
<dataflow id="205" from="pool_out_str" to="empty_50" fromId="204" toId="22">
</dataflow>
<dataflow id="206" from="StgValue_176" to="empty_50" fromId="176" toId="22">
</dataflow>
<dataflow id="207" from="p_str" to="empty_50" fromId="178" toId="22">
</dataflow>
<dataflow id="208" from="p_str" to="empty_50" fromId="178" toId="22">
</dataflow>
<dataflow id="209" from="StgValue_181" to="empty_50" fromId="181" toId="22">
</dataflow>
<dataflow id="210" from="StgValue_181" to="empty_50" fromId="181" toId="22">
</dataflow>
<dataflow id="211" from="pool_out" to="empty_50" fromId="8" toId="22">
</dataflow>
<dataflow id="212" from="pool_out" to="empty_50" fromId="8" toId="22">
</dataflow>
<dataflow id="213" from="_ssdm_op_SpecInterface" to="specinterface_ln0" fromId="131" toId="23">
</dataflow>
<dataflow id="214" from="pool_out" to="specinterface_ln0" fromId="8" toId="23">
</dataflow>
<dataflow id="215" from="empty_10" to="specinterface_ln0" fromId="134" toId="23">
</dataflow>
<dataflow id="216" from="StgValue_123" to="specinterface_ln0" fromId="123" toId="23">
</dataflow>
<dataflow id="217" from="StgValue_123" to="specinterface_ln0" fromId="123" toId="23">
</dataflow>
<dataflow id="218" from="empty_4" to="specinterface_ln0" fromId="125" toId="23">
</dataflow>
<dataflow id="219" from="StgValue_123" to="specinterface_ln0" fromId="123" toId="23">
</dataflow>
<dataflow id="220" from="StgValue_123" to="specinterface_ln0" fromId="123" toId="23">
</dataflow>
<dataflow id="221" from="empty_4" to="specinterface_ln0" fromId="125" toId="23">
</dataflow>
<dataflow id="222" from="empty_4" to="specinterface_ln0" fromId="125" toId="23">
</dataflow>
<dataflow id="223" from="empty_4" to="specinterface_ln0" fromId="125" toId="23">
</dataflow>
<dataflow id="224" from="StgValue_123" to="specinterface_ln0" fromId="123" toId="23">
</dataflow>
<dataflow id="225" from="StgValue_123" to="specinterface_ln0" fromId="123" toId="23">
</dataflow>
<dataflow id="226" from="StgValue_123" to="specinterface_ln0" fromId="123" toId="23">
</dataflow>
<dataflow id="227" from="StgValue_123" to="specinterface_ln0" fromId="123" toId="23">
</dataflow>
<dataflow id="228" from="empty_4" to="specinterface_ln0" fromId="125" toId="23">
</dataflow>
<dataflow id="229" from="empty_4" to="specinterface_ln0" fromId="125" toId="23">
</dataflow>
<dataflow id="230" from="fc" to="call_ln225" fromId="98" toId="24">
</dataflow>
<dataflow id="231" from="out_r" to="call_ln225" fromId="33" toId="24">
</dataflow>
<dataflow id="232" from="pool_out" to="call_ln225" fromId="8" toId="24">
</dataflow>
<dataflow id="233" from="fc_weights_V_0" to="call_ln225" fromId="44" toId="24">
</dataflow>
<dataflow id="234" from="fc_weights_V_1" to="call_ln225" fromId="45" toId="24">
</dataflow>
<dataflow id="235" from="fc_weights_V_2" to="call_ln225" fromId="46" toId="24">
</dataflow>
<dataflow id="236" from="fc_weights_V_3" to="call_ln225" fromId="47" toId="24">
</dataflow>
<dataflow id="237" from="fc_weights_V_4" to="call_ln225" fromId="48" toId="24">
</dataflow>
<dataflow id="238" from="fc_weights_V_5" to="call_ln225" fromId="49" toId="24">
</dataflow>
<dataflow id="239" from="fc_weights_V_6" to="call_ln225" fromId="50" toId="24">
</dataflow>
<dataflow id="240" from="fc_weights_V_7" to="call_ln225" fromId="51" toId="24">
</dataflow>
<dataflow id="241" from="fc_weights_V_8" to="call_ln225" fromId="52" toId="24">
</dataflow>
<dataflow id="242" from="fc_weights_V_9" to="call_ln225" fromId="53" toId="24">
</dataflow>
<dataflow id="243" from="fc_bias_V" to="call_ln225" fromId="54" toId="24">
</dataflow>
<dataflow id="244" from="f_x_msb_3_table_V" to="call_ln225" fromId="55" toId="24">
</dataflow>
<dataflow id="245" from="f_x_msb_2_table_V" to="call_ln225" fromId="56" toId="24">
</dataflow>
<dataflow id="246" from="exp_x_msb_1_table_V" to="call_ln225" fromId="57" toId="24">
</dataflow>
<dataflow id="247" from="log_apfixed_reduce_log_inverse_lut_table_array_V" to="call_ln225" fromId="58" toId="24">
</dataflow>
<dataflow id="248" from="log_apfixed_reduce_log0_lut_table_ap_fixed_29_7_ap_q_mode_5_ap_o_mode_3_0_0_5_64_array_V" to="call_ln225" fromId="59" toId="24">
</dataflow>
<dataflow id="249" from="log_apfixed_reduce_log_lut_table_ap_fixed_29_7_ap_q_mode_5_ap_o_mode_3_0_4_4_16_array_V" to="call_ln225" fromId="60" toId="24">
</dataflow>
</dataflows>


</stg>
