<profile>

<section name = "Vitis HLS Report for 'pool'" level="0">
<item name = "Date">Wed May  4 11:56:07 2022
</item>
<item name = "Version">2021.2 (Build 3367213 on Tue Oct 19 02:47:39 MDT 2021)</item>
<item name = "Project">CNN-HLS</item>
<item name = "Solution">solution1 (Vivado IP Flow Target)</item>
<item name = "Product family">zynq</item>
<item name = "Target device">xa7z030-fbg484-1I</item>
</section>

<section name = "Performance Estimates" level="0">
<item name = "Timing">
<section name = "" level="1">
<item name = "Summary"><table name="" hasTotal="0">
<keys size="4">Clock, Target, Estimated, Uncertainty</keys>
<column name="ap_clk">10.00 ns, 7.204 ns, 2.70 ns</column>
</table>
</item>
</section>
</item>
<item name = "Latency">
<section name = "" level="1">
<item name = "Summary"><table name="" hasTotal="0">
<keys size="8">, min, max, min, max, min, max, Type</keys>
<column name="">21638, 21638, 0.216 ms, 0.216 ms, 21638, 21638, no</column>
</table>
</item>
<item name = "Detail">
<section name = "" level="1">
<item name = "Instance"><table name="" hasTotal="0">
<keys size="9">Instance, Module, min, max, min, max, min, max, Type</keys>
</table>
</item>
<item name = "Loop"><table name="" hasTotal="0">
<keys size="8">Loop Name, min, max, Latency, achieved, target, Count, Pipelined</keys>
<column name="- pool_maxsearch5_pool_maxsearch3_pool_maxsearch2_pool_maxsearch1">21636, 21636, 6, 1, 1, 21632, yes</column>
</table>
</item>
</section>
</item>
</section>
</item>
</section>

<section name = "Utilization Estimates" level="0">
<item name = "Summary"><table name="" hasTotal="1">
<keys size="6">Name, BRAM_18K, DSP, FF, LUT, URAM</keys>
<column name="DSP">-, -, -, -, -</column>
<column name="Expression">-, -, 0, 429, -</column>
<column name="FIFO">-, -, -, -, -</column>
<column name="Instance">-, -, -, -, -</column>
<column name="Memory">1, -, 0, 0, 0</column>
<column name="Multiplexer">-, -, -, 216, -</column>
<column name="Register">-, -, 357, 96, -</column>
<specialColumn name="Available">530, 400, 157200, 78600, 0</specialColumn>
<specialColumn name="Utilization (%)">~0, 0, ~0, ~0, 0</specialColumn>
</table>
</item>
<item name = "Detail">
<section name = "" level="1">
<item name = "Instance"><table name="" hasTotal="1">
<keys size="7">Instance, Module, BRAM_18K, DSP, FF, LUT, URAM</keys>
</table>
</item>
<item name = "DSP"><table name="" hasTotal="0">
<keys size="3">Instance, Module, Expression</keys>
</table>
</item>
<item name = "Memory"><table name="" hasTotal="1">
<keys size="10">Memory, Module, BRAM_18K, FF, LUT, URAM, Words, Bits, Banks, W*Bits*Banks</keys>
<column name="pool_buff_V_U">pool_pool_buff_V_RAM_AUTO_1R1W, 1, 0, 0, 0, 416, 24, 1, 9984</column>
</table>
</item>
<item name = "FIFO"><table name="" hasTotal="1">
<keys size="8">Name, BRAM_18K, FF, LUT, URAM, Depth, Bits, Size:D*B</keys>
</table>
</item>
<item name = "Expression"><table name="" hasTotal="1">
<keys size="7">Variable Name, Operation, DSP, FF, LUT, Bitwidth P0, Bitwidth P1</keys>
<column name="add_ln56_fu_208_p2">+, 0, 0, 20, 15, 1</column>
<column name="add_ln58_1_fu_270_p2">+, 0, 0, 12, 12, 1</column>
<column name="add_ln60_1_fu_256_p2">+, 0, 0, 12, 11, 1</column>
<column name="add_ln60_fu_519_p2">+, 0, 0, 13, 4, 1</column>
<column name="add_ln62_1_fu_342_p2">+, 0, 0, 15, 8, 1</column>
<column name="add_ln64_fu_657_p2">+, 0, 0, 14, 6, 1</column>
<column name="add_ln69_fu_651_p2">+, 0, 0, 14, 9, 9</column>
<column name="l_3_fu_443_p2">+, 0, 0, 10, 2, 1</column>
<column name="m_9_fu_577_p2">+, 0, 0, 10, 2, 1</column>
<column name="and_ln46_1_fu_422_p2">and, 0, 0, 2, 1, 1</column>
<column name="and_ln46_2_fu_438_p2">and, 0, 0, 2, 1, 1</column>
<column name="and_ln46_3_fu_308_p2">and, 0, 0, 2, 1, 1</column>
<column name="and_ln46_4_fu_238_p2">and, 0, 0, 2, 1, 1</column>
<column name="and_ln46_fu_412_p2">and, 0, 0, 2, 1, 1</column>
<column name="and_ln58_1_fu_323_p2">and, 0, 0, 2, 1, 1</column>
<column name="and_ln58_fu_507_p2">and, 0, 0, 2, 1, 1</column>
<column name="and_ln60_fu_564_p2">and, 0, 0, 2, 1, 1</column>
<column name="ap_block_state6_pp0_stage0_iter5">and, 0, 0, 2, 1, 1</column>
<column name="ap_condition_233">and, 0, 0, 2, 1, 1</column>
<column name="ap_condition_255">and, 0, 0, 2, 1, 1</column>
<column name="cmp21_not_fu_371_p2">icmp, 0, 0, 8, 2, 1</column>
<column name="cmp21_not_mid1_fu_467_p2">icmp, 0, 0, 8, 2, 1</column>
<column name="cmp22_not_fu_387_p2">icmp, 0, 0, 8, 2, 1</column>
<column name="cmp22_not_mid1_fu_619_p2">icmp, 0, 0, 8, 2, 1</column>
<column name="icmp_ln1547_fu_687_p2">icmp, 0, 0, 15, 24, 24</column>
<column name="icmp_ln56_fu_202_p2">icmp, 0, 0, 12, 15, 15</column>
<column name="icmp_ln58_fu_220_p2">icmp, 0, 0, 12, 12, 11</column>
<column name="icmp_ln60_fu_232_p2">icmp, 0, 0, 11, 11, 10</column>
<column name="icmp_ln62_fu_302_p2">icmp, 0, 0, 11, 8, 7</column>
<column name="icmp_ln64_fu_432_p2">icmp, 0, 0, 10, 6, 7</column>
<column name="p_Repl2_s_fu_698_p2">icmp, 0, 0, 15, 24, 1</column>
<column name="ap_block_pp0_stage0_01001">or, 0, 0, 2, 1, 1</column>
<column name="brmerge28_fu_393_p2">or, 0, 0, 2, 1, 1</column>
<column name="brmerge28_mid1_fu_625_p2">or, 0, 0, 2, 1, 1</column>
<column name="empty_fu_381_p2">or, 0, 0, 2, 1, 1</column>
<column name="or_ln46_1_fu_427_p2">or, 0, 0, 2, 1, 1</column>
<column name="or_ln46_fu_417_p2">or, 0, 0, 2, 1, 1</column>
<column name="or_ln58_1_fu_502_p2">or, 0, 0, 2, 1, 1</column>
<column name="or_ln58_2_fu_318_p2">or, 0, 0, 2, 1, 1</column>
<column name="or_ln58_fu_244_p2">or, 0, 0, 2, 1, 1</column>
<column name="or_ln60_1_fu_554_p2">or, 0, 0, 2, 1, 1</column>
<column name="or_ln60_2_fu_334_p2">or, 0, 0, 2, 1, 1</column>
<column name="or_ln60_fu_329_p2">or, 0, 0, 2, 1, 1</column>
<column name="or_ln62_1_fu_588_p2">or, 0, 0, 2, 1, 1</column>
<column name="or_ln62_fu_583_p2">or, 0, 0, 2, 1, 1</column>
<column name="p_mid1_fu_605_p2">or, 0, 0, 2, 1, 1</column>
<column name="arrayidx26_0_0_0_load_fu_713_p3">select, 0, 0, 24, 1, 24</column>
<column name="select_ln1083_fu_693_p3">select, 0, 0, 24, 1, 24</column>
<column name="select_ln46_fu_405_p3">select, 0, 0, 2, 1, 1</column>
<column name="select_ln58_1_fu_460_p3">select, 0, 0, 2, 1, 1</column>
<column name="select_ln58_2_fu_473_p3">select, 0, 0, 2, 1, 1</column>
<column name="select_ln58_3_fu_488_p3">select, 0, 0, 9, 1, 1</column>
<column name="select_ln58_4_fu_495_p3">select, 0, 0, 2, 1, 1</column>
<column name="select_ln58_5_fu_512_p3">select, 0, 0, 2, 1, 2</column>
<column name="select_ln58_6_fu_276_p3">select, 0, 0, 12, 1, 1</column>
<column name="select_ln58_fu_449_p3">select, 0, 0, 4, 1, 1</column>
<column name="select_ln60_1_fu_540_p3">select, 0, 0, 9, 1, 9</column>
<column name="select_ln60_2_fu_547_p3">select, 0, 0, 2, 1, 1</column>
<column name="select_ln60_3_fu_570_p3">select, 0, 0, 4, 1, 4</column>
<column name="select_ln60_4_fu_262_p3">select, 0, 0, 11, 1, 1</column>
<column name="select_ln60_fu_525_p3">select, 0, 0, 2, 1, 1</column>
<column name="select_ln62_1_fu_611_p3">select, 0, 0, 2, 1, 1</column>
<column name="select_ln62_2_fu_631_p3">select, 0, 0, 2, 1, 1</column>
<column name="select_ln62_3_fu_639_p3">select, 0, 0, 2, 1, 2</column>
<column name="select_ln62_4_fu_348_p3">select, 0, 0, 8, 1, 1</column>
<column name="select_ln62_fu_593_p3">select, 0, 0, 6, 1, 1</column>
<column name="ap_enable_pp0">xor, 0, 0, 2, 1, 2</column>
<column name="xor_ln46_fu_226_p2">xor, 0, 0, 2, 1, 2</column>
<column name="xor_ln58_fu_313_p2">xor, 0, 0, 2, 1, 2</column>
<column name="xor_ln60_fu_559_p2">xor, 0, 0, 2, 2, 1</column>
</table>
</item>
<item name = "Multiplexer"><table name="" hasTotal="1">
<keys size="5">Name, LUT, Input Size, Bits, Total Bits</keys>
<column name="ap_done_int">9, 2, 1, 2</column>
<column name="ap_enable_reg_pp0_iter3">9, 2, 1, 2</column>
<column name="ap_sig_allocacmp_indvar_flatten22_load">9, 2, 11, 22</column>
<column name="ap_sig_allocacmp_indvar_flatten22_load_1">9, 2, 11, 22</column>
<column name="ap_sig_allocacmp_indvar_flatten54_load">9, 2, 12, 24</column>
<column name="ap_sig_allocacmp_indvar_flatten54_load_1">9, 2, 12, 24</column>
<column name="ap_sig_allocacmp_indvar_flatten98_load">9, 2, 15, 30</column>
<column name="ap_sig_allocacmp_indvar_flatten_load">9, 2, 8, 16</column>
<column name="ap_sig_allocacmp_indvar_flatten_load_1">9, 2, 8, 16</column>
<column name="ap_sig_allocacmp_j_load">9, 2, 4, 8</column>
<column name="ap_sig_allocacmp_k_load">9, 2, 6, 12</column>
<column name="ap_sig_allocacmp_l_1">9, 2, 2, 4</column>
<column name="ap_sig_allocacmp_m_7">9, 2, 2, 4</column>
<column name="conv_out2_blk_n">9, 2, 1, 2</column>
<column name="indvar_flatten22_fu_110">9, 2, 11, 22</column>
<column name="indvar_flatten54_fu_118">9, 2, 12, 24</column>
<column name="indvar_flatten98_fu_122">9, 2, 15, 30</column>
<column name="indvar_flatten_fu_102">9, 2, 8, 16</column>
<column name="j_fu_106">9, 2, 4, 8</column>
<column name="k_fu_94">9, 2, 6, 12</column>
<column name="l_fu_114">9, 2, 2, 4</column>
<column name="m_fu_98">9, 2, 2, 4</column>
<column name="pool_out3_blk_n">9, 2, 1, 2</column>
<column name="real_start">9, 2, 1, 2</column>
</table>
</item>
<item name = "Register"><table name="" hasTotal="1">
<keys size="5">Name, FF, LUT, Bits, Const Bits</keys>
<column name="add_ln69_reg_852">9, 0, 9, 0</column>
<column name="and_ln46_4_reg_806">1, 0, 1, 0</column>
<column name="and_ln46_4_reg_806_pp0_iter1_reg">1, 0, 1, 0</column>
<column name="and_ln58_1_reg_828">1, 0, 1, 0</column>
<column name="ap_CS_fsm">1, 0, 1, 0</column>
<column name="ap_done_reg">1, 0, 1, 0</column>
<column name="ap_enable_reg_pp0_iter1">1, 0, 1, 0</column>
<column name="ap_enable_reg_pp0_iter2">1, 0, 1, 0</column>
<column name="ap_enable_reg_pp0_iter3">1, 0, 1, 0</column>
<column name="ap_enable_reg_pp0_iter4">1, 0, 1, 0</column>
<column name="ap_enable_reg_pp0_iter5">1, 0, 1, 0</column>
<column name="ap_loop_exit_ready_pp0_iter1_reg">1, 0, 1, 0</column>
<column name="ap_loop_exit_ready_pp0_iter2_reg">1, 0, 1, 0</column>
<column name="ap_loop_exit_ready_pp0_iter3_reg">1, 0, 1, 0</column>
<column name="ap_loop_exit_ready_pp0_iter4_reg">1, 0, 1, 0</column>
<column name="ap_loop_init_pp0_iter1_reg">1, 0, 1, 0</column>
<column name="ap_loop_init_pp0_iter2_reg">1, 0, 1, 0</column>
<column name="icmp_ln1547_reg_875">1, 0, 1, 0</column>
<column name="icmp_ln56_reg_780">1, 0, 1, 0</column>
<column name="icmp_ln58_reg_784">1, 0, 1, 0</column>
<column name="icmp_ln58_reg_784_pp0_iter1_reg">1, 0, 1, 0</column>
<column name="icmp_ln60_reg_801">1, 0, 1, 0</column>
<column name="indvar_flatten22_fu_110">11, 0, 11, 0</column>
<column name="indvar_flatten54_fu_118">12, 0, 12, 0</column>
<column name="indvar_flatten98_fu_122">15, 0, 15, 0</column>
<column name="indvar_flatten_fu_102">8, 0, 8, 0</column>
<column name="j_fu_106">4, 0, 4, 0</column>
<column name="k_fu_94">6, 0, 6, 0</column>
<column name="l_fu_114">2, 0, 2, 0</column>
<column name="m_fu_98">2, 0, 2, 0</column>
<column name="or_ln58_2_reg_823">1, 0, 1, 0</column>
<column name="or_ln58_reg_816">1, 0, 1, 0</column>
<column name="or_ln58_reg_816_pp0_iter1_reg">1, 0, 1, 0</column>
<column name="or_ln60_2_reg_838">1, 0, 1, 0</column>
<column name="p_Val2_s_reg_869">24, 0, 24, 0</column>
<column name="pool_buff_V_addr_reg_857">9, 0, 9, 0</column>
<column name="pool_buff_V_addr_reg_857_pp0_iter4_reg">9, 0, 9, 0</column>
<column name="read_reg_863">24, 0, 24, 0</column>
<column name="select_ln62_1_reg_843">1, 0, 1, 0</column>
<column name="select_ln62_2_reg_848">1, 0, 1, 0</column>
<column name="start_once_reg">1, 0, 1, 0</column>
<column name="xor_ln46_reg_793">1, 0, 1, 0</column>
<column name="xor_ln46_reg_793_pp0_iter1_reg">1, 0, 1, 0</column>
<column name="icmp_ln56_reg_780">64, 32, 1, 0</column>
<column name="select_ln62_1_reg_843">64, 32, 1, 0</column>
<column name="select_ln62_2_reg_848">64, 32, 1, 0</column>
</table>
</item>
</section>
</item>
</section>

<section name = "Interface" level="0">
<item name = "Summary"><table name="" hasTotal="0">
<keys size="6">RTL Ports, Dir, Bits, Protocol, Source Object, C Type</keys>
<column name="ap_clk">in, 1, ap_ctrl_hs, pool, return value</column>
<column name="ap_rst">in, 1, ap_ctrl_hs, pool, return value</column>
<column name="ap_start">in, 1, ap_ctrl_hs, pool, return value</column>
<column name="start_full_n">in, 1, ap_ctrl_hs, pool, return value</column>
<column name="ap_done">out, 1, ap_ctrl_hs, pool, return value</column>
<column name="ap_continue">in, 1, ap_ctrl_hs, pool, return value</column>
<column name="ap_idle">out, 1, ap_ctrl_hs, pool, return value</column>
<column name="ap_ready">out, 1, ap_ctrl_hs, pool, return value</column>
<column name="start_out">out, 1, ap_ctrl_hs, pool, return value</column>
<column name="start_write">out, 1, ap_ctrl_hs, pool, return value</column>
<column name="conv_out2_dout">in, 24, ap_fifo, conv_out2, pointer</column>
<column name="conv_out2_empty_n">in, 1, ap_fifo, conv_out2, pointer</column>
<column name="conv_out2_read">out, 1, ap_fifo, conv_out2, pointer</column>
<column name="pool_out3_din">out, 24, ap_fifo, pool_out3, pointer</column>
<column name="pool_out3_full_n">in, 1, ap_fifo, pool_out3, pointer</column>
<column name="pool_out3_write">out, 1, ap_fifo, pool_out3, pointer</column>
</table>
</item>
</section>
</profile>
