<stg><name>pool</name>


<trans_list>

<trans id="158" from="1" to="2">
<condition id="-1">
<or_exp><and_exp></and_exp></or_exp>
</condition>
</trans>

<trans id="159" from="2" to="3">
<condition id="-1">
<or_exp><and_exp></and_exp></or_exp>
</condition>
</trans>

<trans id="164" from="3" to="4">
<condition id="-1">
<or_exp><and_exp></and_exp></or_exp>
</condition>
</trans>

<trans id="160" from="4" to="5">
<condition id="-1">
<or_exp><and_exp></and_exp></or_exp>
</condition>
</trans>

<trans id="161" from="5" to="6">
<condition id="-1">
<or_exp><and_exp></and_exp></or_exp>
</condition>
</trans>
</trans_list>



<state_list>

<state id="1" st_id="2">

<operation id="9" st_id="1" stage="1" lat="1">
<core>NULL</core>
<MemPortIdVec></MemPortIdVec>
<condition id="-1">
<or_exp><and_exp></and_exp></or_exp>
</condition>

<Node id="3" bw="6" op_0_bw="32">
<![CDATA[
:0 %k = alloca i32 1

]]></Node>
<StgValue><ssdm name="k"/></StgValue>
</operation>

<operation id="10" st_id="1" stage="1" lat="1">
<core>NULL</core>
<MemPortIdVec></MemPortIdVec>
<condition id="-1">
<or_exp><and_exp></and_exp></or_exp>
</condition>

<Node id="4" bw="2" op_0_bw="32">
<![CDATA[
:1 %m = alloca i32 1

]]></Node>
<StgValue><ssdm name="m"/></StgValue>
</operation>

<operation id="11" st_id="1" stage="1" lat="1">
<core>NULL</core>
<MemPortIdVec></MemPortIdVec>
<condition id="-1">
<or_exp><and_exp></and_exp></or_exp>
</condition>

<Node id="5" bw="8" op_0_bw="32">
<![CDATA[
:2 %indvar_flatten = alloca i32 1

]]></Node>
<StgValue><ssdm name="indvar_flatten"/></StgValue>
</operation>

<operation id="12" st_id="1" stage="1" lat="1">
<core>NULL</core>
<MemPortIdVec></MemPortIdVec>
<condition id="-1">
<or_exp><and_exp></and_exp></or_exp>
</condition>

<Node id="6" bw="4" op_0_bw="32">
<![CDATA[
:3 %j = alloca i32 1

]]></Node>
<StgValue><ssdm name="j"/></StgValue>
</operation>

<operation id="13" st_id="1" stage="1" lat="1">
<core>NULL</core>
<MemPortIdVec></MemPortIdVec>
<condition id="-1">
<or_exp><and_exp></and_exp></or_exp>
</condition>

<Node id="7" bw="11" op_0_bw="32">
<![CDATA[
:4 %indvar_flatten22 = alloca i32 1

]]></Node>
<StgValue><ssdm name="indvar_flatten22"/></StgValue>
</operation>

<operation id="14" st_id="1" stage="1" lat="1">
<core>NULL</core>
<MemPortIdVec></MemPortIdVec>
<condition id="-1">
<or_exp><and_exp></and_exp></or_exp>
</condition>

<Node id="8" bw="2" op_0_bw="32">
<![CDATA[
:5 %l = alloca i32 1

]]></Node>
<StgValue><ssdm name="l"/></StgValue>
</operation>

<operation id="15" st_id="1" stage="1" lat="1">
<core>NULL</core>
<MemPortIdVec></MemPortIdVec>
<condition id="-1">
<or_exp><and_exp></and_exp></or_exp>
</condition>

<Node id="9" bw="12" op_0_bw="32">
<![CDATA[
:6 %indvar_flatten54 = alloca i32 1

]]></Node>
<StgValue><ssdm name="indvar_flatten54"/></StgValue>
</operation>

<operation id="16" st_id="1" stage="1" lat="1">
<core>NULL</core>
<MemPortIdVec></MemPortIdVec>
<condition id="-1">
<or_exp><and_exp></and_exp></or_exp>
</condition>

<Node id="10" bw="15" op_0_bw="32">
<![CDATA[
:7 %indvar_flatten98 = alloca i32 1

]]></Node>
<StgValue><ssdm name="indvar_flatten98"/></StgValue>
</operation>

<operation id="17" st_id="1" stage="1" lat="1">
<core>NULL</core>
<MemPortIdVec></MemPortIdVec>
<condition id="-1">
<or_exp><and_exp></and_exp></or_exp>
</condition>

<Node id="11" bw="0" op_0_bw="0" op_1_bw="24" op_2_bw="0" op_3_bw="32" op_4_bw="32" op_5_bw="0" op_6_bw="32" op_7_bw="32" op_8_bw="0" op_9_bw="0" op_10_bw="0" op_11_bw="32" op_12_bw="32" op_13_bw="32" op_14_bw="32" op_15_bw="0" op_16_bw="0">
<![CDATA[
:8 %specinterface_ln0 = specinterface void @_ssdm_op_SpecInterface, i24 %pool_out3, void @empty_10, i32 0, i32 0, void @empty_4, i32 0, i32 0, void @empty_4, void @empty_4, void @empty_4, i32 0, i32 0, i32 0, i32 0, void @empty_4, void @empty_4

]]></Node>
<StgValue><ssdm name="specinterface_ln0"/></StgValue>
</operation>

<operation id="18" st_id="1" stage="1" lat="1">
<core>NULL</core>
<MemPortIdVec></MemPortIdVec>
<condition id="-1">
<or_exp><and_exp></and_exp></or_exp>
</condition>

<Node id="12" bw="0" op_0_bw="0" op_1_bw="24" op_2_bw="0" op_3_bw="32" op_4_bw="32" op_5_bw="0" op_6_bw="32" op_7_bw="32" op_8_bw="0" op_9_bw="0" op_10_bw="0" op_11_bw="32" op_12_bw="32" op_13_bw="32" op_14_bw="32" op_15_bw="0" op_16_bw="0">
<![CDATA[
:9 %specinterface_ln0 = specinterface void @_ssdm_op_SpecInterface, i24 %conv_out2, void @empty_10, i32 0, i32 0, void @empty_4, i32 0, i32 0, void @empty_4, void @empty_4, void @empty_4, i32 0, i32 0, i32 0, i32 0, void @empty_4, void @empty_4

]]></Node>
<StgValue><ssdm name="specinterface_ln0"/></StgValue>
</operation>

<operation id="19" st_id="1" stage="1" lat="1">
<core>RAM</core>
<MemPortIdVec></MemPortIdVec>
<condition id="-1">
<or_exp><and_exp></and_exp></or_exp>
</condition>

<Node id="13" bw="24" op_0_bw="64">
<![CDATA[
:10 %pool_buff_V = alloca i64 1

]]></Node>
<StgValue><ssdm name="pool_buff_V"/><MemPortTyVec>0 1 </MemPortTyVec>
</StgValue>
</operation>

<operation id="20" st_id="1" stage="1" lat="1">
<core>NULL</core>
<MemPortIdVec></MemPortIdVec>
<condition id="-1">
<or_exp><and_exp></and_exp></or_exp>
</condition>

<Node id="14" bw="0" op_0_bw="15" op_1_bw="15">
<![CDATA[
:11 %store_ln56 = store i15 0, i15 %indvar_flatten98

]]></Node>
<StgValue><ssdm name="store_ln56"/></StgValue>
</operation>

<operation id="21" st_id="1" stage="1" lat="1">
<core>NULL</core>
<MemPortIdVec></MemPortIdVec>
<condition id="-1">
<or_exp><and_exp></and_exp></or_exp>
</condition>

<Node id="15" bw="0" op_0_bw="12" op_1_bw="12">
<![CDATA[
:12 %store_ln56 = store i12 0, i12 %indvar_flatten54

]]></Node>
<StgValue><ssdm name="store_ln56"/></StgValue>
</operation>

<operation id="23" st_id="1" stage="1" lat="1">
<core>NULL</core>
<MemPortIdVec></MemPortIdVec>
<condition id="-1">
<or_exp><and_exp></and_exp></or_exp>
</condition>

<Node id="17" bw="0" op_0_bw="11" op_1_bw="11">
<![CDATA[
:14 %store_ln56 = store i11 0, i11 %indvar_flatten22

]]></Node>
<StgValue><ssdm name="store_ln56"/></StgValue>
</operation>

<operation id="28" st_id="1" stage="1" lat="1">
<core>NULL</core>
<MemPortIdVec></MemPortIdVec>
<condition id="-1">
<or_exp><and_exp></and_exp></or_exp>
</condition>

<Node id="22" bw="0" op_0_bw="0">
<![CDATA[
:19 %br_ln56 = br void

]]></Node>
<StgValue><ssdm name="br_ln56"/></StgValue>
</operation>

<operation id="29" st_id="1" stage="1" lat="1">
<core>NULL</core>
<MemPortIdVec></MemPortIdVec>
<condition id="-1">
<or_exp><and_exp></and_exp></or_exp>
</condition>

<Node id="26" bw="15" op_0_bw="15" op_1_bw="0">
<![CDATA[
:2 %indvar_flatten98_load = load i15 %indvar_flatten98

]]></Node>
<StgValue><ssdm name="indvar_flatten98_load"/></StgValue>
</operation>

<operation id="30" st_id="1" stage="1" lat="1">
<core>Cmp</core>
<MemPortIdVec></MemPortIdVec>
<condition id="-1">
<or_exp><and_exp></and_exp></or_exp>
</condition>

<Node id="34" bw="1" op_0_bw="15" op_1_bw="15">
<![CDATA[
:10 %icmp_ln56 = icmp_eq  i15 %indvar_flatten98_load, i15 21632

]]></Node>
<StgValue><ssdm name="icmp_ln56"/></StgValue>
</operation>

<operation id="31" st_id="1" stage="1" lat="1">
<core>Adder</core>
<MemPortIdVec></MemPortIdVec>
<condition id="-1">
<or_exp><and_exp></and_exp></or_exp>
</condition>

<Node id="35" bw="15" op_0_bw="15" op_1_bw="15">
<![CDATA[
:11 %add_ln56 = add i15 %indvar_flatten98_load, i15 1

]]></Node>
<StgValue><ssdm name="add_ln56"/></StgValue>
</operation>

<operation id="32" st_id="1" stage="1" lat="1">
<core>NULL</core>
<MemPortIdVec></MemPortIdVec>
<condition id="-1">
<or_exp><and_exp></and_exp></or_exp>
</condition>

<Node id="36" bw="0" op_0_bw="1" op_1_bw="0" op_2_bw="0">
<![CDATA[
:12 %br_ln56 = br i1 %icmp_ln56, void %.split8, void

]]></Node>
<StgValue><ssdm name="br_ln56"/></StgValue>
</operation>

<operation id="33" st_id="1" stage="1" lat="1">
<core>NULL</core>
<MemPortIdVec></MemPortIdVec>
<condition id="-1">
<or_exp><and_exp><literal name="icmp_ln56" val="0"/>
</and_exp></or_exp>
</condition>

<Node id="41" bw="11" op_0_bw="11" op_1_bw="0">
<![CDATA[
.split8:3 %indvar_flatten22_load_1 = load i11 %indvar_flatten22

]]></Node>
<StgValue><ssdm name="indvar_flatten22_load_1"/></StgValue>
</operation>

<operation id="34" st_id="1" stage="1" lat="1">
<core>NULL</core>
<MemPortIdVec></MemPortIdVec>
<condition id="-1">
<or_exp><and_exp><literal name="icmp_ln56" val="0"/>
</and_exp></or_exp>
</condition>

<Node id="42" bw="12" op_0_bw="12" op_1_bw="0">
<![CDATA[
.split8:4 %indvar_flatten54_load_1 = load i12 %indvar_flatten54

]]></Node>
<StgValue><ssdm name="indvar_flatten54_load_1"/></StgValue>
</operation>

<operation id="35" st_id="1" stage="1" lat="1">
<core>Cmp</core>
<MemPortIdVec></MemPortIdVec>
<condition id="-1">
<or_exp><and_exp><literal name="icmp_ln56" val="0"/>
</and_exp></or_exp>
</condition>

<Node id="45" bw="1" op_0_bw="12" op_1_bw="12">
<![CDATA[
.split8:7 %icmp_ln58 = icmp_eq  i12 %indvar_flatten54_load_1, i12 1664

]]></Node>
<StgValue><ssdm name="icmp_ln58"/></StgValue>
</operation>

<operation id="36" st_id="1" stage="1" lat="1">
<core>LogicGate</core>
<MemPortIdVec></MemPortIdVec>
<condition id="-1">
<or_exp><and_exp><literal name="icmp_ln56" val="0"/>
</and_exp></or_exp>
</condition>

<Node id="47" bw="1" op_0_bw="1" op_1_bw="1">
<![CDATA[
.split8:9 %xor_ln46 = xor i1 %icmp_ln58, i1 1

]]></Node>
<StgValue><ssdm name="xor_ln46"/></StgValue>
</operation>

<operation id="37" st_id="1" stage="1" lat="1">
<core>Cmp</core>
<MemPortIdVec></MemPortIdVec>
<condition id="-1">
<or_exp><and_exp><literal name="icmp_ln56" val="0"/>
</and_exp></or_exp>
</condition>

<Node id="57" bw="1" op_0_bw="11" op_1_bw="11">
<![CDATA[
.split8:19 %icmp_ln60 = icmp_eq  i11 %indvar_flatten22_load_1, i11 832

]]></Node>
<StgValue><ssdm name="icmp_ln60"/></StgValue>
</operation>

<operation id="38" st_id="1" stage="1" lat="1">
<core>LogicGate</core>
<MemPortIdVec></MemPortIdVec>
<condition id="-1">
<or_exp><and_exp><literal name="icmp_ln56" val="0"/>
</and_exp></or_exp>
</condition>

<Node id="58" bw="1" op_0_bw="1" op_1_bw="1">
<![CDATA[
.split8:20 %and_ln46_4 = and i1 %icmp_ln60, i1 %xor_ln46

]]></Node>
<StgValue><ssdm name="and_ln46_4"/></StgValue>
</operation>

<operation id="39" st_id="1" stage="1" lat="1">
<core>LogicGate</core>
<MemPortIdVec></MemPortIdVec>
<condition id="-1">
<or_exp><and_exp><literal name="icmp_ln56" val="0"/>
</and_exp></or_exp>
</condition>

<Node id="61" bw="1" op_0_bw="1" op_1_bw="1">
<![CDATA[
.split8:23 %or_ln58 = or i1 %and_ln46_4, i1 %icmp_ln58

]]></Node>
<StgValue><ssdm name="or_ln58"/></StgValue>
</operation>

<operation id="40" st_id="1" stage="1" lat="1">
<core>NULL</core>
<MemPortIdVec></MemPortIdVec>
<condition id="-1">
<or_exp><and_exp><literal name="icmp_ln56" val="0"/>
</and_exp></or_exp>
</condition>

<Node id="122" bw="11" op_0_bw="11" op_1_bw="0">
<![CDATA[
._crit_edge:1 %indvar_flatten22_load = load i11 %indvar_flatten22

]]></Node>
<StgValue><ssdm name="indvar_flatten22_load"/></StgValue>
</operation>

<operation id="41" st_id="1" stage="1" lat="1">
<core>NULL</core>
<MemPortIdVec></MemPortIdVec>
<condition id="-1">
<or_exp><and_exp><literal name="icmp_ln56" val="0"/>
</and_exp></or_exp>
</condition>

<Node id="123" bw="12" op_0_bw="12" op_1_bw="0">
<![CDATA[
._crit_edge:2 %indvar_flatten54_load = load i12 %indvar_flatten54

]]></Node>
<StgValue><ssdm name="indvar_flatten54_load"/></StgValue>
</operation>

<operation id="42" st_id="1" stage="1" lat="1">
<core>Adder</core>
<MemPortIdVec></MemPortIdVec>
<condition id="-1">
<or_exp><and_exp><literal name="icmp_ln56" val="0"/>
</and_exp></or_exp>
</condition>

<Node id="127" bw="11" op_0_bw="11" op_1_bw="11">
<![CDATA[
._crit_edge:6 %add_ln60_1 = add i11 %indvar_flatten22_load, i11 1

]]></Node>
<StgValue><ssdm name="add_ln60_1"/></StgValue>
</operation>

<operation id="43" st_id="1" stage="1" lat="1">
<core>Sel</core>
<MemPortIdVec></MemPortIdVec>
<condition id="-1">
<or_exp><and_exp><literal name="icmp_ln56" val="0"/>
</and_exp></or_exp>
</condition>

<Node id="128" bw="11" op_0_bw="1" op_1_bw="11" op_2_bw="11">
<![CDATA[
._crit_edge:7 %select_ln60_4 = select i1 %or_ln58, i11 1, i11 %add_ln60_1

]]></Node>
<StgValue><ssdm name="select_ln60_4"/></StgValue>
</operation>

<operation id="44" st_id="1" stage="1" lat="1">
<core>Adder</core>
<MemPortIdVec></MemPortIdVec>
<condition id="-1">
<or_exp><and_exp><literal name="icmp_ln56" val="0"/>
</and_exp></or_exp>
</condition>

<Node id="129" bw="12" op_0_bw="12" op_1_bw="12">
<![CDATA[
._crit_edge:8 %add_ln58_1 = add i12 %indvar_flatten54_load, i12 1

]]></Node>
<StgValue><ssdm name="add_ln58_1"/></StgValue>
</operation>

<operation id="45" st_id="1" stage="1" lat="1">
<core>Sel</core>
<MemPortIdVec></MemPortIdVec>
<condition id="-1">
<or_exp><and_exp><literal name="icmp_ln56" val="0"/>
</and_exp></or_exp>
</condition>

<Node id="130" bw="12" op_0_bw="1" op_1_bw="12" op_2_bw="12">
<![CDATA[
._crit_edge:9 %select_ln58_6 = select i1 %icmp_ln58, i12 1, i12 %add_ln58_1

]]></Node>
<StgValue><ssdm name="select_ln58_6"/></StgValue>
</operation>

<operation id="46" st_id="1" stage="1" lat="1">
<core>NULL</core>
<MemPortIdVec></MemPortIdVec>
<condition id="-1">
<or_exp><and_exp><literal name="icmp_ln56" val="0"/>
</and_exp></or_exp>
</condition>

<Node id="131" bw="0" op_0_bw="15" op_1_bw="15" op_2_bw="0" op_3_bw="0">
<![CDATA[
._crit_edge:10 %store_ln56 = store i15 %add_ln56, i15 %indvar_flatten98

]]></Node>
<StgValue><ssdm name="store_ln56"/></StgValue>
</operation>

<operation id="47" st_id="1" stage="1" lat="1">
<core>NULL</core>
<MemPortIdVec></MemPortIdVec>
<condition id="-1">
<or_exp><and_exp><literal name="icmp_ln56" val="0"/>
</and_exp></or_exp>
</condition>

<Node id="132" bw="0" op_0_bw="12" op_1_bw="12" op_2_bw="0" op_3_bw="0" op_4_bw="0">
<![CDATA[
._crit_edge:11 %store_ln58 = store i12 %select_ln58_6, i12 %indvar_flatten54

]]></Node>
<StgValue><ssdm name="store_ln58"/></StgValue>
</operation>

<operation id="48" st_id="1" stage="1" lat="1">
<core>NULL</core>
<MemPortIdVec></MemPortIdVec>
<condition id="-1">
<or_exp><and_exp><literal name="icmp_ln56" val="0"/>
</and_exp></or_exp>
</condition>

<Node id="134" bw="0" op_0_bw="11" op_1_bw="11" op_2_bw="0" op_3_bw="0" op_4_bw="0">
<![CDATA[
._crit_edge:13 %store_ln60 = store i11 %select_ln60_4, i11 %indvar_flatten22

]]></Node>
<StgValue><ssdm name="store_ln60"/></StgValue>
</operation>
</state>

<state id="2" st_id="3">

<operation id="25" st_id="2" stage="1" lat="1">
<core>NULL</core>
<MemPortIdVec></MemPortIdVec>
<condition id="-1">
<or_exp><and_exp></and_exp></or_exp>
</condition>

<Node id="19" bw="0" op_0_bw="8" op_1_bw="8">
<![CDATA[
:16 %store_ln56 = store i8 0, i8 %indvar_flatten

]]></Node>
<StgValue><ssdm name="store_ln56"/></StgValue>
</operation>

<operation id="49" st_id="2" stage="1" lat="1">
<core>NULL</core>
<MemPortIdVec></MemPortIdVec>
<condition id="-1">
<or_exp><and_exp><literal name="icmp_ln56" val="0"/>
</and_exp></or_exp>
</condition>

<Node id="39" bw="8" op_0_bw="8" op_1_bw="0">
<![CDATA[
.split8:1 %indvar_flatten_load_1 = load i8 %indvar_flatten

]]></Node>
<StgValue><ssdm name="indvar_flatten_load_1"/></StgValue>
</operation>

<operation id="50" st_id="2" stage="1" lat="1">
<core>Cmp</core>
<MemPortIdVec></MemPortIdVec>
<condition id="-1">
<or_exp><and_exp><literal name="icmp_ln56" val="0"/>
</and_exp></or_exp>
</condition>

<Node id="55" bw="1" op_0_bw="8" op_1_bw="8">
<![CDATA[
.split8:17 %icmp_ln62 = icmp_eq  i8 %indvar_flatten_load_1, i8 64

]]></Node>
<StgValue><ssdm name="icmp_ln62"/></StgValue>
</operation>

<operation id="51" st_id="2" stage="1" lat="1">
<core>LogicGate</core>
<MemPortIdVec></MemPortIdVec>
<condition id="-1">
<or_exp><and_exp><literal name="icmp_ln56" val="0"/>
</and_exp></or_exp>
</condition>

<Node id="56" bw="1" op_0_bw="1" op_1_bw="1">
<![CDATA[
.split8:18 %and_ln46_3 = and i1 %icmp_ln62, i1 %xor_ln46

]]></Node>
<StgValue><ssdm name="and_ln46_3"/></StgValue>
</operation>

<operation id="52" st_id="2" stage="1" lat="1">
<core>LogicGate</core>
<MemPortIdVec></MemPortIdVec>
<condition id="-1">
<or_exp><and_exp><literal name="icmp_ln56" val="0"/>
</and_exp></or_exp>
</condition>

<Node id="72" bw="1" op_0_bw="1" op_1_bw="1">
<![CDATA[
.split8:34 %xor_ln58 = xor i1 %icmp_ln60, i1 1

]]></Node>
<StgValue><ssdm name="xor_ln58"/></StgValue>
</operation>

<operation id="53" st_id="2" stage="1" lat="1">
<core>LogicGate</core>
<MemPortIdVec></MemPortIdVec>
<condition id="-1">
<or_exp><and_exp><literal name="icmp_ln56" val="0"/>
</and_exp></or_exp>
</condition>

<Node id="73" bw="1" op_0_bw="1" op_1_bw="1">
<![CDATA[
.split8:35 %or_ln58_2 = or i1 %icmp_ln58, i1 %xor_ln58

]]></Node>
<StgValue><ssdm name="or_ln58_2"/></StgValue>
</operation>

<operation id="54" st_id="2" stage="1" lat="1">
<core>LogicGate</core>
<MemPortIdVec></MemPortIdVec>
<condition id="-1">
<or_exp><and_exp><literal name="icmp_ln56" val="0"/>
</and_exp></or_exp>
</condition>

<Node id="75" bw="1" op_0_bw="1" op_1_bw="1">
<![CDATA[
.split8:37 %and_ln58_1 = and i1 %and_ln46_3, i1 %or_ln58_2

]]></Node>
<StgValue><ssdm name="and_ln58_1"/></StgValue>
</operation>

<operation id="55" st_id="2" stage="1" lat="1">
<core>LogicGate</core>
<MemPortIdVec></MemPortIdVec>
<condition id="-1">
<or_exp><and_exp><literal name="icmp_ln56" val="0"/>
</and_exp></or_exp>
</condition>

<Node id="79" bw="1" op_0_bw="1" op_1_bw="1">
<![CDATA[
.split8:41 %or_ln60 = or i1 %and_ln58_1, i1 %and_ln46_4

]]></Node>
<StgValue><ssdm name="or_ln60"/></StgValue>
</operation>

<operation id="56" st_id="2" stage="1" lat="1">
<core>LogicGate</core>
<MemPortIdVec></MemPortIdVec>
<condition id="-1">
<or_exp><and_exp><literal name="icmp_ln56" val="0"/>
</and_exp></or_exp>
</condition>

<Node id="80" bw="1" op_0_bw="1" op_1_bw="1">
<![CDATA[
.split8:42 %or_ln60_2 = or i1 %or_ln60, i1 %icmp_ln58

]]></Node>
<StgValue><ssdm name="or_ln60_2"/></StgValue>
</operation>

<operation id="57" st_id="2" stage="1" lat="1">
<core>NULL</core>
<MemPortIdVec></MemPortIdVec>
<condition id="-1">
<or_exp><and_exp><literal name="icmp_ln56" val="0"/>
</and_exp></or_exp>
</condition>

<Node id="121" bw="8" op_0_bw="8" op_1_bw="0">
<![CDATA[
._crit_edge:0 %indvar_flatten_load = load i8 %indvar_flatten

]]></Node>
<StgValue><ssdm name="indvar_flatten_load"/></StgValue>
</operation>

<operation id="58" st_id="2" stage="1" lat="1">
<core>Adder</core>
<MemPortIdVec></MemPortIdVec>
<condition id="-1">
<or_exp><and_exp><literal name="icmp_ln56" val="0"/>
</and_exp></or_exp>
</condition>

<Node id="125" bw="8" op_0_bw="8" op_1_bw="8">
<![CDATA[
._crit_edge:4 %add_ln62_1 = add i8 %indvar_flatten_load, i8 1

]]></Node>
<StgValue><ssdm name="add_ln62_1"/></StgValue>
</operation>

<operation id="59" st_id="2" stage="1" lat="1">
<core>Sel</core>
<MemPortIdVec></MemPortIdVec>
<condition id="-1">
<or_exp><and_exp><literal name="icmp_ln56" val="0"/>
</and_exp></or_exp>
</condition>

<Node id="126" bw="8" op_0_bw="1" op_1_bw="8" op_2_bw="8">
<![CDATA[
._crit_edge:5 %select_ln62_4 = select i1 %or_ln60_2, i8 1, i8 %add_ln62_1

]]></Node>
<StgValue><ssdm name="select_ln62_4"/></StgValue>
</operation>

<operation id="60" st_id="2" stage="1" lat="1">
<core>NULL</core>
<MemPortIdVec></MemPortIdVec>
<condition id="-1">
<or_exp><and_exp><literal name="icmp_ln56" val="0"/>
</and_exp></or_exp>
</condition>

<Node id="136" bw="0" op_0_bw="8" op_1_bw="8" op_2_bw="0" op_3_bw="0" op_4_bw="0">
<![CDATA[
._crit_edge:15 %store_ln62 = store i8 %select_ln62_4, i8 %indvar_flatten

]]></Node>
<StgValue><ssdm name="store_ln62"/></StgValue>
</operation>
</state>

<state id="3" st_id="4">

<operation id="27" st_id="3" stage="1" lat="1">
<core>NULL</core>
<MemPortIdVec></MemPortIdVec>
<condition id="-1">
<or_exp><and_exp></and_exp></or_exp>
</condition>

<Node id="21" bw="0" op_0_bw="6" op_1_bw="6">
<![CDATA[
:18 %store_ln56 = store i6 0, i6 %k

]]></Node>
<StgValue><ssdm name="store_ln56"/></StgValue>
</operation>

<operation id="26" st_id="3" stage="1" lat="1">
<core>NULL</core>
<MemPortIdVec></MemPortIdVec>
<condition id="-1">
<or_exp><and_exp></and_exp></or_exp>
</condition>

<Node id="20" bw="0" op_0_bw="2" op_1_bw="2">
<![CDATA[
:17 %store_ln56 = store i2 0, i2 %m

]]></Node>
<StgValue><ssdm name="store_ln56"/></StgValue>
</operation>

<operation id="24" st_id="3" stage="1" lat="1">
<core>NULL</core>
<MemPortIdVec></MemPortIdVec>
<condition id="-1">
<or_exp><and_exp></and_exp></or_exp>
</condition>

<Node id="18" bw="0" op_0_bw="4" op_1_bw="4">
<![CDATA[
:15 %store_ln56 = store i4 0, i4 %j

]]></Node>
<StgValue><ssdm name="store_ln56"/></StgValue>
</operation>

<operation id="22" st_id="3" stage="1" lat="1">
<core>NULL</core>
<MemPortIdVec></MemPortIdVec>
<condition id="-1">
<or_exp><and_exp></and_exp></or_exp>
</condition>

<Node id="16" bw="0" op_0_bw="2" op_1_bw="2">
<![CDATA[
:13 %store_ln56 = store i2 0, i2 %l

]]></Node>
<StgValue><ssdm name="store_ln56"/></StgValue>
</operation>

<operation id="61" st_id="3" stage="1" lat="1">
<core>NULL</core>
<MemPortIdVec></MemPortIdVec>
<condition id="-1">
<or_exp><and_exp></and_exp></or_exp>
</condition>

<Node id="24" bw="2" op_0_bw="2" op_1_bw="0">
<![CDATA[
:0 %m_7 = load i2 %m

]]></Node>
<StgValue><ssdm name="m_7"/></StgValue>
</operation>

<operation id="62" st_id="3" stage="1" lat="1">
<core>NULL</core>
<MemPortIdVec></MemPortIdVec>
<condition id="-1">
<or_exp><and_exp></and_exp></or_exp>
</condition>

<Node id="25" bw="2" op_0_bw="2" op_1_bw="0">
<![CDATA[
:1 %l_1 = load i2 %l

]]></Node>
<StgValue><ssdm name="l_1"/></StgValue>
</operation>

<operation id="63" st_id="3" stage="1" lat="1">
<core>NULL</core>
<MemPortIdVec></MemPortIdVec>
<condition id="-1">
<or_exp><and_exp></and_exp></or_exp>
</condition>

<Node id="27" bw="1" op_0_bw="2">
<![CDATA[
:3 %trunc_ln58 = trunc i2 %l_1

]]></Node>
<StgValue><ssdm name="trunc_ln58"/></StgValue>
</operation>

<operation id="64" st_id="3" stage="1" lat="1">
<core>Cmp</core>
<MemPortIdVec></MemPortIdVec>
<condition id="-1">
<or_exp><and_exp></and_exp></or_exp>
</condition>

<Node id="28" bw="1" op_0_bw="2" op_1_bw="2">
<![CDATA[
:4 %cmp21_not = icmp_ne  i2 %l_1, i2 1

]]></Node>
<StgValue><ssdm name="cmp21_not"/></StgValue>
</operation>

<operation id="65" st_id="3" stage="1" lat="1">
<core>NULL</core>
<MemPortIdVec></MemPortIdVec>
<condition id="-1">
<or_exp><and_exp><literal name="and_ln58_1" val="0"/>
<literal name="and_ln46_4" val="0"/>
</and_exp></or_exp>
</condition>

<Node id="29" bw="1" op_0_bw="2">
<![CDATA[
:5 %trunc_ln62 = trunc i2 %m_7

]]></Node>
<StgValue><ssdm name="trunc_ln62"/></StgValue>
</operation>

<operation id="66" st_id="3" stage="1" lat="1">
<core>LogicGate</core>
<MemPortIdVec></MemPortIdVec>
<condition id="-1">
<or_exp><and_exp><literal name="and_ln58_1" val="0"/>
<literal name="and_ln46_4" val="0"/>
</and_exp></or_exp>
</condition>

<Node id="30" bw="1" op_0_bw="1" op_1_bw="1">
<![CDATA[
:6 %empty = or i1 %trunc_ln62, i1 %trunc_ln58

]]></Node>
<StgValue><ssdm name="empty"/></StgValue>
</operation>

<operation id="67" st_id="3" stage="1" lat="1">
<core>Cmp</core>
<MemPortIdVec></MemPortIdVec>
<condition id="-1">
<or_exp><and_exp></and_exp></or_exp>
</condition>

<Node id="31" bw="1" op_0_bw="2" op_1_bw="2">
<![CDATA[
:7 %cmp22_not = icmp_ne  i2 %m_7, i2 1

]]></Node>
<StgValue><ssdm name="cmp22_not"/></StgValue>
</operation>

<operation id="68" st_id="3" stage="1" lat="1">
<core>LogicGate</core>
<MemPortIdVec></MemPortIdVec>
<condition id="-1">
<or_exp><and_exp></and_exp></or_exp>
</condition>

<Node id="32" bw="1" op_0_bw="1" op_1_bw="1">
<![CDATA[
:8 %brmerge28 = or i1 %cmp21_not, i1 %cmp22_not

]]></Node>
<StgValue><ssdm name="brmerge28"/></StgValue>
</operation>

<operation id="69" st_id="3" stage="1" lat="1">
<core>NULL</core>
<MemPortIdVec></MemPortIdVec>
<condition id="-1">
<or_exp><and_exp></and_exp></or_exp>
</condition>

<Node id="33" bw="0" op_0_bw="0" op_1_bw="32" op_2_bw="32" op_3_bw="32" op_4_bw="32" op_5_bw="0">
<![CDATA[
:9 %specpipeline_ln0 = specpipeline void @_ssdm_op_SpecPipeline, i32 4294967295, i32 0, i32 1, i32 0, void @p_str

]]></Node>
<StgValue><ssdm name="specpipeline_ln0"/></StgValue>
</operation>

<operation id="70" st_id="3" stage="1" lat="1">
<core>NULL</core>
<MemPortIdVec></MemPortIdVec>
<condition id="-1">
<or_exp><and_exp><literal name="icmp_ln56" val="0"/>
</and_exp></or_exp>
</condition>

<Node id="38" bw="6" op_0_bw="6" op_1_bw="0">
<![CDATA[
.split8:0 %k_load = load i6 %k

]]></Node>
<StgValue><ssdm name="k_load"/></StgValue>
</operation>

<operation id="71" st_id="3" stage="1" lat="1">
<core>NULL</core>
<MemPortIdVec></MemPortIdVec>
<condition id="-1">
<or_exp><and_exp><literal name="icmp_ln56" val="0"/>
</and_exp></or_exp>
</condition>

<Node id="40" bw="4" op_0_bw="4" op_1_bw="0">
<![CDATA[
.split8:2 %j_load = load i4 %j

]]></Node>
<StgValue><ssdm name="j_load"/></StgValue>
</operation>

<operation id="72" st_id="3" stage="1" lat="1">
<core>Sel</core>
<MemPortIdVec></MemPortIdVec>
<condition id="-1">
<or_exp><and_exp><literal name="icmp_ln56" val="0"/>
</and_exp></or_exp>
</condition>

<Node id="46" bw="2" op_0_bw="1" op_1_bw="2" op_2_bw="2">
<![CDATA[
.split8:8 %select_ln46 = select i1 %icmp_ln58, i2 0, i2 %l_1

]]></Node>
<StgValue><ssdm name="select_ln46"/></StgValue>
</operation>

<operation id="73" st_id="3" stage="1" lat="1">
<core>LogicGate</core>
<MemPortIdVec></MemPortIdVec>
<condition id="-1">
<or_exp><and_exp><literal name="icmp_ln56" val="0"/>
<literal name="and_ln46_4" val="0"/>
</and_exp></or_exp>
</condition>

<Node id="48" bw="1" op_0_bw="1" op_1_bw="1">
<![CDATA[
.split8:10 %and_ln46 = and i1 %trunc_ln58, i1 %xor_ln46

]]></Node>
<StgValue><ssdm name="and_ln46"/></StgValue>
</operation>

<operation id="74" st_id="3" stage="1" lat="1">
<core>LogicGate</core>
<MemPortIdVec></MemPortIdVec>
<condition id="-1">
<or_exp><and_exp><literal name="icmp_ln56" val="0"/>
<literal name="and_ln46_4" val="0"/>
</and_exp></or_exp>
</condition>

<Node id="49" bw="1" op_0_bw="1" op_1_bw="1">
<![CDATA[
.split8:11 %or_ln46 = or i1 %icmp_ln58, i1 %cmp21_not

]]></Node>
<StgValue><ssdm name="or_ln46"/></StgValue>
</operation>

<operation id="75" st_id="3" stage="1" lat="1">
<core>LogicGate</core>
<MemPortIdVec></MemPortIdVec>
<condition id="-1">
<or_exp><and_exp><literal name="icmp_ln56" val="0"/>
<literal name="and_ln58_1" val="0"/>
<literal name="and_ln46_4" val="0"/>
</and_exp></or_exp>
</condition>

<Node id="50" bw="1" op_0_bw="1" op_1_bw="1">
<![CDATA[
.split8:12 %and_ln46_1 = and i1 %empty, i1 %xor_ln46

]]></Node>
<StgValue><ssdm name="and_ln46_1"/></StgValue>
</operation>

<operation id="76" st_id="3" stage="1" lat="1">
<core>LogicGate</core>
<MemPortIdVec></MemPortIdVec>
<condition id="-1">
<or_exp><and_exp><literal name="icmp_ln56" val="0"/>
</and_exp></or_exp>
</condition>

<Node id="51" bw="1" op_0_bw="1" op_1_bw="1">
<![CDATA[
.split8:13 %or_ln46_1 = or i1 %icmp_ln58, i1 %brmerge28

]]></Node>
<StgValue><ssdm name="or_ln46_1"/></StgValue>
</operation>

<operation id="77" st_id="3" stage="1" lat="1">
<core>Cmp</core>
<MemPortIdVec></MemPortIdVec>
<condition id="-1">
<or_exp><and_exp><literal name="icmp_ln56" val="0"/>
</and_exp></or_exp>
</condition>

<Node id="53" bw="1" op_0_bw="6" op_1_bw="6">
<![CDATA[
.split8:15 %icmp_ln64 = icmp_eq  i6 %k_load, i6 32

]]></Node>
<StgValue><ssdm name="icmp_ln64"/></StgValue>
</operation>

<operation id="78" st_id="3" stage="1" lat="1">
<core>LogicGate</core>
<MemPortIdVec></MemPortIdVec>
<condition id="-1">
<or_exp><and_exp><literal name="icmp_ln56" val="0"/>
</and_exp></or_exp>
</condition>

<Node id="54" bw="1" op_0_bw="1" op_1_bw="1">
<![CDATA[
.split8:16 %and_ln46_2 = and i1 %icmp_ln64, i1 %xor_ln46

]]></Node>
<StgValue><ssdm name="and_ln46_2"/></StgValue>
</operation>

<operation id="79" st_id="3" stage="1" lat="1">
<core>Adder</core>
<MemPortIdVec></MemPortIdVec>
<condition id="-1">
<or_exp><and_exp><literal name="icmp_ln56" val="0"/>
</and_exp></or_exp>
</condition>

<Node id="59" bw="2" op_0_bw="2" op_1_bw="2">
<![CDATA[
.split8:21 %l_3 = add i2 %select_ln46, i2 1

]]></Node>
<StgValue><ssdm name="l_3"/></StgValue>
</operation>

<operation id="80" st_id="3" stage="1" lat="1">
<core>Sel</core>
<MemPortIdVec></MemPortIdVec>
<condition id="-1">
<or_exp><and_exp><literal name="icmp_ln56" val="0"/>
</and_exp></or_exp>
</condition>

<Node id="62" bw="4" op_0_bw="1" op_1_bw="4" op_2_bw="4">
<![CDATA[
.split8:24 %select_ln58 = select i1 %or_ln58, i4 0, i4 %j_load

]]></Node>
<StgValue><ssdm name="select_ln58"/></StgValue>
</operation>

<operation id="81" st_id="3" stage="1" lat="1">
<core>NULL</core>
<MemPortIdVec></MemPortIdVec>
<condition id="-1">
<or_exp><and_exp><literal name="icmp_ln56" val="0"/>
</and_exp></or_exp>
</condition>

<Node id="63" bw="1" op_0_bw="2">
<![CDATA[
.split8:25 %trunc_ln58_1 = trunc i2 %l_3

]]></Node>
<StgValue><ssdm name="trunc_ln58_1"/></StgValue>
</operation>

<operation id="82" st_id="3" stage="1" lat="1">
<core>Sel</core>
<MemPortIdVec></MemPortIdVec>
<condition id="-1">
<or_exp><and_exp><literal name="icmp_ln56" val="0"/>
</and_exp></or_exp>
</condition>

<Node id="64" bw="1" op_0_bw="1" op_1_bw="1" op_2_bw="1">
<![CDATA[
.split8:26 %select_ln58_1 = select i1 %and_ln46_4, i1 %trunc_ln58_1, i1 %and_ln46

]]></Node>
<StgValue><ssdm name="select_ln58_1"/></StgValue>
</operation>

<operation id="83" st_id="3" stage="1" lat="1">
<core>Cmp</core>
<MemPortIdVec></MemPortIdVec>
<condition id="-1">
<or_exp><and_exp><literal name="icmp_ln56" val="0"/>
<literal name="and_ln46_4" val="1"/>
</and_exp></or_exp>
</condition>

<Node id="65" bw="1" op_0_bw="2" op_1_bw="2">
<![CDATA[
.split8:27 %cmp21_not_mid1 = icmp_ne  i2 %select_ln46, i2 0

]]></Node>
<StgValue><ssdm name="cmp21_not_mid1"/></StgValue>
</operation>

<operation id="84" st_id="3" stage="1" lat="1">
<core>Sel</core>
<MemPortIdVec></MemPortIdVec>
<condition id="-1">
<or_exp><and_exp><literal name="icmp_ln56" val="0"/>
</and_exp></or_exp>
</condition>

<Node id="66" bw="1" op_0_bw="1" op_1_bw="1" op_2_bw="1">
<![CDATA[
.split8:28 %select_ln58_2 = select i1 %and_ln46_4, i1 %cmp21_not_mid1, i1 %or_ln46

]]></Node>
<StgValue><ssdm name="select_ln58_2"/></StgValue>
</operation>

<operation id="85" st_id="3" stage="1" lat="1">
<core>NULL</core>
<MemPortIdVec></MemPortIdVec>
<condition id="-1">
<or_exp><and_exp><literal name="icmp_ln56" val="0"/>
<literal name="or_ln58" val="0"/>
<literal name="and_ln58_1" val="0"/>
</and_exp></or_exp>
</condition>

<Node id="67" bw="9" op_0_bw="9" op_1_bw="4" op_2_bw="5">
<![CDATA[
.split8:29 %tmp = bitconcatenate i9 @_ssdm_op_BitConcatenate.i9.i4.i5, i4 %j_load, i5 0

]]></Node>
<StgValue><ssdm name="tmp"/></StgValue>
</operation>

<operation id="86" st_id="3" stage="1" lat="1">
<core>Sel</core>
<MemPortIdVec></MemPortIdVec>
<condition id="-1">
<or_exp><and_exp><literal name="icmp_ln56" val="0"/>
<literal name="and_ln58_1" val="0"/>
</and_exp></or_exp>
</condition>

<Node id="68" bw="9" op_0_bw="1" op_1_bw="9" op_2_bw="9">
<![CDATA[
.split8:30 %select_ln58_3 = select i1 %or_ln58, i9 0, i9 %tmp

]]></Node>
<StgValue><ssdm name="select_ln58_3"/></StgValue>
</operation>

<operation id="87" st_id="3" stage="1" lat="1">
<core>Sel</core>
<MemPortIdVec></MemPortIdVec>
<condition id="-1">
<or_exp><and_exp><literal name="icmp_ln56" val="0"/>
<literal name="and_ln58_1" val="0"/>
</and_exp></or_exp>
</condition>

<Node id="69" bw="1" op_0_bw="1" op_1_bw="1" op_2_bw="1">
<![CDATA[
.split8:31 %select_ln58_4 = select i1 %and_ln46_4, i1 %trunc_ln58_1, i1 %and_ln46_1

]]></Node>
<StgValue><ssdm name="select_ln58_4"/></StgValue>
</operation>

<operation id="88" st_id="3" stage="1" lat="1">
<core>LogicGate</core>
<MemPortIdVec></MemPortIdVec>
<condition id="-1">
<or_exp><and_exp><literal name="icmp_ln56" val="0"/>
</and_exp></or_exp>
</condition>

<Node id="70" bw="1" op_0_bw="1" op_1_bw="1">
<![CDATA[
.split8:32 %or_ln58_1 = or i1 %and_ln46_4, i1 %or_ln46_1

]]></Node>
<StgValue><ssdm name="or_ln58_1"/></StgValue>
</operation>

<operation id="89" st_id="3" stage="1" lat="1">
<core>LogicGate</core>
<MemPortIdVec></MemPortIdVec>
<condition id="-1">
<or_exp><and_exp><literal name="icmp_ln56" val="0"/>
</and_exp></or_exp>
</condition>

<Node id="74" bw="1" op_0_bw="1" op_1_bw="1">
<![CDATA[
.split8:36 %and_ln58 = and i1 %and_ln46_2, i1 %or_ln58_2

]]></Node>
<StgValue><ssdm name="and_ln58"/></StgValue>
</operation>

<operation id="90" st_id="3" stage="1" lat="1">
<core>Sel</core>
<MemPortIdVec></MemPortIdVec>
<condition id="-1">
<or_exp><and_exp><literal name="icmp_ln56" val="0"/>
</and_exp></or_exp>
</condition>

<Node id="76" bw="2" op_0_bw="1" op_1_bw="2" op_2_bw="2">
<![CDATA[
.split8:38 %select_ln58_5 = select i1 %and_ln46_4, i2 %l_3, i2 %select_ln46

]]></Node>
<StgValue><ssdm name="select_ln58_5"/></StgValue>
</operation>

<operation id="91" st_id="3" stage="1" lat="1">
<core>Adder</core>
<MemPortIdVec></MemPortIdVec>
<condition id="-1">
<or_exp><and_exp><literal name="icmp_ln56" val="0"/>
</and_exp></or_exp>
</condition>

<Node id="77" bw="4" op_0_bw="4" op_1_bw="4">
<![CDATA[
.split8:39 %add_ln60 = add i4 %select_ln58, i4 1

]]></Node>
<StgValue><ssdm name="add_ln60"/></StgValue>
</operation>

<operation id="92" st_id="3" stage="1" lat="1">
<core>Sel</core>
<MemPortIdVec></MemPortIdVec>
<condition id="-1">
<or_exp><and_exp><literal name="icmp_ln56" val="0"/>
</and_exp></or_exp>
</condition>

<Node id="81" bw="2" op_0_bw="1" op_1_bw="2" op_2_bw="2">
<![CDATA[
.split8:43 %select_ln60 = select i1 %or_ln60_2, i2 0, i2 %m_7

]]></Node>
<StgValue><ssdm name="select_ln60"/></StgValue>
</operation>

<operation id="93" st_id="3" stage="1" lat="1">
<core>NULL</core>
<MemPortIdVec></MemPortIdVec>
<condition id="-1">
<or_exp><and_exp><literal name="icmp_ln56" val="0"/>
<literal name="and_ln58_1" val="1"/>
</and_exp></or_exp>
</condition>

<Node id="82" bw="9" op_0_bw="9" op_1_bw="4" op_2_bw="5">
<![CDATA[
.split8:44 %p_mid = bitconcatenate i9 @_ssdm_op_BitConcatenate.i9.i4.i5, i4 %add_ln60, i5 0

]]></Node>
<StgValue><ssdm name="p_mid"/></StgValue>
</operation>

<operation id="94" st_id="3" stage="1" lat="1">
<core>Sel</core>
<MemPortIdVec></MemPortIdVec>
<condition id="-1">
<or_exp><and_exp><literal name="icmp_ln56" val="0"/>
</and_exp></or_exp>
</condition>

<Node id="83" bw="9" op_0_bw="1" op_1_bw="9" op_2_bw="9">
<![CDATA[
.split8:45 %select_ln60_1 = select i1 %and_ln58_1, i9 %p_mid, i9 %select_ln58_3

]]></Node>
<StgValue><ssdm name="select_ln60_1"/></StgValue>
</operation>

<operation id="95" st_id="3" stage="1" lat="1">
<core>Sel</core>
<MemPortIdVec></MemPortIdVec>
<condition id="-1">
<or_exp><and_exp><literal name="icmp_ln56" val="0"/>
</and_exp></or_exp>
</condition>

<Node id="84" bw="1" op_0_bw="1" op_1_bw="1" op_2_bw="1">
<![CDATA[
.split8:46 %select_ln60_2 = select i1 %and_ln58_1, i1 %select_ln58_1, i1 %select_ln58_4

]]></Node>
<StgValue><ssdm name="select_ln60_2"/></StgValue>
</operation>

<operation id="96" st_id="3" stage="1" lat="1">
<core>LogicGate</core>
<MemPortIdVec></MemPortIdVec>
<condition id="-1">
<or_exp><and_exp><literal name="icmp_ln56" val="0"/>
</and_exp></or_exp>
</condition>

<Node id="85" bw="1" op_0_bw="1" op_1_bw="1">
<![CDATA[
.split8:47 %or_ln60_1 = or i1 %and_ln58_1, i1 %or_ln58_1

]]></Node>
<StgValue><ssdm name="or_ln60_1"/></StgValue>
</operation>

<operation id="97" st_id="3" stage="1" lat="1">
<core>LogicGate</core>
<MemPortIdVec></MemPortIdVec>
<condition id="-1">
<or_exp><and_exp><literal name="icmp_ln56" val="0"/>
</and_exp></or_exp>
</condition>

<Node id="87" bw="1" op_0_bw="1" op_1_bw="1">
<![CDATA[
.split8:49 %xor_ln60 = xor i1 %and_ln58_1, i1 1

]]></Node>
<StgValue><ssdm name="xor_ln60"/></StgValue>
</operation>

<operation id="98" st_id="3" stage="1" lat="1">
<core>LogicGate</core>
<MemPortIdVec></MemPortIdVec>
<condition id="-1">
<or_exp><and_exp><literal name="icmp_ln56" val="0"/>
</and_exp></or_exp>
</condition>

<Node id="88" bw="1" op_0_bw="1" op_1_bw="1">
<![CDATA[
.split8:50 %and_ln60 = and i1 %and_ln58, i1 %xor_ln60

]]></Node>
<StgValue><ssdm name="and_ln60"/></StgValue>
</operation>

<operation id="99" st_id="3" stage="1" lat="1">
<core>Sel</core>
<MemPortIdVec></MemPortIdVec>
<condition id="-1">
<or_exp><and_exp><literal name="icmp_ln56" val="0"/>
</and_exp></or_exp>
</condition>

<Node id="89" bw="4" op_0_bw="1" op_1_bw="4" op_2_bw="4">
<![CDATA[
.split8:51 %select_ln60_3 = select i1 %and_ln58_1, i4 %add_ln60, i4 %select_ln58

]]></Node>
<StgValue><ssdm name="select_ln60_3"/></StgValue>
</operation>

<operation id="100" st_id="3" stage="1" lat="1">
<core>Adder</core>
<MemPortIdVec></MemPortIdVec>
<condition id="-1">
<or_exp><and_exp><literal name="icmp_ln56" val="0"/>
</and_exp></or_exp>
</condition>

<Node id="90" bw="2" op_0_bw="2" op_1_bw="2">
<![CDATA[
.split8:52 %m_9 = add i2 %select_ln60, i2 1

]]></Node>
<StgValue><ssdm name="m_9"/></StgValue>
</operation>

<operation id="101" st_id="3" stage="1" lat="1">
<core>LogicGate</core>
<MemPortIdVec></MemPortIdVec>
<condition id="-1">
<or_exp><and_exp><literal name="icmp_ln56" val="0"/>
</and_exp></or_exp>
</condition>

<Node id="92" bw="1" op_0_bw="1" op_1_bw="1">
<![CDATA[
.split8:54 %or_ln62 = or i1 %and_ln60, i1 %and_ln58_1

]]></Node>
<StgValue><ssdm name="or_ln62"/></StgValue>
</operation>

<operation id="102" st_id="3" stage="1" lat="1">
<core>LogicGate</core>
<MemPortIdVec></MemPortIdVec>
<condition id="-1">
<or_exp><and_exp><literal name="icmp_ln56" val="0"/>
</and_exp></or_exp>
</condition>

<Node id="93" bw="1" op_0_bw="1" op_1_bw="1">
<![CDATA[
.split8:55 %or_ln62_1 = or i1 %or_ln62, i1 %or_ln58

]]></Node>
<StgValue><ssdm name="or_ln62_1"/></StgValue>
</operation>

<operation id="103" st_id="3" stage="1" lat="1">
<core>Sel</core>
<MemPortIdVec></MemPortIdVec>
<condition id="-1">
<or_exp><and_exp><literal name="icmp_ln56" val="0"/>
</and_exp></or_exp>
</condition>

<Node id="94" bw="6" op_0_bw="1" op_1_bw="6" op_2_bw="6">
<![CDATA[
.split8:56 %select_ln62 = select i1 %or_ln62_1, i6 0, i6 %k_load

]]></Node>
<StgValue><ssdm name="select_ln62"/></StgValue>
</operation>

<operation id="104" st_id="3" stage="1" lat="1">
<core>NULL</core>
<MemPortIdVec></MemPortIdVec>
<condition id="-1">
<or_exp><and_exp><literal name="icmp_ln56" val="0"/>
</and_exp></or_exp>
</condition>

<Node id="95" bw="1" op_0_bw="2">
<![CDATA[
.split8:57 %trunc_ln62_1 = trunc i2 %m_9

]]></Node>
<StgValue><ssdm name="trunc_ln62_1"/></StgValue>
</operation>

<operation id="105" st_id="3" stage="1" lat="1">
<core>LogicGate</core>
<MemPortIdVec></MemPortIdVec>
<condition id="-1">
<or_exp><and_exp><literal name="icmp_ln56" val="0"/>
</and_exp></or_exp>
</condition>

<Node id="96" bw="1" op_0_bw="1" op_1_bw="1">
<![CDATA[
.split8:58 %p_mid1 = or i1 %trunc_ln62_1, i1 %select_ln58_1

]]></Node>
<StgValue><ssdm name="p_mid1"/></StgValue>
</operation>

<operation id="106" st_id="3" stage="1" lat="1">
<core>Sel</core>
<MemPortIdVec></MemPortIdVec>
<condition id="-1">
<or_exp><and_exp><literal name="icmp_ln56" val="0"/>
</and_exp></or_exp>
</condition>

<Node id="97" bw="1" op_0_bw="1" op_1_bw="1" op_2_bw="1">
<![CDATA[
.split8:59 %select_ln62_1 = select i1 %and_ln60, i1 %p_mid1, i1 %select_ln60_2

]]></Node>
<StgValue><ssdm name="select_ln62_1"/></StgValue>
</operation>

<operation id="107" st_id="3" stage="1" lat="1">
<core>Cmp</core>
<MemPortIdVec></MemPortIdVec>
<condition id="-1">
<or_exp><and_exp><literal name="icmp_ln56" val="0"/>
</and_exp></or_exp>
</condition>

<Node id="98" bw="1" op_0_bw="2" op_1_bw="2">
<![CDATA[
.split8:60 %cmp22_not_mid1 = icmp_ne  i2 %select_ln60, i2 0

]]></Node>
<StgValue><ssdm name="cmp22_not_mid1"/></StgValue>
</operation>

<operation id="108" st_id="3" stage="1" lat="1">
<core>LogicGate</core>
<MemPortIdVec></MemPortIdVec>
<condition id="-1">
<or_exp><and_exp><literal name="icmp_ln56" val="0"/>
</and_exp></or_exp>
</condition>

<Node id="99" bw="1" op_0_bw="1" op_1_bw="1">
<![CDATA[
.split8:61 %brmerge28_mid1 = or i1 %select_ln58_2, i1 %cmp22_not_mid1

]]></Node>
<StgValue><ssdm name="brmerge28_mid1"/></StgValue>
</operation>

<operation id="109" st_id="3" stage="1" lat="1">
<core>Sel</core>
<MemPortIdVec></MemPortIdVec>
<condition id="-1">
<or_exp><and_exp><literal name="icmp_ln56" val="0"/>
</and_exp></or_exp>
</condition>

<Node id="100" bw="1" op_0_bw="1" op_1_bw="1" op_2_bw="1">
<![CDATA[
.split8:62 %select_ln62_2 = select i1 %and_ln60, i1 %brmerge28_mid1, i1 %or_ln60_1

]]></Node>
<StgValue><ssdm name="select_ln62_2"/></StgValue>
</operation>

<operation id="110" st_id="3" stage="1" lat="1">
<core>Sel</core>
<MemPortIdVec></MemPortIdVec>
<condition id="-1">
<or_exp><and_exp><literal name="icmp_ln56" val="0"/>
</and_exp></or_exp>
</condition>

<Node id="102" bw="2" op_0_bw="1" op_1_bw="2" op_2_bw="2">
<![CDATA[
.split8:64 %select_ln62_3 = select i1 %and_ln60, i2 %m_9, i2 %select_ln60

]]></Node>
<StgValue><ssdm name="select_ln62_3"/></StgValue>
</operation>

<operation id="111" st_id="3" stage="1" lat="1">
<core>NULL</core>
<MemPortIdVec></MemPortIdVec>
<condition id="-1">
<or_exp><and_exp><literal name="icmp_ln56" val="0"/>
</and_exp></or_exp>
</condition>

<Node id="103" bw="9" op_0_bw="6">
<![CDATA[
.split8:65 %k_cast = zext i6 %select_ln62

]]></Node>
<StgValue><ssdm name="k_cast"/></StgValue>
</operation>

<operation id="112" st_id="3" stage="1" lat="1">
<core>Adder</core>
<MemPortIdVec></MemPortIdVec>
<condition id="-1">
<or_exp><and_exp><literal name="icmp_ln56" val="0"/>
</and_exp></or_exp>
</condition>

<Node id="106" bw="9" op_0_bw="9" op_1_bw="9">
<![CDATA[
.split8:68 %add_ln69 = add i9 %select_ln60_1, i9 %k_cast

]]></Node>
<StgValue><ssdm name="add_ln69"/></StgValue>
</operation>

<operation id="113" st_id="3" stage="1" lat="1">
<core>NULL</core>
<MemPortIdVec></MemPortIdVec>
<condition id="-1">
<or_exp><and_exp><literal name="icmp_ln56" val="0"/>
</and_exp></or_exp>
</condition>

<Node id="116" bw="0" op_0_bw="1" op_1_bw="0" op_2_bw="0">
<![CDATA[
.split8:78 %br_ln76 = br i1 %select_ln62_2, void, void %._crit_edge

]]></Node>
<StgValue><ssdm name="br_ln76"/></StgValue>
</operation>

<operation id="114" st_id="3" stage="1" lat="1">
<core>Adder</core>
<MemPortIdVec></MemPortIdVec>
<condition id="-1">
<or_exp><and_exp><literal name="icmp_ln56" val="0"/>
</and_exp></or_exp>
</condition>

<Node id="124" bw="6" op_0_bw="6" op_1_bw="6">
<![CDATA[
._crit_edge:3 %add_ln64 = add i6 %select_ln62, i6 1

]]></Node>
<StgValue><ssdm name="add_ln64"/></StgValue>
</operation>

<operation id="115" st_id="3" stage="1" lat="1">
<core>NULL</core>
<MemPortIdVec></MemPortIdVec>
<condition id="-1">
<or_exp><and_exp><literal name="icmp_ln56" val="0"/>
</and_exp></or_exp>
</condition>

<Node id="133" bw="0" op_0_bw="2" op_1_bw="2" op_2_bw="0" op_3_bw="0">
<![CDATA[
._crit_edge:12 %store_ln58 = store i2 %select_ln58_5, i2 %l

]]></Node>
<StgValue><ssdm name="store_ln58"/></StgValue>
</operation>

<operation id="116" st_id="3" stage="1" lat="1">
<core>NULL</core>
<MemPortIdVec></MemPortIdVec>
<condition id="-1">
<or_exp><and_exp><literal name="icmp_ln56" val="0"/>
</and_exp></or_exp>
</condition>

<Node id="135" bw="0" op_0_bw="4" op_1_bw="4" op_2_bw="0" op_3_bw="0">
<![CDATA[
._crit_edge:14 %store_ln60 = store i4 %select_ln60_3, i4 %j

]]></Node>
<StgValue><ssdm name="store_ln60"/></StgValue>
</operation>

<operation id="117" st_id="3" stage="1" lat="1">
<core>NULL</core>
<MemPortIdVec></MemPortIdVec>
<condition id="-1">
<or_exp><and_exp><literal name="icmp_ln56" val="0"/>
</and_exp></or_exp>
</condition>

<Node id="137" bw="0" op_0_bw="2" op_1_bw="2" op_2_bw="0" op_3_bw="0">
<![CDATA[
._crit_edge:16 %store_ln62 = store i2 %select_ln62_3, i2 %m

]]></Node>
<StgValue><ssdm name="store_ln62"/></StgValue>
</operation>

<operation id="118" st_id="3" stage="1" lat="1">
<core>NULL</core>
<MemPortIdVec></MemPortIdVec>
<condition id="-1">
<or_exp><and_exp><literal name="icmp_ln56" val="0"/>
</and_exp></or_exp>
</condition>

<Node id="138" bw="0" op_0_bw="6" op_1_bw="6" op_2_bw="0" op_3_bw="0">
<![CDATA[
._crit_edge:17 %store_ln64 = store i6 %add_ln64, i6 %k

]]></Node>
<StgValue><ssdm name="store_ln64"/></StgValue>
</operation>

<operation id="119" st_id="3" stage="1" lat="1">
<core>NULL</core>
<MemPortIdVec></MemPortIdVec>
<condition id="-1">
<or_exp><and_exp><literal name="icmp_ln56" val="0"/>
</and_exp></or_exp>
</condition>

<Node id="139" bw="0" op_0_bw="0">
<![CDATA[
._crit_edge:18 %br_ln0 = br void

]]></Node>
<StgValue><ssdm name="br_ln0"/></StgValue>
</operation>
</state>

<state id="4" st_id="5">

<operation id="120" st_id="4" stage="1" lat="1">
<core>NULL</core>
<MemPortIdVec></MemPortIdVec>
<condition id="-1">
<or_exp><and_exp></and_exp></or_exp>
</condition>

<Node id="107" bw="64" op_0_bw="9">
<![CDATA[
.split8:69 %zext_ln69 = zext i9 %add_ln69

]]></Node>
<StgValue><ssdm name="zext_ln69"/></StgValue>
</operation>

<operation id="121" st_id="4" stage="1" lat="1">
<core>NULL</core>
<MemPortIdVec></MemPortIdVec>
<condition id="-1">
<or_exp><and_exp></and_exp></or_exp>
</condition>

<Node id="108" bw="9" op_0_bw="24" op_1_bw="64" op_2_bw="64">
<![CDATA[
.split8:70 %pool_buff_V_addr = getelementptr i24 %pool_buff_V, i64 0, i64 %zext_ln69

]]></Node>
<StgValue><ssdm name="pool_buff_V_addr"/></StgValue>
</operation>

<operation id="122" st_id="4" stage="2" lat="2">
<core>RAM</core>
<MemPortIdVec>1 </MemPortIdVec>
<condition id="-1">
<or_exp><and_exp><literal name="select_ln62_1" val="1"/>
</and_exp></or_exp>
</condition>

<Node id="109" bw="24" op_0_bw="9">
<![CDATA[
.split8:71 %p_Val2_s = load i9 %pool_buff_V_addr

]]></Node>
<StgValue><ssdm name="p_Val2_s"/></StgValue>
</operation>
</state>

<state id="5" st_id="6">

<operation id="123" st_id="5" stage="1" lat="1">
<core>FIFO_SRL</core>
<MemPortIdVec></MemPortIdVec>
<condition id="-1">
<or_exp><and_exp></and_exp></or_exp>
</condition>

<Node id="105" bw="24" op_0_bw="24" op_1_bw="24">
<![CDATA[
.split8:67 %read = read i24 @_ssdm_op_Read.ap_fifo.volatile.i24P0A, i24 %conv_out2

]]></Node>
<StgValue><ssdm name="read"/></StgValue>
</operation>

<operation id="124" st_id="5" stage="1" lat="2">
<core>RAM</core>
<MemPortIdVec>1 </MemPortIdVec>
<condition id="-1">
<or_exp><and_exp><literal name="select_ln62_1" val="1"/>
</and_exp></or_exp>
</condition>

<Node id="109" bw="24" op_0_bw="9">
<![CDATA[
.split8:71 %p_Val2_s = load i9 %pool_buff_V_addr

]]></Node>
<StgValue><ssdm name="p_Val2_s"/></StgValue>
</operation>

<operation id="125" st_id="5" stage="1" lat="1">
<core>Cmp</core>
<MemPortIdVec></MemPortIdVec>
<condition id="-1">
<or_exp><and_exp><literal name="select_ln62_1" val="1"/>
</and_exp></or_exp>
</condition>

<Node id="110" bw="1" op_0_bw="24" op_1_bw="24">
<![CDATA[
.split8:72 %icmp_ln1547 = icmp_sgt  i24 %p_Val2_s, i24 %read

]]></Node>
<StgValue><ssdm name="icmp_ln1547"/></StgValue>
</operation>

<operation id="143" st_id="5" stage="1" lat="1">
<core>NULL</core>
<MemPortIdVec></MemPortIdVec>
<condition id="-1">
<or_exp><and_exp><literal name="icmp_ln56" val="1"/>
</and_exp></or_exp>
</condition>

<Node id="141" bw="0">
<![CDATA[
:0 %ret_ln107 = ret

]]></Node>
<StgValue><ssdm name="ret_ln107"/></StgValue>
</operation>
</state>

<state id="6" st_id="7">

<operation id="126" st_id="6" stage="1" lat="1">
<core>NULL</core>
<MemPortIdVec></MemPortIdVec>
<condition id="-1">
<or_exp><and_exp></and_exp></or_exp>
</condition>

<Node id="43" bw="0" op_0_bw="0" op_1_bw="0">
<![CDATA[
.split8:5 %specloopname_ln0 = specloopname void @_ssdm_op_SpecLoopName, void @pool_maxsearch5_pool_maxsearch3_pool_maxsearch2_pool_maxsearch1_str

]]></Node>
<StgValue><ssdm name="specloopname_ln0"/></StgValue>
</operation>

<operation id="127" st_id="6" stage="1" lat="1">
<core>NULL</core>
<MemPortIdVec></MemPortIdVec>
<condition id="-1">
<or_exp><and_exp></and_exp></or_exp>
</condition>

<Node id="44" bw="32" op_0_bw="32" op_1_bw="64" op_2_bw="64" op_3_bw="64">
<![CDATA[
.split8:6 %empty_49 = speclooptripcount i32 @_ssdm_op_SpecLoopTripCount, i64 21632, i64 21632, i64 21632

]]></Node>
<StgValue><ssdm name="empty_49"/></StgValue>
</operation>

<operation id="128" st_id="6" stage="1" lat="1">
<core>NULL</core>
<MemPortIdVec></MemPortIdVec>
<condition id="-1">
<or_exp><and_exp></and_exp></or_exp>
</condition>

<Node id="52" bw="0" op_0_bw="0" op_1_bw="32" op_2_bw="32" op_3_bw="32" op_4_bw="32" op_5_bw="0">
<![CDATA[
.split8:14 %specpipeline_ln0 = specpipeline void @_ssdm_op_SpecPipeline, i32 4294967295, i32 0, i32 1, i32 0, void @p_str

]]></Node>
<StgValue><ssdm name="specpipeline_ln0"/></StgValue>
</operation>

<operation id="129" st_id="6" stage="1" lat="1">
<core>NULL</core>
<MemPortIdVec></MemPortIdVec>
<condition id="-1">
<or_exp><and_exp></and_exp></or_exp>
</condition>

<Node id="60" bw="0" op_0_bw="0" op_1_bw="0">
<![CDATA[
.split8:22 %specloopname_ln0 = specloopname void @_ssdm_op_SpecLoopName, void @pool_maxsearch4_pool_maxsearch2_pool_maxsearch1_str

]]></Node>
<StgValue><ssdm name="specloopname_ln0"/></StgValue>
</operation>

<operation id="130" st_id="6" stage="1" lat="1">
<core>NULL</core>
<MemPortIdVec></MemPortIdVec>
<condition id="-1">
<or_exp><and_exp></and_exp></or_exp>
</condition>

<Node id="71" bw="0" op_0_bw="0" op_1_bw="32" op_2_bw="32" op_3_bw="32" op_4_bw="32" op_5_bw="0">
<![CDATA[
.split8:33 %specpipeline_ln0 = specpipeline void @_ssdm_op_SpecPipeline, i32 4294967295, i32 0, i32 1, i32 0, void @p_str

]]></Node>
<StgValue><ssdm name="specpipeline_ln0"/></StgValue>
</operation>

<operation id="131" st_id="6" stage="1" lat="1">
<core>NULL</core>
<MemPortIdVec></MemPortIdVec>
<condition id="-1">
<or_exp><and_exp></and_exp></or_exp>
</condition>

<Node id="78" bw="0" op_0_bw="0" op_1_bw="0">
<![CDATA[
.split8:40 %specloopname_ln0 = specloopname void @_ssdm_op_SpecLoopName, void @pool_maxsearch3_pool_maxsearch2_pool_maxsearch1_str

]]></Node>
<StgValue><ssdm name="specloopname_ln0"/></StgValue>
</operation>

<operation id="132" st_id="6" stage="1" lat="1">
<core>NULL</core>
<MemPortIdVec></MemPortIdVec>
<condition id="-1">
<or_exp><and_exp></and_exp></or_exp>
</condition>

<Node id="86" bw="0" op_0_bw="0" op_1_bw="32" op_2_bw="32" op_3_bw="32" op_4_bw="32" op_5_bw="0">
<![CDATA[
.split8:48 %specpipeline_ln0 = specpipeline void @_ssdm_op_SpecPipeline, i32 4294967295, i32 0, i32 1, i32 0, void @p_str

]]></Node>
<StgValue><ssdm name="specpipeline_ln0"/></StgValue>
</operation>

<operation id="133" st_id="6" stage="1" lat="1">
<core>NULL</core>
<MemPortIdVec></MemPortIdVec>
<condition id="-1">
<or_exp><and_exp></and_exp></or_exp>
</condition>

<Node id="91" bw="0" op_0_bw="0" op_1_bw="0">
<![CDATA[
.split8:53 %specloopname_ln0 = specloopname void @_ssdm_op_SpecLoopName, void @pool_maxsearch2_pool_maxsearch1_str

]]></Node>
<StgValue><ssdm name="specloopname_ln0"/></StgValue>
</operation>

<operation id="134" st_id="6" stage="1" lat="1">
<core>NULL</core>
<MemPortIdVec></MemPortIdVec>
<condition id="-1">
<or_exp><and_exp></and_exp></or_exp>
</condition>

<Node id="101" bw="0" op_0_bw="0" op_1_bw="32" op_2_bw="32" op_3_bw="32" op_4_bw="32" op_5_bw="0">
<![CDATA[
.split8:63 %specpipeline_ln0 = specpipeline void @_ssdm_op_SpecPipeline, i32 4294967295, i32 0, i32 1, i32 0, void @p_str

]]></Node>
<StgValue><ssdm name="specpipeline_ln0"/></StgValue>
</operation>

<operation id="135" st_id="6" stage="1" lat="1">
<core>NULL</core>
<MemPortIdVec></MemPortIdVec>
<condition id="-1">
<or_exp><and_exp></and_exp></or_exp>
</condition>

<Node id="104" bw="0" op_0_bw="0" op_1_bw="0">
<![CDATA[
.split8:66 %specloopname_ln0 = specloopname void @_ssdm_op_SpecLoopName, void @empty_0

]]></Node>
<StgValue><ssdm name="specloopname_ln0"/></StgValue>
</operation>

<operation id="136" st_id="6" stage="1" lat="1">
<core>Sel</core>
<MemPortIdVec></MemPortIdVec>
<condition id="-1">
<or_exp><and_exp><literal name="select_ln62_1" val="1"/>
</and_exp></or_exp>
</condition>

<Node id="111" bw="24" op_0_bw="1" op_1_bw="24" op_2_bw="24">
<![CDATA[
.split8:73 %select_ln1083 = select i1 %icmp_ln1547, i24 %p_Val2_s, i24 %read

]]></Node>
<StgValue><ssdm name="select_ln1083"/></StgValue>
</operation>

<operation id="137" st_id="6" stage="1" lat="1">
<core>Cmp</core>
<MemPortIdVec></MemPortIdVec>
<condition id="-1">
<or_exp><and_exp><literal name="select_ln62_1" val="1"/>
</and_exp></or_exp>
</condition>

<Node id="112" bw="1" op_0_bw="24" op_1_bw="24">
<![CDATA[
.split8:74 %p_Repl2_s = icmp_ne  i24 %select_ln1083, i24 0

]]></Node>
<StgValue><ssdm name="p_Repl2_s"/></StgValue>
</operation>

<operation id="138" st_id="6" stage="1" lat="1">
<core>NULL</core>
<MemPortIdVec></MemPortIdVec>
<condition id="-1">
<or_exp><and_exp><literal name="select_ln62_1" val="1"/>
</and_exp></or_exp>
</condition>

<Node id="113" bw="24" op_0_bw="24" op_1_bw="24" op_2_bw="32" op_3_bw="1">
<![CDATA[
.split8:75 %p_Result_s = bitset i24 @_ssdm_op_BitSet.i24.i24.i32.i1, i24 %p_Val2_s, i32 0, i1 %p_Repl2_s

]]></Node>
<StgValue><ssdm name="p_Result_s"/></StgValue>
</operation>

<operation id="139" st_id="6" stage="1" lat="1">
<core>Sel</core>
<MemPortIdVec></MemPortIdVec>
<condition id="-1">
<or_exp><and_exp></and_exp></or_exp>
</condition>

<Node id="114" bw="24" op_0_bw="1" op_1_bw="24" op_2_bw="24">
<![CDATA[
.split8:76 %arrayidx26_0_0_0_load = select i1 %select_ln62_1, i24 %p_Result_s, i24 %read

]]></Node>
<StgValue><ssdm name="arrayidx26_0_0_0_load"/></StgValue>
</operation>

<operation id="140" st_id="6" stage="1" lat="1">
<core>RAM</core>
<MemPortIdVec>0 </MemPortIdVec>
<condition id="-1">
<or_exp><and_exp></and_exp></or_exp>
</condition>

<Node id="115" bw="0" op_0_bw="24" op_1_bw="9" op_2_bw="0">
<![CDATA[
.split8:77 %store_ln104 = store i24 %arrayidx26_0_0_0_load, i9 %pool_buff_V_addr

]]></Node>
<StgValue><ssdm name="store_ln104"/></StgValue>
</operation>

<operation id="141" st_id="6" stage="1" lat="1">
<core>FIFO_SRL</core>
<MemPortIdVec></MemPortIdVec>
<condition id="-1">
<or_exp><and_exp><literal name="select_ln62_2" val="0"/>
</and_exp></or_exp>
</condition>

<Node id="118" bw="0" op_0_bw="0" op_1_bw="24" op_2_bw="24">
<![CDATA[
:0 %write_ln173 = write void @_ssdm_op_Write.ap_fifo.volatile.i24P0A, i24 %pool_out3, i24 %arrayidx26_0_0_0_load

]]></Node>
<StgValue><ssdm name="write_ln173"/></StgValue>
</operation>

<operation id="142" st_id="6" stage="1" lat="1">
<core>NULL</core>
<MemPortIdVec></MemPortIdVec>
<condition id="-1">
<or_exp><and_exp><literal name="select_ln62_2" val="0"/>
</and_exp></or_exp>
</condition>

<Node id="119" bw="0" op_0_bw="0">
<![CDATA[
:1 %br_ln80 = br void %._crit_edge

]]></Node>
<StgValue><ssdm name="br_ln80"/></StgValue>
</operation>
</state>
</state_list>


<ports>
<port id="165" name="pool_out3" dir="1" iftype="3">
<core>FIFO_SRL</core><StgValue><ssdm name="pool_out3"/></StgValue>
</port>
<port id="166" name="conv_out2" dir="0" iftype="3">
<core>FIFO_SRL</core><StgValue><ssdm name="conv_out2"/></StgValue>
</port>
</ports>


<dataflows>
<dataflow id="168" from="StgValue_167" to="k" fromId="167" toId="9">
</dataflow>
<dataflow id="169" from="StgValue_167" to="m" fromId="167" toId="10">
</dataflow>
<dataflow id="170" from="StgValue_167" to="indvar_flatten" fromId="167" toId="11">
</dataflow>
<dataflow id="171" from="StgValue_167" to="j" fromId="167" toId="12">
</dataflow>
<dataflow id="172" from="StgValue_167" to="indvar_flatten22" fromId="167" toId="13">
</dataflow>
<dataflow id="173" from="StgValue_167" to="l" fromId="167" toId="14">
</dataflow>
<dataflow id="174" from="StgValue_167" to="indvar_flatten54" fromId="167" toId="15">
</dataflow>
<dataflow id="175" from="StgValue_167" to="indvar_flatten98" fromId="167" toId="16">
</dataflow>
<dataflow id="177" from="_ssdm_op_SpecInterface" to="specinterface_ln0" fromId="176" toId="17">
</dataflow>
<dataflow id="178" from="pool_out3" to="specinterface_ln0" fromId="165" toId="17">
</dataflow>
<dataflow id="180" from="empty_10" to="specinterface_ln0" fromId="179" toId="17">
</dataflow>
<dataflow id="182" from="StgValue_181" to="specinterface_ln0" fromId="181" toId="17">
</dataflow>
<dataflow id="183" from="StgValue_181" to="specinterface_ln0" fromId="181" toId="17">
</dataflow>
<dataflow id="185" from="empty_4" to="specinterface_ln0" fromId="184" toId="17">
</dataflow>
<dataflow id="186" from="StgValue_181" to="specinterface_ln0" fromId="181" toId="17">
</dataflow>
<dataflow id="187" from="StgValue_181" to="specinterface_ln0" fromId="181" toId="17">
</dataflow>
<dataflow id="188" from="empty_4" to="specinterface_ln0" fromId="184" toId="17">
</dataflow>
<dataflow id="189" from="empty_4" to="specinterface_ln0" fromId="184" toId="17">
</dataflow>
<dataflow id="190" from="empty_4" to="specinterface_ln0" fromId="184" toId="17">
</dataflow>
<dataflow id="191" from="StgValue_181" to="specinterface_ln0" fromId="181" toId="17">
</dataflow>
<dataflow id="192" from="StgValue_181" to="specinterface_ln0" fromId="181" toId="17">
</dataflow>
<dataflow id="193" from="StgValue_181" to="specinterface_ln0" fromId="181" toId="17">
</dataflow>
<dataflow id="194" from="StgValue_181" to="specinterface_ln0" fromId="181" toId="17">
</dataflow>
<dataflow id="195" from="empty_4" to="specinterface_ln0" fromId="184" toId="17">
</dataflow>
<dataflow id="196" from="empty_4" to="specinterface_ln0" fromId="184" toId="17">
</dataflow>
<dataflow id="197" from="_ssdm_op_SpecInterface" to="specinterface_ln0" fromId="176" toId="18">
</dataflow>
<dataflow id="198" from="conv_out2" to="specinterface_ln0" fromId="166" toId="18">
</dataflow>
<dataflow id="199" from="empty_10" to="specinterface_ln0" fromId="179" toId="18">
</dataflow>
<dataflow id="200" from="StgValue_181" to="specinterface_ln0" fromId="181" toId="18">
</dataflow>
<dataflow id="201" from="StgValue_181" to="specinterface_ln0" fromId="181" toId="18">
</dataflow>
<dataflow id="202" from="empty_4" to="specinterface_ln0" fromId="184" toId="18">
</dataflow>
<dataflow id="203" from="StgValue_181" to="specinterface_ln0" fromId="181" toId="18">
</dataflow>
<dataflow id="204" from="StgValue_181" to="specinterface_ln0" fromId="181" toId="18">
</dataflow>
<dataflow id="205" from="empty_4" to="specinterface_ln0" fromId="184" toId="18">
</dataflow>
<dataflow id="206" from="empty_4" to="specinterface_ln0" fromId="184" toId="18">
</dataflow>
<dataflow id="207" from="empty_4" to="specinterface_ln0" fromId="184" toId="18">
</dataflow>
<dataflow id="208" from="StgValue_181" to="specinterface_ln0" fromId="181" toId="18">
</dataflow>
<dataflow id="209" from="StgValue_181" to="specinterface_ln0" fromId="181" toId="18">
</dataflow>
<dataflow id="210" from="StgValue_181" to="specinterface_ln0" fromId="181" toId="18">
</dataflow>
<dataflow id="211" from="StgValue_181" to="specinterface_ln0" fromId="181" toId="18">
</dataflow>
<dataflow id="212" from="empty_4" to="specinterface_ln0" fromId="184" toId="18">
</dataflow>
<dataflow id="213" from="empty_4" to="specinterface_ln0" fromId="184" toId="18">
</dataflow>
<dataflow id="215" from="StgValue_214" to="pool_buff_V" fromId="214" toId="19">
</dataflow>
<dataflow id="217" from="StgValue_216" to="store_ln56" fromId="216" toId="20">
</dataflow>
<dataflow id="218" from="indvar_flatten98" to="store_ln56" fromId="16" toId="20">
</dataflow>
<dataflow id="220" from="StgValue_219" to="store_ln56" fromId="219" toId="21">
</dataflow>
<dataflow id="221" from="indvar_flatten54" to="store_ln56" fromId="15" toId="21">
</dataflow>
<dataflow id="223" from="StgValue_222" to="store_ln56" fromId="222" toId="22">
</dataflow>
<dataflow id="224" from="l" to="store_ln56" fromId="14" toId="22">
</dataflow>
<dataflow id="226" from="StgValue_225" to="store_ln56" fromId="225" toId="23">
</dataflow>
<dataflow id="227" from="indvar_flatten22" to="store_ln56" fromId="13" toId="23">
</dataflow>
<dataflow id="229" from="StgValue_228" to="store_ln56" fromId="228" toId="24">
</dataflow>
<dataflow id="230" from="j" to="store_ln56" fromId="12" toId="24">
</dataflow>
<dataflow id="232" from="StgValue_231" to="store_ln56" fromId="231" toId="25">
</dataflow>
<dataflow id="233" from="indvar_flatten" to="store_ln56" fromId="11" toId="25">
</dataflow>
<dataflow id="234" from="StgValue_222" to="store_ln56" fromId="222" toId="26">
</dataflow>
<dataflow id="235" from="m" to="store_ln56" fromId="10" toId="26">
</dataflow>
<dataflow id="237" from="StgValue_236" to="store_ln56" fromId="236" toId="27">
</dataflow>
<dataflow id="238" from="k" to="store_ln56" fromId="9" toId="27">
</dataflow>
<dataflow id="239" from="indvar_flatten98" to="indvar_flatten98_load" fromId="16" toId="29">
</dataflow>
<dataflow id="240" from="indvar_flatten98_load" to="icmp_ln56" fromId="29" toId="30">
</dataflow>
<dataflow id="242" from="StgValue_241" to="icmp_ln56" fromId="241" toId="30">
</dataflow>
<dataflow id="243" from="indvar_flatten98_load" to="add_ln56" fromId="29" toId="31">
</dataflow>
<dataflow id="245" from="StgValue_244" to="add_ln56" fromId="244" toId="31">
</dataflow>
<dataflow id="246" from="icmp_ln56" to="br_ln56" fromId="30" toId="32">
</dataflow>
<dataflow id="247" from="indvar_flatten22" to="indvar_flatten22_load_1" fromId="13" toId="33">
</dataflow>
<dataflow id="248" from="indvar_flatten54" to="indvar_flatten54_load_1" fromId="15" toId="34">
</dataflow>
<dataflow id="249" from="indvar_flatten54_load_1" to="icmp_ln58" fromId="34" toId="35">
</dataflow>
<dataflow id="251" from="StgValue_250" to="icmp_ln58" fromId="250" toId="35">
</dataflow>
<dataflow id="252" from="icmp_ln58" to="xor_ln46" fromId="35" toId="36">
</dataflow>
<dataflow id="254" from="StgValue_253" to="xor_ln46" fromId="253" toId="36">
</dataflow>
<dataflow id="255" from="indvar_flatten22_load_1" to="icmp_ln60" fromId="33" toId="37">
</dataflow>
<dataflow id="257" from="StgValue_256" to="icmp_ln60" fromId="256" toId="37">
</dataflow>
<dataflow id="258" from="icmp_ln60" to="and_ln46_4" fromId="37" toId="38">
</dataflow>
<dataflow id="259" from="xor_ln46" to="and_ln46_4" fromId="36" toId="38">
</dataflow>
<dataflow id="260" from="and_ln46_4" to="or_ln58" fromId="38" toId="39">
</dataflow>
<dataflow id="261" from="icmp_ln58" to="or_ln58" fromId="35" toId="39">
</dataflow>
<dataflow id="262" from="indvar_flatten22" to="indvar_flatten22_load" fromId="13" toId="40">
</dataflow>
<dataflow id="263" from="indvar_flatten54" to="indvar_flatten54_load" fromId="15" toId="41">
</dataflow>
<dataflow id="264" from="indvar_flatten22_load" to="add_ln60_1" fromId="40" toId="42">
</dataflow>
<dataflow id="266" from="StgValue_265" to="add_ln60_1" fromId="265" toId="42">
</dataflow>
<dataflow id="267" from="or_ln58" to="select_ln60_4" fromId="39" toId="43">
</dataflow>
<dataflow id="268" from="StgValue_265" to="select_ln60_4" fromId="265" toId="43">
</dataflow>
<dataflow id="269" from="add_ln60_1" to="select_ln60_4" fromId="42" toId="43">
</dataflow>
<dataflow id="270" from="indvar_flatten54_load" to="add_ln58_1" fromId="41" toId="44">
</dataflow>
<dataflow id="272" from="StgValue_271" to="add_ln58_1" fromId="271" toId="44">
</dataflow>
<dataflow id="273" from="icmp_ln58" to="select_ln58_6" fromId="35" toId="45">
</dataflow>
<dataflow id="274" from="StgValue_271" to="select_ln58_6" fromId="271" toId="45">
</dataflow>
<dataflow id="275" from="add_ln58_1" to="select_ln58_6" fromId="44" toId="45">
</dataflow>
<dataflow id="276" from="add_ln56" to="store_ln56" fromId="31" toId="46">
</dataflow>
<dataflow id="277" from="indvar_flatten98" to="store_ln56" fromId="16" toId="46">
</dataflow>
<dataflow id="278" from="select_ln58_6" to="store_ln58" fromId="45" toId="47">
</dataflow>
<dataflow id="279" from="indvar_flatten54" to="store_ln58" fromId="15" toId="47">
</dataflow>
<dataflow id="280" from="select_ln60_4" to="store_ln60" fromId="43" toId="48">
</dataflow>
<dataflow id="281" from="indvar_flatten22" to="store_ln60" fromId="13" toId="48">
</dataflow>
<dataflow id="282" from="indvar_flatten" to="indvar_flatten_load_1" fromId="11" toId="49">
</dataflow>
<dataflow id="283" from="indvar_flatten_load_1" to="icmp_ln62" fromId="49" toId="50">
</dataflow>
<dataflow id="285" from="StgValue_284" to="icmp_ln62" fromId="284" toId="50">
</dataflow>
<dataflow id="286" from="icmp_ln62" to="and_ln46_3" fromId="50" toId="51">
</dataflow>
<dataflow id="287" from="xor_ln46" to="and_ln46_3" fromId="36" toId="51">
</dataflow>
<dataflow id="288" from="icmp_ln60" to="xor_ln58" fromId="37" toId="52">
</dataflow>
<dataflow id="289" from="StgValue_253" to="xor_ln58" fromId="253" toId="52">
</dataflow>
<dataflow id="290" from="icmp_ln58" to="or_ln58_2" fromId="35" toId="53">
</dataflow>
<dataflow id="291" from="xor_ln58" to="or_ln58_2" fromId="52" toId="53">
</dataflow>
<dataflow id="292" from="and_ln46_3" to="and_ln58_1" fromId="51" toId="54">
</dataflow>
<dataflow id="293" from="or_ln58_2" to="and_ln58_1" fromId="53" toId="54">
</dataflow>
<dataflow id="294" from="and_ln58_1" to="or_ln60" fromId="54" toId="55">
</dataflow>
<dataflow id="295" from="and_ln46_4" to="or_ln60" fromId="38" toId="55">
</dataflow>
<dataflow id="296" from="or_ln60" to="or_ln60_2" fromId="55" toId="56">
</dataflow>
<dataflow id="297" from="icmp_ln58" to="or_ln60_2" fromId="35" toId="56">
</dataflow>
<dataflow id="298" from="indvar_flatten" to="indvar_flatten_load" fromId="11" toId="57">
</dataflow>
<dataflow id="299" from="indvar_flatten_load" to="add_ln62_1" fromId="57" toId="58">
</dataflow>
<dataflow id="301" from="StgValue_300" to="add_ln62_1" fromId="300" toId="58">
</dataflow>
<dataflow id="302" from="or_ln60_2" to="select_ln62_4" fromId="56" toId="59">
</dataflow>
<dataflow id="303" from="StgValue_300" to="select_ln62_4" fromId="300" toId="59">
</dataflow>
<dataflow id="304" from="add_ln62_1" to="select_ln62_4" fromId="58" toId="59">
</dataflow>
<dataflow id="305" from="select_ln62_4" to="store_ln62" fromId="59" toId="60">
</dataflow>
<dataflow id="306" from="indvar_flatten" to="store_ln62" fromId="11" toId="60">
</dataflow>
<dataflow id="307" from="m" to="m_7" fromId="10" toId="61">
</dataflow>
<dataflow id="308" from="l" to="l_1" fromId="14" toId="62">
</dataflow>
<dataflow id="309" from="l_1" to="trunc_ln58" fromId="62" toId="63">
</dataflow>
<dataflow id="310" from="l_1" to="cmp21_not" fromId="62" toId="64">
</dataflow>
<dataflow id="312" from="StgValue_311" to="cmp21_not" fromId="311" toId="64">
</dataflow>
<dataflow id="313" from="m_7" to="trunc_ln62" fromId="61" toId="65">
</dataflow>
<dataflow id="314" from="trunc_ln62" to="empty" fromId="65" toId="66">
</dataflow>
<dataflow id="315" from="trunc_ln58" to="empty" fromId="63" toId="66">
</dataflow>
<dataflow id="316" from="m_7" to="cmp22_not" fromId="61" toId="67">
</dataflow>
<dataflow id="317" from="StgValue_311" to="cmp22_not" fromId="311" toId="67">
</dataflow>
<dataflow id="318" from="cmp21_not" to="brmerge28" fromId="64" toId="68">
</dataflow>
<dataflow id="319" from="cmp22_not" to="brmerge28" fromId="67" toId="68">
</dataflow>
<dataflow id="321" from="_ssdm_op_SpecPipeline" to="specpipeline_ln0" fromId="320" toId="69">
</dataflow>
<dataflow id="323" from="StgValue_322" to="specpipeline_ln0" fromId="322" toId="69">
</dataflow>
<dataflow id="324" from="StgValue_181" to="specpipeline_ln0" fromId="181" toId="69">
</dataflow>
<dataflow id="325" from="StgValue_167" to="specpipeline_ln0" fromId="167" toId="69">
</dataflow>
<dataflow id="326" from="StgValue_181" to="specpipeline_ln0" fromId="181" toId="69">
</dataflow>
<dataflow id="328" from="p_str" to="specpipeline_ln0" fromId="327" toId="69">
</dataflow>
<dataflow id="329" from="k" to="k_load" fromId="9" toId="70">
</dataflow>
<dataflow id="330" from="j" to="j_load" fromId="12" toId="71">
</dataflow>
<dataflow id="331" from="icmp_ln58" to="select_ln46" fromId="35" toId="72">
</dataflow>
<dataflow id="332" from="StgValue_222" to="select_ln46" fromId="222" toId="72">
</dataflow>
<dataflow id="333" from="l_1" to="select_ln46" fromId="62" toId="72">
</dataflow>
<dataflow id="334" from="trunc_ln58" to="and_ln46" fromId="63" toId="73">
</dataflow>
<dataflow id="335" from="xor_ln46" to="and_ln46" fromId="36" toId="73">
</dataflow>
<dataflow id="336" from="icmp_ln58" to="or_ln46" fromId="35" toId="74">
</dataflow>
<dataflow id="337" from="cmp21_not" to="or_ln46" fromId="64" toId="74">
</dataflow>
<dataflow id="338" from="empty" to="and_ln46_1" fromId="66" toId="75">
</dataflow>
<dataflow id="339" from="xor_ln46" to="and_ln46_1" fromId="36" toId="75">
</dataflow>
<dataflow id="340" from="icmp_ln58" to="or_ln46_1" fromId="35" toId="76">
</dataflow>
<dataflow id="341" from="brmerge28" to="or_ln46_1" fromId="68" toId="76">
</dataflow>
<dataflow id="342" from="k_load" to="icmp_ln64" fromId="70" toId="77">
</dataflow>
<dataflow id="344" from="StgValue_343" to="icmp_ln64" fromId="343" toId="77">
</dataflow>
<dataflow id="345" from="icmp_ln64" to="and_ln46_2" fromId="77" toId="78">
</dataflow>
<dataflow id="346" from="xor_ln46" to="and_ln46_2" fromId="36" toId="78">
</dataflow>
<dataflow id="347" from="select_ln46" to="l_3" fromId="72" toId="79">
</dataflow>
<dataflow id="348" from="StgValue_311" to="l_3" fromId="311" toId="79">
</dataflow>
<dataflow id="349" from="or_ln58" to="select_ln58" fromId="39" toId="80">
</dataflow>
<dataflow id="350" from="StgValue_228" to="select_ln58" fromId="228" toId="80">
</dataflow>
<dataflow id="351" from="j_load" to="select_ln58" fromId="71" toId="80">
</dataflow>
<dataflow id="352" from="l_3" to="trunc_ln58_1" fromId="79" toId="81">
</dataflow>
<dataflow id="353" from="and_ln46_4" to="select_ln58_1" fromId="38" toId="82">
</dataflow>
<dataflow id="354" from="trunc_ln58_1" to="select_ln58_1" fromId="81" toId="82">
</dataflow>
<dataflow id="355" from="and_ln46" to="select_ln58_1" fromId="73" toId="82">
</dataflow>
<dataflow id="356" from="select_ln46" to="cmp21_not_mid1" fromId="72" toId="83">
</dataflow>
<dataflow id="357" from="StgValue_222" to="cmp21_not_mid1" fromId="222" toId="83">
</dataflow>
<dataflow id="358" from="and_ln46_4" to="select_ln58_2" fromId="38" toId="84">
</dataflow>
<dataflow id="359" from="cmp21_not_mid1" to="select_ln58_2" fromId="83" toId="84">
</dataflow>
<dataflow id="360" from="or_ln46" to="select_ln58_2" fromId="74" toId="84">
</dataflow>
<dataflow id="362" from="_ssdm_op_BitConcatenate.i9.i4.i5" to="tmp" fromId="361" toId="85">
</dataflow>
<dataflow id="363" from="j_load" to="tmp" fromId="71" toId="85">
</dataflow>
<dataflow id="365" from="StgValue_364" to="tmp" fromId="364" toId="85">
</dataflow>
<dataflow id="366" from="or_ln58" to="select_ln58_3" fromId="39" toId="86">
</dataflow>
<dataflow id="368" from="StgValue_367" to="select_ln58_3" fromId="367" toId="86">
</dataflow>
<dataflow id="369" from="tmp" to="select_ln58_3" fromId="85" toId="86">
</dataflow>
<dataflow id="370" from="and_ln46_4" to="select_ln58_4" fromId="38" toId="87">
</dataflow>
<dataflow id="371" from="trunc_ln58_1" to="select_ln58_4" fromId="81" toId="87">
</dataflow>
<dataflow id="372" from="and_ln46_1" to="select_ln58_4" fromId="75" toId="87">
</dataflow>
<dataflow id="373" from="and_ln46_4" to="or_ln58_1" fromId="38" toId="88">
</dataflow>
<dataflow id="374" from="or_ln46_1" to="or_ln58_1" fromId="76" toId="88">
</dataflow>
<dataflow id="375" from="and_ln46_2" to="and_ln58" fromId="78" toId="89">
</dataflow>
<dataflow id="376" from="or_ln58_2" to="and_ln58" fromId="53" toId="89">
</dataflow>
<dataflow id="377" from="and_ln46_4" to="select_ln58_5" fromId="38" toId="90">
</dataflow>
<dataflow id="378" from="l_3" to="select_ln58_5" fromId="79" toId="90">
</dataflow>
<dataflow id="379" from="select_ln46" to="select_ln58_5" fromId="72" toId="90">
</dataflow>
<dataflow id="380" from="select_ln58" to="add_ln60" fromId="80" toId="91">
</dataflow>
<dataflow id="382" from="StgValue_381" to="add_ln60" fromId="381" toId="91">
</dataflow>
<dataflow id="383" from="or_ln60_2" to="select_ln60" fromId="56" toId="92">
</dataflow>
<dataflow id="384" from="StgValue_222" to="select_ln60" fromId="222" toId="92">
</dataflow>
<dataflow id="385" from="m_7" to="select_ln60" fromId="61" toId="92">
</dataflow>
<dataflow id="386" from="_ssdm_op_BitConcatenate.i9.i4.i5" to="p_mid" fromId="361" toId="93">
</dataflow>
<dataflow id="387" from="add_ln60" to="p_mid" fromId="91" toId="93">
</dataflow>
<dataflow id="388" from="StgValue_364" to="p_mid" fromId="364" toId="93">
</dataflow>
<dataflow id="389" from="and_ln58_1" to="select_ln60_1" fromId="54" toId="94">
</dataflow>
<dataflow id="390" from="p_mid" to="select_ln60_1" fromId="93" toId="94">
</dataflow>
<dataflow id="391" from="select_ln58_3" to="select_ln60_1" fromId="86" toId="94">
</dataflow>
<dataflow id="392" from="and_ln58_1" to="select_ln60_2" fromId="54" toId="95">
</dataflow>
<dataflow id="393" from="select_ln58_1" to="select_ln60_2" fromId="82" toId="95">
</dataflow>
<dataflow id="394" from="select_ln58_4" to="select_ln60_2" fromId="87" toId="95">
</dataflow>
<dataflow id="395" from="and_ln58_1" to="or_ln60_1" fromId="54" toId="96">
</dataflow>
<dataflow id="396" from="or_ln58_1" to="or_ln60_1" fromId="88" toId="96">
</dataflow>
<dataflow id="397" from="and_ln58_1" to="xor_ln60" fromId="54" toId="97">
</dataflow>
<dataflow id="398" from="StgValue_253" to="xor_ln60" fromId="253" toId="97">
</dataflow>
<dataflow id="399" from="and_ln58" to="and_ln60" fromId="89" toId="98">
</dataflow>
<dataflow id="400" from="xor_ln60" to="and_ln60" fromId="97" toId="98">
</dataflow>
<dataflow id="401" from="and_ln58_1" to="select_ln60_3" fromId="54" toId="99">
</dataflow>
<dataflow id="402" from="add_ln60" to="select_ln60_3" fromId="91" toId="99">
</dataflow>
<dataflow id="403" from="select_ln58" to="select_ln60_3" fromId="80" toId="99">
</dataflow>
<dataflow id="404" from="select_ln60" to="m_9" fromId="92" toId="100">
</dataflow>
<dataflow id="405" from="StgValue_311" to="m_9" fromId="311" toId="100">
</dataflow>
<dataflow id="406" from="and_ln60" to="or_ln62" fromId="98" toId="101">
</dataflow>
<dataflow id="407" from="and_ln58_1" to="or_ln62" fromId="54" toId="101">
</dataflow>
<dataflow id="408" from="or_ln62" to="or_ln62_1" fromId="101" toId="102">
</dataflow>
<dataflow id="409" from="or_ln58" to="or_ln62_1" fromId="39" toId="102">
</dataflow>
<dataflow id="410" from="or_ln62_1" to="select_ln62" fromId="102" toId="103">
</dataflow>
<dataflow id="411" from="StgValue_236" to="select_ln62" fromId="236" toId="103">
</dataflow>
<dataflow id="412" from="k_load" to="select_ln62" fromId="70" toId="103">
</dataflow>
<dataflow id="413" from="m_9" to="trunc_ln62_1" fromId="100" toId="104">
</dataflow>
<dataflow id="414" from="trunc_ln62_1" to="p_mid1" fromId="104" toId="105">
</dataflow>
<dataflow id="415" from="select_ln58_1" to="p_mid1" fromId="82" toId="105">
</dataflow>
<dataflow id="416" from="and_ln60" to="select_ln62_1" fromId="98" toId="106">
</dataflow>
<dataflow id="417" from="p_mid1" to="select_ln62_1" fromId="105" toId="106">
</dataflow>
<dataflow id="418" from="select_ln60_2" to="select_ln62_1" fromId="95" toId="106">
</dataflow>
<dataflow id="419" from="select_ln60" to="cmp22_not_mid1" fromId="92" toId="107">
</dataflow>
<dataflow id="420" from="StgValue_222" to="cmp22_not_mid1" fromId="222" toId="107">
</dataflow>
<dataflow id="421" from="select_ln58_2" to="brmerge28_mid1" fromId="84" toId="108">
</dataflow>
<dataflow id="422" from="cmp22_not_mid1" to="brmerge28_mid1" fromId="107" toId="108">
</dataflow>
<dataflow id="423" from="and_ln60" to="select_ln62_2" fromId="98" toId="109">
</dataflow>
<dataflow id="424" from="brmerge28_mid1" to="select_ln62_2" fromId="108" toId="109">
</dataflow>
<dataflow id="425" from="or_ln60_1" to="select_ln62_2" fromId="96" toId="109">
</dataflow>
<dataflow id="426" from="and_ln60" to="select_ln62_3" fromId="98" toId="110">
</dataflow>
<dataflow id="427" from="m_9" to="select_ln62_3" fromId="100" toId="110">
</dataflow>
<dataflow id="428" from="select_ln60" to="select_ln62_3" fromId="92" toId="110">
</dataflow>
<dataflow id="429" from="select_ln62" to="k_cast" fromId="103" toId="111">
</dataflow>
<dataflow id="430" from="select_ln60_1" to="add_ln69" fromId="94" toId="112">
</dataflow>
<dataflow id="431" from="k_cast" to="add_ln69" fromId="111" toId="112">
</dataflow>
<dataflow id="432" from="select_ln62_2" to="br_ln76" fromId="109" toId="113">
</dataflow>
<dataflow id="433" from="select_ln62" to="add_ln64" fromId="103" toId="114">
</dataflow>
<dataflow id="435" from="StgValue_434" to="add_ln64" fromId="434" toId="114">
</dataflow>
<dataflow id="436" from="select_ln58_5" to="store_ln58" fromId="90" toId="115">
</dataflow>
<dataflow id="437" from="l" to="store_ln58" fromId="14" toId="115">
</dataflow>
<dataflow id="438" from="select_ln60_3" to="store_ln60" fromId="99" toId="116">
</dataflow>
<dataflow id="439" from="j" to="store_ln60" fromId="12" toId="116">
</dataflow>
<dataflow id="440" from="select_ln62_3" to="store_ln62" fromId="110" toId="117">
</dataflow>
<dataflow id="441" from="m" to="store_ln62" fromId="10" toId="117">
</dataflow>
<dataflow id="442" from="add_ln64" to="store_ln64" fromId="114" toId="118">
</dataflow>
<dataflow id="443" from="k" to="store_ln64" fromId="9" toId="118">
</dataflow>
<dataflow id="444" from="add_ln69" to="zext_ln69" fromId="112" toId="120">
</dataflow>
<dataflow id="445" from="pool_buff_V" to="pool_buff_V_addr" fromId="19" toId="121">
</dataflow>
<dataflow id="447" from="StgValue_446" to="pool_buff_V_addr" fromId="446" toId="121">
</dataflow>
<dataflow id="448" from="zext_ln69" to="pool_buff_V_addr" fromId="120" toId="121">
</dataflow>
<dataflow id="449" from="pool_buff_V_addr" to="p_Val2_s" fromId="121" toId="122">
</dataflow>
<dataflow id="451" from="_ssdm_op_Read.ap_fifo.volatile.i24P0A" to="read" fromId="450" toId="123">
</dataflow>
<dataflow id="452" from="conv_out2" to="read" fromId="166" toId="123">
</dataflow>
<dataflow id="453" from="pool_buff_V_addr" to="p_Val2_s" fromId="121" toId="124">
</dataflow>
<dataflow id="454" from="p_Val2_s" to="icmp_ln1547" fromId="124" toId="125">
</dataflow>
<dataflow id="455" from="read" to="icmp_ln1547" fromId="123" toId="125">
</dataflow>
<dataflow id="457" from="_ssdm_op_SpecLoopName" to="specloopname_ln0" fromId="456" toId="126">
</dataflow>
<dataflow id="459" from="pool_maxsearch5_pool_maxsearch3_pool_maxsearch2_pool_maxsearch1_str" to="specloopname_ln0" fromId="458" toId="126">
</dataflow>
<dataflow id="461" from="_ssdm_op_SpecLoopTripCount" to="empty_49" fromId="460" toId="127">
</dataflow>
<dataflow id="463" from="StgValue_462" to="empty_49" fromId="462" toId="127">
</dataflow>
<dataflow id="464" from="StgValue_462" to="empty_49" fromId="462" toId="127">
</dataflow>
<dataflow id="465" from="StgValue_462" to="empty_49" fromId="462" toId="127">
</dataflow>
<dataflow id="466" from="_ssdm_op_SpecPipeline" to="specpipeline_ln0" fromId="320" toId="128">
</dataflow>
<dataflow id="467" from="StgValue_322" to="specpipeline_ln0" fromId="322" toId="128">
</dataflow>
<dataflow id="468" from="StgValue_181" to="specpipeline_ln0" fromId="181" toId="128">
</dataflow>
<dataflow id="469" from="StgValue_167" to="specpipeline_ln0" fromId="167" toId="128">
</dataflow>
<dataflow id="470" from="StgValue_181" to="specpipeline_ln0" fromId="181" toId="128">
</dataflow>
<dataflow id="471" from="p_str" to="specpipeline_ln0" fromId="327" toId="128">
</dataflow>
<dataflow id="472" from="_ssdm_op_SpecLoopName" to="specloopname_ln0" fromId="456" toId="129">
</dataflow>
<dataflow id="474" from="pool_maxsearch4_pool_maxsearch2_pool_maxsearch1_str" to="specloopname_ln0" fromId="473" toId="129">
</dataflow>
<dataflow id="475" from="_ssdm_op_SpecPipeline" to="specpipeline_ln0" fromId="320" toId="130">
</dataflow>
<dataflow id="476" from="StgValue_322" to="specpipeline_ln0" fromId="322" toId="130">
</dataflow>
<dataflow id="477" from="StgValue_181" to="specpipeline_ln0" fromId="181" toId="130">
</dataflow>
<dataflow id="478" from="StgValue_167" to="specpipeline_ln0" fromId="167" toId="130">
</dataflow>
<dataflow id="479" from="StgValue_181" to="specpipeline_ln0" fromId="181" toId="130">
</dataflow>
<dataflow id="480" from="p_str" to="specpipeline_ln0" fromId="327" toId="130">
</dataflow>
<dataflow id="481" from="_ssdm_op_SpecLoopName" to="specloopname_ln0" fromId="456" toId="131">
</dataflow>
<dataflow id="483" from="pool_maxsearch3_pool_maxsearch2_pool_maxsearch1_str" to="specloopname_ln0" fromId="482" toId="131">
</dataflow>
<dataflow id="484" from="_ssdm_op_SpecPipeline" to="specpipeline_ln0" fromId="320" toId="132">
</dataflow>
<dataflow id="485" from="StgValue_322" to="specpipeline_ln0" fromId="322" toId="132">
</dataflow>
<dataflow id="486" from="StgValue_181" to="specpipeline_ln0" fromId="181" toId="132">
</dataflow>
<dataflow id="487" from="StgValue_167" to="specpipeline_ln0" fromId="167" toId="132">
</dataflow>
<dataflow id="488" from="StgValue_181" to="specpipeline_ln0" fromId="181" toId="132">
</dataflow>
<dataflow id="489" from="p_str" to="specpipeline_ln0" fromId="327" toId="132">
</dataflow>
<dataflow id="490" from="_ssdm_op_SpecLoopName" to="specloopname_ln0" fromId="456" toId="133">
</dataflow>
<dataflow id="492" from="pool_maxsearch2_pool_maxsearch1_str" to="specloopname_ln0" fromId="491" toId="133">
</dataflow>
<dataflow id="493" from="_ssdm_op_SpecPipeline" to="specpipeline_ln0" fromId="320" toId="134">
</dataflow>
<dataflow id="494" from="StgValue_322" to="specpipeline_ln0" fromId="322" toId="134">
</dataflow>
<dataflow id="495" from="StgValue_181" to="specpipeline_ln0" fromId="181" toId="134">
</dataflow>
<dataflow id="496" from="StgValue_167" to="specpipeline_ln0" fromId="167" toId="134">
</dataflow>
<dataflow id="497" from="StgValue_181" to="specpipeline_ln0" fromId="181" toId="134">
</dataflow>
<dataflow id="498" from="p_str" to="specpipeline_ln0" fromId="327" toId="134">
</dataflow>
<dataflow id="499" from="_ssdm_op_SpecLoopName" to="specloopname_ln0" fromId="456" toId="135">
</dataflow>
<dataflow id="501" from="empty_0" to="specloopname_ln0" fromId="500" toId="135">
</dataflow>
<dataflow id="502" from="icmp_ln1547" to="select_ln1083" fromId="125" toId="136">
</dataflow>
<dataflow id="503" from="p_Val2_s" to="select_ln1083" fromId="124" toId="136">
</dataflow>
<dataflow id="504" from="read" to="select_ln1083" fromId="123" toId="136">
</dataflow>
<dataflow id="505" from="select_ln1083" to="p_Repl2_s" fromId="136" toId="137">
</dataflow>
<dataflow id="507" from="StgValue_506" to="p_Repl2_s" fromId="506" toId="137">
</dataflow>
<dataflow id="509" from="_ssdm_op_BitSet.i24.i24.i32.i1" to="p_Result_s" fromId="508" toId="138">
</dataflow>
<dataflow id="510" from="p_Val2_s" to="p_Result_s" fromId="124" toId="138">
</dataflow>
<dataflow id="511" from="StgValue_181" to="p_Result_s" fromId="181" toId="138">
</dataflow>
<dataflow id="512" from="p_Repl2_s" to="p_Result_s" fromId="137" toId="138">
</dataflow>
<dataflow id="513" from="select_ln62_1" to="arrayidx26_0_0_0_load" fromId="106" toId="139">
</dataflow>
<dataflow id="514" from="p_Result_s" to="arrayidx26_0_0_0_load" fromId="138" toId="139">
</dataflow>
<dataflow id="515" from="read" to="arrayidx26_0_0_0_load" fromId="123" toId="139">
</dataflow>
<dataflow id="516" from="arrayidx26_0_0_0_load" to="store_ln104" fromId="139" toId="140">
</dataflow>
<dataflow id="517" from="pool_buff_V_addr" to="store_ln104" fromId="121" toId="140">
</dataflow>
<dataflow id="519" from="_ssdm_op_Write.ap_fifo.volatile.i24P0A" to="write_ln173" fromId="518" toId="141">
</dataflow>
<dataflow id="520" from="pool_out3" to="write_ln173" fromId="165" toId="141">
</dataflow>
<dataflow id="521" from="arrayidx26_0_0_0_load" to="write_ln173" fromId="139" toId="141">
</dataflow>
<dataflow id="522" from="icmp_ln56" to="StgValue_2" fromId="30" toId="2">
</dataflow>
<dataflow id="523" from="icmp_ln56" to="StgValue_3" fromId="30" toId="3">
</dataflow>
<dataflow id="524" from="and_ln58_1" to="StgValue_4" fromId="54" toId="4">
</dataflow>
<dataflow id="525" from="and_ln46_4" to="StgValue_4" fromId="38" toId="4">
</dataflow>
<dataflow id="526" from="icmp_ln56" to="StgValue_4" fromId="30" toId="4">
</dataflow>
<dataflow id="527" from="or_ln58" to="StgValue_4" fromId="39" toId="4">
</dataflow>
<dataflow id="528" from="select_ln62_1" to="StgValue_5" fromId="106" toId="5">
</dataflow>
<dataflow id="529" from="select_ln62_1" to="StgValue_6" fromId="106" toId="6">
</dataflow>
<dataflow id="530" from="select_ln62_1" to="StgValue_7" fromId="106" toId="7">
</dataflow>
<dataflow id="531" from="select_ln62_2" to="StgValue_7" fromId="109" toId="7">
</dataflow>
<dataflow id="532" from="icmp_ln56" to="StgValue_6" fromId="30" toId="6">
</dataflow>
</dataflows>


</stg>
