<stg><name>pool</name>


<trans_list>

<trans id="158" from="1" to="2">
<condition id="-1">
<or_exp><and_exp></and_exp></or_exp>
</condition>
</trans>

<trans id="159" from="2" to="3">
<condition id="-1">
<or_exp><and_exp></and_exp></or_exp>
</condition>
</trans>

<trans id="164" from="3" to="4">
<condition id="-1">
<or_exp><and_exp></and_exp></or_exp>
</condition>
</trans>

<trans id="160" from="4" to="5">
<condition id="-1">
<or_exp><and_exp></and_exp></or_exp>
</condition>
</trans>

<trans id="161" from="5" to="6">
<condition id="-1">
<or_exp><and_exp></and_exp></or_exp>
</condition>
</trans>
</trans_list>



<state_list>

<state id="1" st_id="2">

<operation id="9" st_id="1" stage="1" lat="1">
<core>NULL</core>
<MemPortIdVec></MemPortIdVec>
<condition id="-1">
<or_exp><and_exp></and_exp></or_exp>
</condition>

<Node id="3" bw="6" op_0_bw="32">
<![CDATA[
:0 %k = alloca i32 1

]]></Node>
<StgValue><ssdm name="k"/></StgValue>
</operation>

<operation id="10" st_id="1" stage="1" lat="1">
<core>NULL</core>
<MemPortIdVec></MemPortIdVec>
<condition id="-1">
<or_exp><and_exp></and_exp></or_exp>
</condition>

<Node id="4" bw="2" op_0_bw="32">
<![CDATA[
:1 %m = alloca i32 1

]]></Node>
<StgValue><ssdm name="m"/></StgValue>
</operation>

<operation id="11" st_id="1" stage="1" lat="1">
<core>NULL</core>
<MemPortIdVec></MemPortIdVec>
<condition id="-1">
<or_exp><and_exp></and_exp></or_exp>
</condition>

<Node id="5" bw="8" op_0_bw="32">
<![CDATA[
:2 %indvar_flatten = alloca i32 1

]]></Node>
<StgValue><ssdm name="indvar_flatten"/></StgValue>
</operation>

<operation id="12" st_id="1" stage="1" lat="1">
<core>NULL</core>
<MemPortIdVec></MemPortIdVec>
<condition id="-1">
<or_exp><and_exp></and_exp></or_exp>
</condition>

<Node id="6" bw="4" op_0_bw="32">
<![CDATA[
:3 %j = alloca i32 1

]]></Node>
<StgValue><ssdm name="j"/></StgValue>
</operation>

<operation id="13" st_id="1" stage="1" lat="1">
<core>NULL</core>
<MemPortIdVec></MemPortIdVec>
<condition id="-1">
<or_exp><and_exp></and_exp></or_exp>
</condition>

<Node id="7" bw="11" op_0_bw="32">
<![CDATA[
:4 %indvar_flatten22 = alloca i32 1

]]></Node>
<StgValue><ssdm name="indvar_flatten22"/></StgValue>
</operation>

<operation id="14" st_id="1" stage="1" lat="1">
<core>NULL</core>
<MemPortIdVec></MemPortIdVec>
<condition id="-1">
<or_exp><and_exp></and_exp></or_exp>
</condition>

<Node id="8" bw="2" op_0_bw="32">
<![CDATA[
:5 %l = alloca i32 1

]]></Node>
<StgValue><ssdm name="l"/></StgValue>
</operation>

<operation id="15" st_id="1" stage="1" lat="1">
<core>NULL</core>
<MemPortIdVec></MemPortIdVec>
<condition id="-1">
<or_exp><and_exp></and_exp></or_exp>
</condition>

<Node id="9" bw="12" op_0_bw="32">
<![CDATA[
:6 %indvar_flatten54 = alloca i32 1

]]></Node>
<StgValue><ssdm name="indvar_flatten54"/></StgValue>
</operation>

<operation id="16" st_id="1" stage="1" lat="1">
<core>NULL</core>
<MemPortIdVec></MemPortIdVec>
<condition id="-1">
<or_exp><and_exp></and_exp></or_exp>
</condition>

<Node id="10" bw="15" op_0_bw="32">
<![CDATA[
:7 %indvar_flatten98 = alloca i32 1

]]></Node>
<StgValue><ssdm name="indvar_flatten98"/></StgValue>
</operation>

<operation id="17" st_id="1" stage="1" lat="1">
<core>NULL</core>
<MemPortIdVec></MemPortIdVec>
<condition id="-1">
<or_exp><and_exp></and_exp></or_exp>
</condition>

<Node id="11" bw="0" op_0_bw="0" op_1_bw="24" op_2_bw="0" op_3_bw="32" op_4_bw="32" op_5_bw="0" op_6_bw="32" op_7_bw="32" op_8_bw="0" op_9_bw="0" op_10_bw="0" op_11_bw="32" op_12_bw="32" op_13_bw="32" op_14_bw="32" op_15_bw="0" op_16_bw="0">
<![CDATA[
:8 %specinterface_ln0 = specinterface void @_ssdm_op_SpecInterface, i24 %pool_out3, void @empty_10, i32 0, i32 0, void @empty_4, i32 0, i32 0, void @empty_4, void @empty_4, void @empty_4, i32 0, i32 0, i32 0, i32 0, void @empty_4, void @empty_4

]]></Node>
<StgValue><ssdm name="specinterface_ln0"/></StgValue>
</operation>

<operation id="18" st_id="1" stage="1" lat="1">
<core>NULL</core>
<MemPortIdVec></MemPortIdVec>
<condition id="-1">
<or_exp><and_exp></and_exp></or_exp>
</condition>

<Node id="12" bw="0" op_0_bw="0" op_1_bw="24" op_2_bw="0" op_3_bw="32" op_4_bw="32" op_5_bw="0" op_6_bw="32" op_7_bw="32" op_8_bw="0" op_9_bw="0" op_10_bw="0" op_11_bw="32" op_12_bw="32" op_13_bw="32" op_14_bw="32" op_15_bw="0" op_16_bw="0">
<![CDATA[
:9 %specinterface_ln0 = specinterface void @_ssdm_op_SpecInterface, i24 %conv_out2, void @empty_10, i32 0, i32 0, void @empty_4, i32 0, i32 0, void @empty_4, void @empty_4, void @empty_4, i32 0, i32 0, i32 0, i32 0, void @empty_4, void @empty_4

]]></Node>
<StgValue><ssdm name="specinterface_ln0"/></StgValue>
</operation>

<operation id="19" st_id="1" stage="1" lat="1">
<core>RAM</core>
<MemPortIdVec></MemPortIdVec>
<condition id="-1">
<or_exp><and_exp></and_exp></or_exp>
</condition>

<Node id="13" bw="24" op_0_bw="64">
<![CDATA[
:10 %pool_buff_V = alloca i64 1

]]></Node>
<StgValue><ssdm name="pool_buff_V"/></StgValue>
</operation>

<operation id="20" st_id="1" stage="1" lat="1">
<core>NULL</core>
<MemPortIdVec></MemPortIdVec>
<condition id="-1">
<or_exp><and_exp></and_exp></or_exp>
</condition>

<Node id="14" bw="0" op_0_bw="15" op_1_bw="15">
<![CDATA[
:11 %store_ln56 = store i15 0, i15 %indvar_flatten98

]]></Node>
<StgValue><ssdm name="store_ln56"/></StgValue>
</operation>

<operation id="21" st_id="1" stage="1" lat="1">
<core>NULL</core>
<MemPortIdVec></MemPortIdVec>
<condition id="-1">
<or_exp><and_exp></and_exp></or_exp>
</condition>

<Node id="15" bw="0" op_0_bw="12" op_1_bw="12">
<![CDATA[
:12 %store_ln56 = store i12 0, i12 %indvar_flatten54

]]></Node>
<StgValue><ssdm name="store_ln56"/></StgValue>
</operation>

<operation id="23" st_id="1" stage="1" lat="1">
<core>NULL</core>
<MemPortIdVec></MemPortIdVec>
<condition id="-1">
<or_exp><and_exp></and_exp></or_exp>
</condition>

<Node id="17" bw="0" op_0_bw="11" op_1_bw="11">
<![CDATA[
:14 %store_ln56 = store i11 0, i11 %indvar_flatten22

]]></Node>
<StgValue><ssdm name="store_ln56"/></StgValue>
</operation>

<operation id="28" st_id="1" stage="1" lat="1">
<core>NULL</core>
<MemPortIdVec></MemPortIdVec>
<condition id="-1">
<or_exp><and_exp></and_exp></or_exp>
</condition>

<Node id="22" bw="0" op_0_bw="0">
<![CDATA[
:19 %br_ln56 = br void

]]></Node>
<StgValue><ssdm name="br_ln56"/></StgValue>
</operation>

<operation id="29" st_id="1" stage="1" lat="1">
<core>NULL</core>
<MemPortIdVec></MemPortIdVec>
<condition id="-1">
<or_exp><and_exp></and_exp></or_exp>
</condition>

<Node id="26" bw="15" op_0_bw="15" op_1_bw="0">
<![CDATA[
:2 %indvar_flatten98_load = load i15 %indvar_flatten98

]]></Node>
<StgValue><ssdm name="indvar_flatten98_load"/></StgValue>
</operation>

<operation id="30" st_id="1" stage="1" lat="1">
<core>Cmp</core>
<MemPortIdVec></MemPortIdVec>
<condition id="-1">
<or_exp><and_exp></and_exp></or_exp>
</condition>

<Node id="34" bw="1" op_0_bw="15" op_1_bw="15">
<![CDATA[
:10 %icmp_ln56 = icmp_eq  i15 %indvar_flatten98_load, i15 21632

]]></Node>
<StgValue><ssdm name="icmp_ln56"/></StgValue>
</operation>

<operation id="31" st_id="1" stage="1" lat="1">
<core>Adder</core>
<MemPortIdVec></MemPortIdVec>
<condition id="-1">
<or_exp><and_exp></and_exp></or_exp>
</condition>

<Node id="35" bw="15" op_0_bw="15" op_1_bw="15">
<![CDATA[
:11 %add_ln56 = add i15 %indvar_flatten98_load, i15 1

]]></Node>
<StgValue><ssdm name="add_ln56"/></StgValue>
</operation>

<operation id="32" st_id="1" stage="1" lat="1">
<core>NULL</core>
<MemPortIdVec></MemPortIdVec>
<condition id="-1">
<or_exp><and_exp></and_exp></or_exp>
</condition>

<Node id="36" bw="0" op_0_bw="1" op_1_bw="0" op_2_bw="0">
<![CDATA[
:12 %br_ln56 = br i1 %icmp_ln56, void %.split8, void

]]></Node>
<StgValue><ssdm name="br_ln56"/></StgValue>
</operation>

<operation id="33" st_id="1" stage="1" lat="1">
<core>NULL</core>
<MemPortIdVec></MemPortIdVec>
<condition id="-1">
<or_exp><and_exp><literal name="icmp_ln56" val="0"/>
</and_exp></or_exp>
</condition>

<Node id="41" bw="11" op_0_bw="11" op_1_bw="0">
<![CDATA[
.split8:3 %indvar_flatten22_load_1 = load i11 %indvar_flatten22

]]></Node>
<StgValue><ssdm name="indvar_flatten22_load_1"/></StgValue>
</operation>

<operation id="34" st_id="1" stage="1" lat="1">
<core>NULL</core>
<MemPortIdVec></MemPortIdVec>
<condition id="-1">
<or_exp><and_exp><literal name="icmp_ln56" val="0"/>
</and_exp></or_exp>
</condition>

<Node id="42" bw="12" op_0_bw="12" op_1_bw="0">
<![CDATA[
.split8:4 %indvar_flatten54_load_1 = load i12 %indvar_flatten54

]]></Node>
<StgValue><ssdm name="indvar_flatten54_load_1"/></StgValue>
</operation>

<operation id="35" st_id="1" stage="1" lat="1">
<core>Cmp</core>
<MemPortIdVec></MemPortIdVec>
<condition id="-1">
<or_exp><and_exp><literal name="icmp_ln56" val="0"/>
</and_exp></or_exp>
</condition>

<Node id="45" bw="1" op_0_bw="12" op_1_bw="12">
<![CDATA[
.split8:7 %icmp_ln58 = icmp_eq  i12 %indvar_flatten54_load_1, i12 1664

]]></Node>
<StgValue><ssdm name="icmp_ln58"/></StgValue>
</operation>

<operation id="36" st_id="1" stage="1" lat="1">
<core>LogicGate</core>
<MemPortIdVec></MemPortIdVec>
<condition id="-1">
<or_exp><and_exp><literal name="icmp_ln56" val="0"/>
</and_exp></or_exp>
</condition>

<Node id="47" bw="1" op_0_bw="1" op_1_bw="1">
<![CDATA[
.split8:9 %xor_ln46 = xor i1 %icmp_ln58, i1 1

]]></Node>
<StgValue><ssdm name="xor_ln46"/></StgValue>
</operation>

<operation id="37" st_id="1" stage="1" lat="1">
<core>Cmp</core>
<MemPortIdVec></MemPortIdVec>
<condition id="-1">
<or_exp><and_exp><literal name="icmp_ln56" val="0"/>
</and_exp></or_exp>
</condition>

<Node id="57" bw="1" op_0_bw="11" op_1_bw="11">
<![CDATA[
.split8:19 %icmp_ln60 = icmp_eq  i11 %indvar_flatten22_load_1, i11 832

]]></Node>
<StgValue><ssdm name="icmp_ln60"/></StgValue>
</operation>

<operation id="38" st_id="1" stage="1" lat="1">
<core>LogicGate</core>
<MemPortIdVec></MemPortIdVec>
<condition id="-1">
<or_exp><and_exp><literal name="icmp_ln56" val="0"/>
</and_exp></or_exp>
</condition>

<Node id="58" bw="1" op_0_bw="1" op_1_bw="1">
<![CDATA[
.split8:20 %and_ln46_4 = and i1 %icmp_ln60, i1 %xor_ln46

]]></Node>
<StgValue><ssdm name="and_ln46_4"/></StgValue>
</operation>

<operation id="39" st_id="1" stage="1" lat="1">
<core>LogicGate</core>
<MemPortIdVec></MemPortIdVec>
<condition id="-1">
<or_exp><and_exp><literal name="icmp_ln56" val="0"/>
</and_exp></or_exp>
</condition>

<Node id="61" bw="1" op_0_bw="1" op_1_bw="1">
<![CDATA[
.split8:23 %or_ln58 = or i1 %and_ln46_4, i1 %icmp_ln58

]]></Node>
<StgValue><ssdm name="or_ln58"/></StgValue>
</operation>

<operation id="40" st_id="1" stage="1" lat="1">
<core>NULL</core>
<MemPortIdVec></MemPortIdVec>
<condition id="-1">
<or_exp><and_exp><literal name="icmp_ln56" val="0"/>
</and_exp></or_exp>
</condition>

<Node id="122" bw="11" op_0_bw="11" op_1_bw="0">
<![CDATA[
._crit_edge:1 %indvar_flatten22_load = load i11 %indvar_flatten22

]]></Node>
<StgValue><ssdm name="indvar_flatten22_load"/></StgValue>
</operation>

<operation id="41" st_id="1" stage="1" lat="1">
<core>NULL</core>
<MemPortIdVec></MemPortIdVec>
<condition id="-1">
<or_exp><and_exp><literal name="icmp_ln56" val="0"/>
</and_exp></or_exp>
</condition>

<Node id="123" bw="12" op_0_bw="12" op_1_bw="0">
<![CDATA[
._crit_edge:2 %indvar_flatten54_load = load i12 %indvar_flatten54

]]></Node>
<StgValue><ssdm name="indvar_flatten54_load"/></StgValue>
</operation>

<operation id="42" st_id="1" stage="1" lat="1">
<core>Adder</core>
<MemPortIdVec></MemPortIdVec>
<condition id="-1">
<or_exp><and_exp><literal name="icmp_ln56" val="0"/>
</and_exp></or_exp>
</condition>

<Node id="127" bw="11" op_0_bw="11" op_1_bw="11">
<![CDATA[
._crit_edge:6 %add_ln60_1 = add i11 %indvar_flatten22_load, i11 1

]]></Node>
<StgValue><ssdm name="add_ln60_1"/></StgValue>
</operation>

<operation id="43" st_id="1" stage="1" lat="1">
<core>Sel</core>
<MemPortIdVec></MemPortIdVec>
<condition id="-1">
<or_exp><and_exp><literal name="icmp_ln56" val="0"/>
</and_exp></or_exp>
</condition>

<Node id="128" bw="11" op_0_bw="1" op_1_bw="11" op_2_bw="11">
<![CDATA[
._crit_edge:7 %select_ln60_4 = select i1 %or_ln58, i11 1, i11 %add_ln60_1

]]></Node>
<StgValue><ssdm name="select_ln60_4"/></StgValue>
</operation>

<operation id="44" st_id="1" stage="1" lat="1">
<core>Adder</core>
<MemPortIdVec></MemPortIdVec>
<condition id="-1">
<or_exp><and_exp><literal name="icmp_ln56" val="0"/>
</and_exp></or_exp>
</condition>

<Node id="129" bw="12" op_0_bw="12" op_1_bw="12">
<![CDATA[
._crit_edge:8 %add_ln58_1 = add i12 %indvar_flatten54_load, i12 1

]]></Node>
<StgValue><ssdm name="add_ln58_1"/></StgValue>
</operation>

<operation id="45" st_id="1" stage="1" lat="1">
<core>Sel</core>
<MemPortIdVec></MemPortIdVec>
<condition id="-1">
<or_exp><and_exp><literal name="icmp_ln56" val="0"/>
</and_exp></or_exp>
</condition>

<Node id="130" bw="12" op_0_bw="1" op_1_bw="12" op_2_bw="12">
<![CDATA[
._crit_edge:9 %select_ln58_6 = select i1 %icmp_ln58, i12 1, i12 %add_ln58_1

]]></Node>
<StgValue><ssdm name="select_ln58_6"/></StgValue>
</operation>

<operation id="46" st_id="1" stage="1" lat="1">
<core>NULL</core>
<MemPortIdVec></MemPortIdVec>
<condition id="-1">
<or_exp><and_exp><literal name="icmp_ln56" val="0"/>
</and_exp></or_exp>
</condition>

<Node id="131" bw="0" op_0_bw="15" op_1_bw="15" op_2_bw="0" op_3_bw="0">
<![CDATA[
._crit_edge:10 %store_ln56 = store i15 %add_ln56, i15 %indvar_flatten98

]]></Node>
<StgValue><ssdm name="store_ln56"/></StgValue>
</operation>

<operation id="47" st_id="1" stage="1" lat="1">
<core>NULL</core>
<MemPortIdVec></MemPortIdVec>
<condition id="-1">
<or_exp><and_exp><literal name="icmp_ln56" val="0"/>
</and_exp></or_exp>
</condition>

<Node id="132" bw="0" op_0_bw="12" op_1_bw="12" op_2_bw="0" op_3_bw="0" op_4_bw="0">
<![CDATA[
._crit_edge:11 %store_ln58 = store i12 %select_ln58_6, i12 %indvar_flatten54

]]></Node>
<StgValue><ssdm name="store_ln58"/></StgValue>
</operation>

<operation id="48" st_id="1" stage="1" lat="1">
<core>NULL</core>
<MemPortIdVec></MemPortIdVec>
<condition id="-1">
<or_exp><and_exp><literal name="icmp_ln56" val="0"/>
</and_exp></or_exp>
</condition>

<Node id="134" bw="0" op_0_bw="11" op_1_bw="11" op_2_bw="0" op_3_bw="0" op_4_bw="0">
<![CDATA[
._crit_edge:13 %store_ln60 = store i11 %select_ln60_4, i11 %indvar_flatten22

]]></Node>
<StgValue><ssdm name="store_ln60"/></StgValue>
</operation>
</state>

<state id="2" st_id="3">

<operation id="25" st_id="2" stage="1" lat="1">
<core>NULL</core>
<MemPortIdVec></MemPortIdVec>
<condition id="-1">
<or_exp><and_exp></and_exp></or_exp>
</condition>

<Node id="19" bw="0" op_0_bw="8" op_1_bw="8">
<![CDATA[
:16 %store_ln56 = store i8 0, i8 %indvar_flatten

]]></Node>
<StgValue><ssdm name="store_ln56"/></StgValue>
</operation>

<operation id="49" st_id="2" stage="1" lat="1">
<core>NULL</core>
<MemPortIdVec></MemPortIdVec>
<condition id="-1">
<or_exp><and_exp><literal name="icmp_ln56" val="0"/>
</and_exp></or_exp>
</condition>

<Node id="39" bw="8" op_0_bw="8" op_1_bw="0">
<![CDATA[
.split8:1 %indvar_flatten_load_1 = load i8 %indvar_flatten

]]></Node>
<StgValue><ssdm name="indvar_flatten_load_1"/></StgValue>
</operation>

<operation id="50" st_id="2" stage="1" lat="1">
<core>Cmp</core>
<MemPortIdVec></MemPortIdVec>
<condition id="-1">
<or_exp><and_exp><literal name="icmp_ln56" val="0"/>
</and_exp></or_exp>
</condition>

<Node id="55" bw="1" op_0_bw="8" op_1_bw="8">
<![CDATA[
.split8:17 %icmp_ln62 = icmp_eq  i8 %indvar_flatten_load_1, i8 64

]]></Node>
<StgValue><ssdm name="icmp_ln62"/></StgValue>
</operation>

<operation id="51" st_id="2" stage="1" lat="1">
<core>LogicGate</core>
<MemPortIdVec></MemPortIdVec>
<condition id="-1">
<or_exp><and_exp><literal name="icmp_ln56" val="0"/>
</and_exp></or_exp>
</condition>

<Node id="56" bw="1" op_0_bw="1" op_1_bw="1">
<![CDATA[
.split8:18 %and_ln46_3 = and i1 %icmp_ln62, i1 %xor_ln46

]]></Node>
<StgValue><ssdm name="and_ln46_3"/></StgValue>
</operation>

<operation id="52" st_id="2" stage="1" lat="1">
<core>LogicGate</core>
<MemPortIdVec></MemPortIdVec>
<condition id="-1">
<or_exp><and_exp><literal name="icmp_ln56" val="0"/>
</and_exp></or_exp>
</condition>

<Node id="72" bw="1" op_0_bw="1" op_1_bw="1">
<![CDATA[
.split8:34 %xor_ln58 = xor i1 %icmp_ln60, i1 1

]]></Node>
<StgValue><ssdm name="xor_ln58"/></StgValue>
</operation>

<operation id="53" st_id="2" stage="1" lat="1">
<core>LogicGate</core>
<MemPortIdVec></MemPortIdVec>
<condition id="-1">
<or_exp><and_exp><literal name="icmp_ln56" val="0"/>
</and_exp></or_exp>
</condition>

<Node id="73" bw="1" op_0_bw="1" op_1_bw="1">
<![CDATA[
.split8:35 %or_ln58_2 = or i1 %icmp_ln58, i1 %xor_ln58

]]></Node>
<StgValue><ssdm name="or_ln58_2"/></StgValue>
</operation>

<operation id="54" st_id="2" stage="1" lat="1">
<core>LogicGate</core>
<MemPortIdVec></MemPortIdVec>
<condition id="-1">
<or_exp><and_exp><literal name="icmp_ln56" val="0"/>
</and_exp></or_exp>
</condition>

<Node id="75" bw="1" op_0_bw="1" op_1_bw="1">
<![CDATA[
.split8:37 %and_ln58_1 = and i1 %and_ln46_3, i1 %or_ln58_2

]]></Node>
<StgValue><ssdm name="and_ln58_1"/></StgValue>
</operation>

<operation id="55" st_id="2" stage="1" lat="1">
<core>LogicGate</core>
<MemPortIdVec></MemPortIdVec>
<condition id="-1">
<or_exp><and_exp><literal name="icmp_ln56" val="0"/>
</and_exp></or_exp>
</condition>

<Node id="79" bw="1" op_0_bw="1" op_1_bw="1">
<![CDATA[
.split8:41 %or_ln60 = or i1 %and_ln58_1, i1 %and_ln46_4

]]></Node>
<StgValue><ssdm name="or_ln60"/></StgValue>
</operation>

<operation id="56" st_id="2" stage="1" lat="1">
<core>LogicGate</core>
<MemPortIdVec></MemPortIdVec>
<condition id="-1">
<or_exp><and_exp><literal name="icmp_ln56" val="0"/>
</and_exp></or_exp>
</condition>

<Node id="80" bw="1" op_0_bw="1" op_1_bw="1">
<![CDATA[
.split8:42 %or_ln60_2 = or i1 %or_ln60, i1 %icmp_ln58

]]></Node>
<StgValue><ssdm name="or_ln60_2"/></StgValue>
</operation>

<operation id="57" st_id="2" stage="1" lat="1">
<core>NULL</core>
<MemPortIdVec></MemPortIdVec>
<condition id="-1">
<or_exp><and_exp><literal name="icmp_ln56" val="0"/>
</and_exp></or_exp>
</condition>

<Node id="121" bw="8" op_0_bw="8" op_1_bw="0">
<![CDATA[
._crit_edge:0 %indvar_flatten_load = load i8 %indvar_flatten

]]></Node>
<StgValue><ssdm name="indvar_flatten_load"/></StgValue>
</operation>

<operation id="58" st_id="2" stage="1" lat="1">
<core>Adder</core>
<MemPortIdVec></MemPortIdVec>
<condition id="-1">
<or_exp><and_exp><literal name="icmp_ln56" val="0"/>
</and_exp></or_exp>
</condition>

<Node id="125" bw="8" op_0_bw="8" op_1_bw="8">
<![CDATA[
._crit_edge:4 %add_ln62_1 = add i8 %indvar_flatten_load, i8 1

]]></Node>
<StgValue><ssdm name="add_ln62_1"/></StgValue>
</operation>

<operation id="59" st_id="2" stage="1" lat="1">
<core>Sel</core>
<MemPortIdVec></MemPortIdVec>
<condition id="-1">
<or_exp><and_exp><literal name="icmp_ln56" val="0"/>
</and_exp></or_exp>
</condition>

<Node id="126" bw="8" op_0_bw="1" op_1_bw="8" op_2_bw="8">
<![CDATA[
._crit_edge:5 %select_ln62_4 = select i1 %or_ln60_2, i8 1, i8 %add_ln62_1

]]></Node>
<StgValue><ssdm name="select_ln62_4"/></StgValue>
</operation>

<operation id="60" st_id="2" stage="1" lat="1">
<core>NULL</core>
<MemPortIdVec></MemPortIdVec>
<condition id="-1">
<or_exp><and_exp><literal name="icmp_ln56" val="0"/>
</and_exp></or_exp>
</condition>

<Node id="136" bw="0" op_0_bw="8" op_1_bw="8" op_2_bw="0" op_3_bw="0" op_4_bw="0">
<![CDATA[
._crit_edge:15 %store_ln62 = store i8 %select_ln62_4, i8 %indvar_flatten

]]></Node>
<StgValue><ssdm name="store_ln62"/></StgValue>
</operation>
</state>

<state id="3" st_id="4">

<operation id="27" st_id="3" stage="1" lat="1">
<core>NULL</core>
<MemPortIdVec></MemPortIdVec>
<condition id="-1">
<or_exp><and_exp></and_exp></or_exp>
</condition>

<Node id="21" bw="0" op_0_bw="6" op_1_bw="6">
<![CDATA[
:18 %store_ln56 = store i6 0, i6 %k

]]></Node>
<StgValue><ssdm name="store_ln56"/></StgValue>
</operation>

<operation id="26" st_id="3" stage="1" lat="1">
<core>NULL</core>
<MemPortIdVec></MemPortIdVec>
<condition id="-1">
<or_exp><and_exp></and_exp></or_exp>
</condition>

<Node id="20" bw="0" op_0_bw="2" op_1_bw="2">
<![CDATA[
:17 %store_ln56 = store i2 0, i2 %m

]]></Node>
<StgValue><ssdm name="store_ln56"/></StgValue>
</operation>

<operation id="24" st_id="3" stage="1" lat="1">
<core>NULL</core>
<MemPortIdVec></MemPortIdVec>
<condition id="-1">
<or_exp><and_exp></and_exp></or_exp>
</condition>

<Node id="18" bw="0" op_0_bw="4" op_1_bw="4">
<![CDATA[
:15 %store_ln56 = store i4 0, i4 %j

]]></Node>
<StgValue><ssdm name="store_ln56"/></StgValue>
</operation>

<operation id="22" st_id="3" stage="1" lat="1">
<core>NULL</core>
<MemPortIdVec></MemPortIdVec>
<condition id="-1">
<or_exp><and_exp></and_exp></or_exp>
</condition>

<Node id="16" bw="0" op_0_bw="2" op_1_bw="2">
<![CDATA[
:13 %store_ln56 = store i2 0, i2 %l

]]></Node>
<StgValue><ssdm name="store_ln56"/></StgValue>
</operation>

<operation id="61" st_id="3" stage="1" lat="1">
<core>NULL</core>
<MemPortIdVec></MemPortIdVec>
<condition id="-1">
<or_exp><and_exp></and_exp></or_exp>
</condition>

<Node id="24" bw="2" op_0_bw="2" op_1_bw="0">
<![CDATA[
:0 %m_7 = load i2 %m

]]></Node>
<StgValue><ssdm name="m_7"/></StgValue>
</operation>

<operation id="62" st_id="3" stage="1" lat="1">
<core>NULL</core>
<MemPortIdVec></MemPortIdVec>
<condition id="-1">
<or_exp><and_exp></and_exp></or_exp>
</condition>

<Node id="25" bw="2" op_0_bw="2" op_1_bw="0">
<![CDATA[
:1 %l_1 = load i2 %l

]]></Node>
<StgValue><ssdm name="l_1"/></StgValue>
</operation>

<operation id="63" st_id="3" stage="1" lat="1">
<core>NULL</core>
<MemPortIdVec></MemPortIdVec>
<condition id="-1">
<or_exp><and_exp></and_exp></or_exp>
</condition>

<Node id="27" bw="1" op_0_bw="2">
<![CDATA[
:3 %trunc_ln58 = trunc i2 %l_1

]]></Node>
<StgValue><ssdm name="trunc_ln58"/></StgValue>
</operation>

<operation id="64" st_id="3" stage="1" lat="1">
<core>Cmp</core>
<MemPortIdVec></MemPortIdVec>
<condition id="-1">
<or_exp><and_exp></and_exp></or_exp>
</condition>

<Node id="28" bw="1" op_0_bw="2" op_1_bw="2">
<![CDATA[
:4 %cmp21_not = icmp_ne  i2 %l_1, i2 1

]]></Node>
<StgValue><ssdm name="cmp21_not"/></StgValue>
</operation>

<operation id="65" st_id="3" stage="1" lat="1">
<core>NULL</core>
<MemPortIdVec></MemPortIdVec>
<condition id="-1">
<or_exp><and_exp><literal name="and_ln58_1" val="0"/>
<literal name="and_ln46_4" val="0"/>
</and_exp></or_exp>
</condition>

<Node id="29" bw="1" op_0_bw="2">
<![CDATA[
:5 %trunc_ln62 = trunc i2 %m_7

]]></Node>
<StgValue><ssdm name="trunc_ln62"/></StgValue>
</operation>

<operation id="66" st_id="3" stage="1" lat="1">
<core>LogicGate</core>
<MemPortIdVec></MemPortIdVec>
<condition id="-1">
<or_exp><and_exp><literal name="and_ln58_1" val="0"/>
<literal name="and_ln46_4" val="0"/>
</and_exp></or_exp>
</condition>

<Node id="30" bw="1" op_0_bw="1" op_1_bw="1">
<![CDATA[
:6 %empty = or i1 %trunc_ln62, i1 %trunc_ln58

]]></Node>
<StgValue><ssdm name="empty"/></StgValue>
</operation>

<operation id="67" st_id="3" stage="1" lat="1">
<core>Cmp</core>
<MemPortIdVec></MemPortIdVec>
<condition id="-1">
<or_exp><and_exp></and_exp></or_exp>
</condition>

<Node id="31" bw="1" op_0_bw="2" op_1_bw="2">
<![CDATA[
:7 %cmp22_not = icmp_ne  i2 %m_7, i2 1

]]></Node>
<StgValue><ssdm name="cmp22_not"/></StgValue>
</operation>

<operation id="68" st_id="3" stage="1" lat="1">
<core>LogicGate</core>
<MemPortIdVec></MemPortIdVec>
<condition id="-1">
<or_exp><and_exp></and_exp></or_exp>
</condition>

<Node id="32" bw="1" op_0_bw="1" op_1_bw="1">
<![CDATA[
:8 %brmerge28 = or i1 %cmp21_not, i1 %cmp22_not

]]></Node>
<StgValue><ssdm name="brmerge28"/></StgValue>
</operation>

<operation id="69" st_id="3" stage="1" lat="1">
<core>NULL</core>
<MemPortIdVec></MemPortIdVec>
<condition id="-1">
<or_exp><and_exp></and_exp></or_exp>
</condition>

<Node id="33" bw="0" op_0_bw="0" op_1_bw="32" op_2_bw="32" op_3_bw="32" op_4_bw="32" op_5_bw="0">
<![CDATA[
:9 %specpipeline_ln0 = specpipeline void @_ssdm_op_SpecPipeline, i32 4294967295, i32 0, i32 1, i32 0, void @p_str

]]></Node>
<StgValue><ssdm name="specpipeline_ln0"/></StgValue>
</operation>

<operation id="70" st_id="3" stage="1" lat="1">
<core>NULL</core>
<MemPortIdVec></MemPortIdVec>
<condition id="-1">
<or_exp><and_exp><literal name="icmp_ln56" val="0"/>
</and_exp></or_exp>
</condition>

<Node id="38" bw="6" op_0_bw="6" op_1_bw="0">
<![CDATA[
.split8:0 %k_load = load i6 %k

]]></Node>
<StgValue><ssdm name="k_load"/></StgValue>
</operation>

<operation id="71" st_id="3" stage="1" lat="1">
<core>NULL</core>
<MemPortIdVec></MemPortIdVec>
<condition id="-1">
<or_exp><and_exp><literal name="icmp_ln56" val="0"/>
</and_exp></or_exp>
</condition>

<Node id="40" bw="4" op_0_bw="4" op_1_bw="0">
<![CDATA[
.split8:2 %j_load = load i4 %j

]]></Node>
<StgValue><ssdm name="j_load"/></StgValue>
</operation>

<operation id="72" st_id="3" stage="1" lat="1">
<core>Sel</core>
<MemPortIdVec></MemPortIdVec>
<condition id="-1">
<or_exp><and_exp><literal name="icmp_ln56" val="0"/>
</and_exp></or_exp>
</condition>

<Node id="46" bw="2" op_0_bw="1" op_1_bw="2" op_2_bw="2">
<![CDATA[
.split8:8 %select_ln46 = select i1 %icmp_ln58, i2 0, i2 %l_1

]]></Node>
<StgValue><ssdm name="select_ln46"/></StgValue>
</operation>

<operation id="73" st_id="3" stage="1" lat="1">
<core>LogicGate</core>
<MemPortIdVec></MemPortIdVec>
<condition id="-1">
<or_exp><and_exp><literal name="icmp_ln56" val="0"/>
<literal name="and_ln46_4" val="0"/>
</and_exp></or_exp>
</condition>

<Node id="48" bw="1" op_0_bw="1" op_1_bw="1">
<![CDATA[
.split8:10 %and_ln46 = and i1 %trunc_ln58, i1 %xor_ln46

]]></Node>
<StgValue><ssdm name="and_ln46"/></StgValue>
</operation>

<operation id="74" st_id="3" stage="1" lat="1">
<core>LogicGate</core>
<MemPortIdVec></MemPortIdVec>
<condition id="-1">
<or_exp><and_exp><literal name="icmp_ln56" val="0"/>
<literal name="and_ln46_4" val="0"/>
</and_exp></or_exp>
</condition>

<Node id="49" bw="1" op_0_bw="1" op_1_bw="1">
<![CDATA[
.split8:11 %or_ln46 = or i1 %icmp_ln58, i1 %cmp21_not

]]></Node>
<StgValue><ssdm name="or_ln46"/></StgValue>
</operation>

<operation id="75" st_id="3" stage="1" lat="1">
<core>LogicGate</core>
<MemPortIdVec></MemPortIdVec>
<condition id="-1">
<or_exp><and_exp><literal name="icmp_ln56" val="0"/>
<literal name="and_ln58_1" val="0"/>
<literal name="and_ln46_4" val="0"/>
</and_exp></or_exp>
</condition>

<Node id="50" bw="1" op_0_bw="1" op_1_bw="1">
<![CDATA[
.split8:12 %and_ln46_1 = and i1 %empty, i1 %xor_ln46

]]></Node>
<StgValue><ssdm name="and_ln46_1"/></StgValue>
</operation>

<operation id="76" st_id="3" stage="1" lat="1">
<core>LogicGate</core>
<MemPortIdVec></MemPortIdVec>
<condition id="-1">
<or_exp><and_exp><literal name="icmp_ln56" val="0"/>
</and_exp></or_exp>
</condition>

<Node id="51" bw="1" op_0_bw="1" op_1_bw="1">
<![CDATA[
.split8:13 %or_ln46_1 = or i1 %icmp_ln58, i1 %brmerge28

]]></Node>
<StgValue><ssdm name="or_ln46_1"/></StgValue>
</operation>

<operation id="77" st_id="3" stage="1" lat="1">
<core>Cmp</core>
<MemPortIdVec></MemPortIdVec>
<condition id="-1">
<or_exp><and_exp><literal name="icmp_ln56" val="0"/>
</and_exp></or_exp>
</condition>

<Node id="53" bw="1" op_0_bw="6" op_1_bw="6">
<![CDATA[
.split8:15 %icmp_ln64 = icmp_eq  i6 %k_load, i6 32

]]></Node>
<StgValue><ssdm name="icmp_ln64"/></StgValue>
</operation>

<operation id="78" st_id="3" stage="1" lat="1">
<core>LogicGate</core>
<MemPortIdVec></MemPortIdVec>
<condition id="-1">
<or_exp><and_exp><literal name="icmp_ln56" val="0"/>
</and_exp></or_exp>
</condition>

<Node id="54" bw="1" op_0_bw="1" op_1_bw="1">
<![CDATA[
.split8:16 %and_ln46_2 = and i1 %icmp_ln64, i1 %xor_ln46

]]></Node>
<StgValue><ssdm name="and_ln46_2"/></StgValue>
</operation>

<operation id="79" st_id="3" stage="1" lat="1">
<core>Adder</core>
<MemPortIdVec></MemPortIdVec>
<condition id="-1">
<or_exp><and_exp><literal name="icmp_ln56" val="0"/>
</and_exp></or_exp>
</condition>

<Node id="59" bw="2" op_0_bw="2" op_1_bw="2">
<![CDATA[
.split8:21 %l_3 = add i2 %select_ln46, i2 1

]]></Node>
<StgValue><ssdm name="l_3"/></StgValue>
</operation>

<operation id="80" st_id="3" stage="1" lat="1">
<core>Sel</core>
<MemPortIdVec></MemPortIdVec>
<condition id="-1">
<or_exp><and_exp><literal name="icmp_ln56" val="0"/>
</and_exp></or_exp>
</condition>

<Node id="62" bw="4" op_0_bw="1" op_1_bw="4" op_2_bw="4">
<![CDATA[
.split8:24 %select_ln58 = select i1 %or_ln58, i4 0, i4 %j_load

]]></Node>
<StgValue><ssdm name="select_ln58"/></StgValue>
</operation>

<operation id="81" st_id="3" stage="1" lat="1">
<core>NULL</core>
<MemPortIdVec></MemPortIdVec>
<condition id="-1">
<or_exp><and_exp><literal name="icmp_ln56" val="0"/>
</and_exp></or_exp>
</condition>

<Node id="63" bw="1" op_0_bw="2">
<![CDATA[
.split8:25 %trunc_ln58_1 = trunc i2 %l_3

]]></Node>
<StgValue><ssdm name="trunc_ln58_1"/></StgValue>
</operation>

<operation id="82" st_id="3" stage="1" lat="1">
<core>Sel</core>
<MemPortIdVec></MemPortIdVec>
<condition id="-1">
<or_exp><and_exp><literal name="icmp_ln56" val="0"/>
</and_exp></or_exp>
</condition>

<Node id="64" bw="1" op_0_bw="1" op_1_bw="1" op_2_bw="1">
<![CDATA[
.split8:26 %select_ln58_1 = select i1 %and_ln46_4, i1 %trunc_ln58_1, i1 %and_ln46

]]></Node>
<StgValue><ssdm name="select_ln58_1"/></StgValue>
</operation>

<operation id="83" st_id="3" stage="1" lat="1">
<core>Cmp</core>
<MemPortIdVec></MemPortIdVec>
<condition id="-1">
<or_exp><and_exp><literal name="icmp_ln56" val="0"/>
<literal name="and_ln46_4" val="1"/>
</and_exp></or_exp>
</condition>

<Node id="65" bw="1" op_0_bw="2" op_1_bw="2">
<![CDATA[
.split8:27 %cmp21_not_mid1 = icmp_ne  i2 %select_ln46, i2 0

]]></Node>
<StgValue><ssdm name="cmp21_not_mid1"/></StgValue>
</operation>

<operation id="84" st_id="3" stage="1" lat="1">
<core>Sel</core>
<MemPortIdVec></MemPortIdVec>
<condition id="-1">
<or_exp><and_exp><literal name="icmp_ln56" val="0"/>
</and_exp></or_exp>
</condition>

<Node id="66" bw="1" op_0_bw="1" op_1_bw="1" op_2_bw="1">
<![CDATA[
.split8:28 %select_ln58_2 = select i1 %and_ln46_4, i1 %cmp21_not_mid1, i1 %or_ln46

]]></Node>
<StgValue><ssdm name="select_ln58_2"/></StgValue>
</operation>

<operation id="85" st_id="3" stage="1" lat="1">
<core>NULL</core>
<MemPortIdVec></MemPortIdVec>
<condition id="-1">
<or_exp><and_exp><literal name="icmp_ln56" val="0"/>
<literal name="or_ln58" val="0"/>
<literal name="and_ln58_1" val="0"/>
</and_exp></or_exp>
</condition>

<Node id="67" bw="9" op_0_bw="9" op_1_bw="4" op_2_bw="5">
<![CDATA[
.split8:29 %tmp = bitconcatenate i9 @_ssdm_op_BitConcatenate.i9.i4.i5, i4 %j_load, i5 0

]]></Node>
<StgValue><ssdm name="tmp"/></StgValue>
</operation>

<operation id="86" st_id="3" stage="1" lat="1">
<core>Sel</core>
<MemPortIdVec></MemPortIdVec>
<condition id="-1">
<or_exp><and_exp><literal name="icmp_ln56" val="0"/>
<literal name="and_ln58_1" val="0"/>
</and_exp></or_exp>
</condition>

<Node id="68" bw="9" op_0_bw="1" op_1_bw="9" op_2_bw="9">
<![CDATA[
.split8:30 %select_ln58_3 = select i1 %or_ln58, i9 0, i9 %tmp

]]></Node>
<StgValue><ssdm name="select_ln58_3"/></StgValue>
</operation>

<operation id="87" st_id="3" stage="1" lat="1">
<core>Sel</core>
<MemPortIdVec></MemPortIdVec>
<condition id="-1">
<or_exp><and_exp><literal name="icmp_ln56" val="0"/>
<literal name="and_ln58_1" val="0"/>
</and_exp></or_exp>
</condition>

<Node id="69" bw="1" op_0_bw="1" op_1_bw="1" op_2_bw="1">
<![CDATA[
.split8:31 %select_ln58_4 = select i1 %and_ln46_4, i1 %trunc_ln58_1, i1 %and_ln46_1

]]></Node>
<StgValue><ssdm name="select_ln58_4"/></StgValue>
</operation>

<operation id="88" st_id="3" stage="1" lat="1">
<core>LogicGate</core>
<MemPortIdVec></MemPortIdVec>
<condition id="-1">
<or_exp><and_exp><literal name="icmp_ln56" val="0"/>
</and_exp></or_exp>
</condition>

<Node id="70" bw="1" op_0_bw="1" op_1_bw="1">
<![CDATA[
.split8:32 %or_ln58_1 = or i1 %and_ln46_4, i1 %or_ln46_1

]]></Node>
<StgValue><ssdm name="or_ln58_1"/></StgValue>
</operation>

<operation id="89" st_id="3" stage="1" lat="1">
<core>LogicGate</core>
<MemPortIdVec></MemPortIdVec>
<condition id="-1">
<or_exp><and_exp><literal name="icmp_ln56" val="0"/>
</and_exp></or_exp>
</condition>

<Node id="74" bw="1" op_0_bw="1" op_1_bw="1">
<![CDATA[
.split8:36 %and_ln58 = and i1 %and_ln46_2, i1 %or_ln58_2

]]></Node>
<StgValue><ssdm name="and_ln58"/></StgValue>
</operation>

<operation id="90" st_id="3" stage="1" lat="1">
<core>Sel</core>
<MemPortIdVec></MemPortIdVec>
<condition id="-1">
<or_exp><and_exp><literal name="icmp_ln56" val="0"/>
</and_exp></or_exp>
</condition>

<Node id="76" bw="2" op_0_bw="1" op_1_bw="2" op_2_bw="2">
<![CDATA[
.split8:38 %select_ln58_5 = select i1 %and_ln46_4, i2 %l_3, i2 %select_ln46

]]></Node>
<StgValue><ssdm name="select_ln58_5"/></StgValue>
</operation>

<operation id="91" st_id="3" stage="1" lat="1">
<core>Adder</core>
<MemPortIdVec></MemPortIdVec>
<condition id="-1">
<or_exp><and_exp><literal name="icmp_ln56" val="0"/>
</and_exp></or_exp>
</condition>

<Node id="77" bw="4" op_0_bw="4" op_1_bw="4">
<![CDATA[
.split8:39 %add_ln60 = add i4 %select_ln58, i4 1

]]></Node>
<StgValue><ssdm name="add_ln60"/></StgValue>
</operation>

<operation id="92" st_id="3" stage="1" lat="1">
<core>Sel</core>
<MemPortIdVec></MemPortIdVec>
<condition id="-1">
<or_exp><and_exp><literal name="icmp_ln56" val="0"/>
</and_exp></or_exp>
</condition>

<Node id="81" bw="2" op_0_bw="1" op_1_bw="2" op_2_bw="2">
<![CDATA[
.split8:43 %select_ln60 = select i1 %or_ln60_2, i2 0, i2 %m_7

]]></Node>
<StgValue><ssdm name="select_ln60"/></StgValue>
</operation>

<operation id="93" st_id="3" stage="1" lat="1">
<core>NULL</core>
<MemPortIdVec></MemPortIdVec>
<condition id="-1">
<or_exp><and_exp><literal name="icmp_ln56" val="0"/>
<literal name="and_ln58_1" val="1"/>
</and_exp></or_exp>
</condition>

<Node id="82" bw="9" op_0_bw="9" op_1_bw="4" op_2_bw="5">
<![CDATA[
.split8:44 %p_mid = bitconcatenate i9 @_ssdm_op_BitConcatenate.i9.i4.i5, i4 %add_ln60, i5 0

]]></Node>
<StgValue><ssdm name="p_mid"/></StgValue>
</operation>

<operation id="94" st_id="3" stage="1" lat="1">
<core>Sel</core>
<MemPortIdVec></MemPortIdVec>
<condition id="-1">
<or_exp><and_exp><literal name="icmp_ln56" val="0"/>
</and_exp></or_exp>
</condition>

<Node id="83" bw="9" op_0_bw="1" op_1_bw="9" op_2_bw="9">
<![CDATA[
.split8:45 %select_ln60_1 = select i1 %and_ln58_1, i9 %p_mid, i9 %select_ln58_3

]]></Node>
<StgValue><ssdm name="select_ln60_1"/></StgValue>
</operation>

<operation id="95" st_id="3" stage="1" lat="1">
<core>Sel</core>
<MemPortIdVec></MemPortIdVec>
<condition id="-1">
<or_exp><and_exp><literal name="icmp_ln56" val="0"/>
</and_exp></or_exp>
</condition>

<Node id="84" bw="1" op_0_bw="1" op_1_bw="1" op_2_bw="1">
<![CDATA[
.split8:46 %select_ln60_2 = select i1 %and_ln58_1, i1 %select_ln58_1, i1 %select_ln58_4

]]></Node>
<StgValue><ssdm name="select_ln60_2"/></StgValue>
</operation>

<operation id="96" st_id="3" stage="1" lat="1">
<core>LogicGate</core>
<MemPortIdVec></MemPortIdVec>
<condition id="-1">
<or_exp><and_exp><literal name="icmp_ln56" val="0"/>
</and_exp></or_exp>
</condition>

<Node id="85" bw="1" op_0_bw="1" op_1_bw="1">
<![CDATA[
.split8:47 %or_ln60_1 = or i1 %and_ln58_1, i1 %or_ln58_1

]]></Node>
<StgValue><ssdm name="or_ln60_1"/></StgValue>
</operation>

<operation id="97" st_id="3" stage="1" lat="1">
<core>LogicGate</core>
<MemPortIdVec></MemPortIdVec>
<condition id="-1">
<or_exp><and_exp><literal name="icmp_ln56" val="0"/>
</and_exp></or_exp>
</condition>

<Node id="87" bw="1" op_0_bw="1" op_1_bw="1">
<![CDATA[
.split8:49 %xor_ln60 = xor i1 %and_ln58_1, i1 1

]]></Node>
<StgValue><ssdm name="xor_ln60"/></StgValue>
</operation>

<operation id="98" st_id="3" stage="1" lat="1">
<core>LogicGate</core>
<MemPortIdVec></MemPortIdVec>
<condition id="-1">
<or_exp><and_exp><literal name="icmp_ln56" val="0"/>
</and_exp></or_exp>
</condition>

<Node id="88" bw="1" op_0_bw="1" op_1_bw="1">
<![CDATA[
.split8:50 %and_ln60 = and i1 %and_ln58, i1 %xor_ln60

]]></Node>
<StgValue><ssdm name="and_ln60"/></StgValue>
</operation>

<operation id="99" st_id="3" stage="1" lat="1">
<core>Sel</core>
<MemPortIdVec></MemPortIdVec>
<condition id="-1">
<or_exp><and_exp><literal name="icmp_ln56" val="0"/>
</and_exp></or_exp>
</condition>

<Node id="89" bw="4" op_0_bw="1" op_1_bw="4" op_2_bw="4">
<![CDATA[
.split8:51 %select_ln60_3 = select i1 %and_ln58_1, i4 %add_ln60, i4 %select_ln58

]]></Node>
<StgValue><ssdm name="select_ln60_3"/></StgValue>
</operation>

<operation id="100" st_id="3" stage="1" lat="1">
<core>Adder</core>
<MemPortIdVec></MemPortIdVec>
<condition id="-1">
<or_exp><and_exp><literal name="icmp_ln56" val="0"/>
</and_exp></or_exp>
</condition>

<Node id="90" bw="2" op_0_bw="2" op_1_bw="2">
<![CDATA[
.split8:52 %m_9 = add i2 %select_ln60, i2 1

]]></Node>
<StgValue><ssdm name="m_9"/></StgValue>
</operation>

<operation id="101" st_id="3" stage="1" lat="1">
<core>LogicGate</core>
<MemPortIdVec></MemPortIdVec>
<condition id="-1">
<or_exp><and_exp><literal name="icmp_ln56" val="0"/>
</and_exp></or_exp>
</condition>

<Node id="92" bw="1" op_0_bw="1" op_1_bw="1">
<![CDATA[
.split8:54 %or_ln62 = or i1 %and_ln60, i1 %and_ln58_1

]]></Node>
<StgValue><ssdm name="or_ln62"/></StgValue>
</operation>

<operation id="102" st_id="3" stage="1" lat="1">
<core>LogicGate</core>
<MemPortIdVec></MemPortIdVec>
<condition id="-1">
<or_exp><and_exp><literal name="icmp_ln56" val="0"/>
</and_exp></or_exp>
</condition>

<Node id="93" bw="1" op_0_bw="1" op_1_bw="1">
<![CDATA[
.split8:55 %or_ln62_1 = or i1 %or_ln62, i1 %or_ln58

]]></Node>
<StgValue><ssdm name="or_ln62_1"/></StgValue>
</operation>

<operation id="103" st_id="3" stage="1" lat="1">
<core>Sel</core>
<MemPortIdVec></MemPortIdVec>
<condition id="-1">
<or_exp><and_exp><literal name="icmp_ln56" val="0"/>
</and_exp></or_exp>
</condition>

<Node id="94" bw="6" op_0_bw="1" op_1_bw="6" op_2_bw="6">
<![CDATA[
.split8:56 %select_ln62 = select i1 %or_ln62_1, i6 0, i6 %k_load

]]></Node>
<StgValue><ssdm name="select_ln62"/></StgValue>
</operation>

<operation id="104" st_id="3" stage="1" lat="1">
<core>NULL</core>
<MemPortIdVec></MemPortIdVec>
<condition id="-1">
<or_exp><and_exp><literal name="icmp_ln56" val="0"/>
</and_exp></or_exp>
</condition>

<Node id="95" bw="1" op_0_bw="2">
<![CDATA[
.split8:57 %trunc_ln62_1 = trunc i2 %m_9

]]></Node>
<StgValue><ssdm name="trunc_ln62_1"/></StgValue>
</operation>

<operation id="105" st_id="3" stage="1" lat="1">
<core>LogicGate</core>
<MemPortIdVec></MemPortIdVec>
<condition id="-1">
<or_exp><and_exp><literal name="icmp_ln56" val="0"/>
</and_exp></or_exp>
</condition>

<Node id="96" bw="1" op_0_bw="1" op_1_bw="1">
<![CDATA[
.split8:58 %p_mid1 = or i1 %trunc_ln62_1, i1 %select_ln58_1

]]></Node>
<StgValue><ssdm name="p_mid1"/></StgValue>
</operation>

<operation id="106" st_id="3" stage="1" lat="1">
<core>Sel</core>
<MemPortIdVec></MemPortIdVec>
<condition id="-1">
<or_exp><and_exp><literal name="icmp_ln56" val="0"/>
</and_exp></or_exp>
</condition>

<Node id="97" bw="1" op_0_bw="1" op_1_bw="1" op_2_bw="1">
<![CDATA[
.split8:59 %select_ln62_1 = select i1 %and_ln60, i1 %p_mid1, i1 %select_ln60_2

]]></Node>
<StgValue><ssdm name="select_ln62_1"/></StgValue>
</operation>

<operation id="107" st_id="3" stage="1" lat="1">
<core>Cmp</core>
<MemPortIdVec></MemPortIdVec>
<condition id="-1">
<or_exp><and_exp><literal name="icmp_ln56" val="0"/>
</and_exp></or_exp>
</condition>

<Node id="98" bw="1" op_0_bw="2" op_1_bw="2">
<![CDATA[
.split8:60 %cmp22_not_mid1 = icmp_ne  i2 %select_ln60, i2 0

]]></Node>
<StgValue><ssdm name="cmp22_not_mid1"/></StgValue>
</operation>

<operation id="108" st_id="3" stage="1" lat="1">
<core>LogicGate</core>
<MemPortIdVec></MemPortIdVec>
<condition id="-1">
<or_exp><and_exp><literal name="icmp_ln56" val="0"/>
</and_exp></or_exp>
</condition>

<Node id="99" bw="1" op_0_bw="1" op_1_bw="1">
<![CDATA[
.split8:61 %brmerge28_mid1 = or i1 %select_ln58_2, i1 %cmp22_not_mid1

]]></Node>
<StgValue><ssdm name="brmerge28_mid1"/></StgValue>
</operation>

<operation id="109" st_id="3" stage="1" lat="1">
<core>Sel</core>
<MemPortIdVec></MemPortIdVec>
<condition id="-1">
<or_exp><and_exp><literal name="icmp_ln56" val="0"/>
</and_exp></or_exp>
</condition>

<Node id="100" bw="1" op_0_bw="1" op_1_bw="1" op_2_bw="1">
<![CDATA[
.split8:62 %select_ln62_2 = select i1 %and_ln60, i1 %brmerge28_mid1, i1 %or_ln60_1

]]></Node>
<StgValue><ssdm name="select_ln62_2"/></StgValue>
</operation>

<operation id="110" st_id="3" stage="1" lat="1">
<core>Sel</core>
<MemPortIdVec></MemPortIdVec>
<condition id="-1">
<or_exp><and_exp><literal name="icmp_ln56" val="0"/>
</and_exp></or_exp>
</condition>

<Node id="102" bw="2" op_0_bw="1" op_1_bw="2" op_2_bw="2">
<![CDATA[
.split8:64 %select_ln62_3 = select i1 %and_ln60, i2 %m_9, i2 %select_ln60

]]></Node>
<StgValue><ssdm name="select_ln62_3"/></StgValue>
</operation>

<operation id="111" st_id="3" stage="1" lat="1">
<core>NULL</core>
<MemPortIdVec></MemPortIdVec>
<condition id="-1">
<or_exp><and_exp><literal name="icmp_ln56" val="0"/>
</and_exp></or_exp>
</condition>

<Node id="103" bw="9" op_0_bw="6">
<![CDATA[
.split8:65 %k_cast = zext i6 %select_ln62

]]></Node>
<StgValue><ssdm name="k_cast"/></StgValue>
</operation>

<operation id="112" st_id="3" stage="1" lat="1">
<core>Adder</core>
<MemPortIdVec></MemPortIdVec>
<condition id="-1">
<or_exp><and_exp><literal name="icmp_ln56" val="0"/>
</and_exp></or_exp>
</condition>

<Node id="106" bw="9" op_0_bw="9" op_1_bw="9">
<![CDATA[
.split8:68 %add_ln69 = add i9 %select_ln60_1, i9 %k_cast

]]></Node>
<StgValue><ssdm name="add_ln69"/></StgValue>
</operation>

<operation id="113" st_id="3" stage="1" lat="1">
<core>NULL</core>
<MemPortIdVec></MemPortIdVec>
<condition id="-1">
<or_exp><and_exp><literal name="icmp_ln56" val="0"/>
</and_exp></or_exp>
</condition>

<Node id="116" bw="0" op_0_bw="1" op_1_bw="0" op_2_bw="0">
<![CDATA[
.split8:78 %br_ln76 = br i1 %select_ln62_2, void, void %._crit_edge

]]></Node>
<StgValue><ssdm name="br_ln76"/></StgValue>
</operation>

<operation id="114" st_id="3" stage="1" lat="1">
<core>Adder</core>
<MemPortIdVec></MemPortIdVec>
<condition id="-1">
<or_exp><and_exp><literal name="icmp_ln56" val="0"/>
</and_exp></or_exp>
</condition>

<Node id="124" bw="6" op_0_bw="6" op_1_bw="6">
<![CDATA[
._crit_edge:3 %add_ln64 = add i6 %select_ln62, i6 1

]]></Node>
<StgValue><ssdm name="add_ln64"/></StgValue>
</operation>

<operation id="115" st_id="3" stage="1" lat="1">
<core>NULL</core>
<MemPortIdVec></MemPortIdVec>
<condition id="-1">
<or_exp><and_exp><literal name="icmp_ln56" val="0"/>
</and_exp></or_exp>
</condition>

<Node id="133" bw="0" op_0_bw="2" op_1_bw="2" op_2_bw="0" op_3_bw="0">
<![CDATA[
._crit_edge:12 %store_ln58 = store i2 %select_ln58_5, i2 %l

]]></Node>
<StgValue><ssdm name="store_ln58"/></StgValue>
</operation>

<operation id="116" st_id="3" stage="1" lat="1">
<core>NULL</core>
<MemPortIdVec></MemPortIdVec>
<condition id="-1">
<or_exp><and_exp><literal name="icmp_ln56" val="0"/>
</and_exp></or_exp>
</condition>

<Node id="135" bw="0" op_0_bw="4" op_1_bw="4" op_2_bw="0" op_3_bw="0">
<![CDATA[
._crit_edge:14 %store_ln60 = store i4 %select_ln60_3, i4 %j

]]></Node>
<StgValue><ssdm name="store_ln60"/></StgValue>
</operation>

<operation id="117" st_id="3" stage="1" lat="1">
<core>NULL</core>
<MemPortIdVec></MemPortIdVec>
<condition id="-1">
<or_exp><and_exp><literal name="icmp_ln56" val="0"/>
</and_exp></or_exp>
</condition>

<Node id="137" bw="0" op_0_bw="2" op_1_bw="2" op_2_bw="0" op_3_bw="0">
<![CDATA[
._crit_edge:16 %store_ln62 = store i2 %select_ln62_3, i2 %m

]]></Node>
<StgValue><ssdm name="store_ln62"/></StgValue>
</operation>

<operation id="118" st_id="3" stage="1" lat="1">
<core>NULL</core>
<MemPortIdVec></MemPortIdVec>
<condition id="-1">
<or_exp><and_exp><literal name="icmp_ln56" val="0"/>
</and_exp></or_exp>
</condition>

<Node id="138" bw="0" op_0_bw="6" op_1_bw="6" op_2_bw="0" op_3_bw="0">
<![CDATA[
._crit_edge:17 %store_ln64 = store i6 %add_ln64, i6 %k

]]></Node>
<StgValue><ssdm name="store_ln64"/></StgValue>
</operation>

<operation id="119" st_id="3" stage="1" lat="1">
<core>NULL</core>
<MemPortIdVec></MemPortIdVec>
<condition id="-1">
<or_exp><and_exp><literal name="icmp_ln56" val="0"/>
</and_exp></or_exp>
</condition>

<Node id="139" bw="0" op_0_bw="0">
<![CDATA[
._crit_edge:18 %br_ln0 = br void

]]></Node>
<StgValue><ssdm name="br_ln0"/></StgValue>
</operation>
</state>

<state id="4" st_id="5">

<operation id="120" st_id="4" stage="1" lat="1">
<core>NULL</core>
<MemPortIdVec></MemPortIdVec>
<condition id="-1">
<or_exp><and_exp></and_exp></or_exp>
</condition>

<Node id="107" bw="64" op_0_bw="9">
<![CDATA[
.split8:69 %zext_ln69 = zext i9 %add_ln69

]]></Node>
<StgValue><ssdm name="zext_ln69"/></StgValue>
</operation>

<operation id="121" st_id="4" stage="1" lat="1">
<core>NULL</core>
<MemPortIdVec></MemPortIdVec>
<condition id="-1">
<or_exp><and_exp></and_exp></or_exp>
</condition>

<Node id="108" bw="9" op_0_bw="24" op_1_bw="64" op_2_bw="64">
<![CDATA[
.split8:70 %pool_buff_V_addr = getelementptr i24 %pool_buff_V, i64 0, i64 %zext_ln69

]]></Node>
<StgValue><ssdm name="pool_buff_V_addr"/></StgValue>
</operation>

<operation id="122" st_id="4" stage="2" lat="2">
<core>RAM</core>
<MemPortIdVec></MemPortIdVec>
<condition id="-1">
<or_exp><and_exp><literal name="select_ln62_1" val="1"/>
</and_exp></or_exp>
</condition>

<Node id="109" bw="24" op_0_bw="9">
<![CDATA[
.split8:71 %p_Val2_s = load i9 %pool_buff_V_addr

]]></Node>
<StgValue><ssdm name="p_Val2_s"/></StgValue>
</operation>
</state>

<state id="5" st_id="6">

<operation id="123" st_id="5" stage="1" lat="1">
<core>FIFO_SRL</core>
<MemPortIdVec></MemPortIdVec>
<condition id="-1">
<or_exp><and_exp></and_exp></or_exp>
</condition>

<Node id="105" bw="24" op_0_bw="24" op_1_bw="24">
<![CDATA[
.split8:67 %read = read i24 @_ssdm_op_Read.ap_fifo.volatile.i24P0A, i24 %conv_out2

]]></Node>
<StgValue><ssdm name="read"/></StgValue>
</operation>

<operation id="124" st_id="5" stage="1" lat="2">
<core>RAM</core>
<MemPortIdVec></MemPortIdVec>
<condition id="-1">
<or_exp><and_exp><literal name="select_ln62_1" val="1"/>
</and_exp></or_exp>
</condition>

<Node id="109" bw="24" op_0_bw="9">
<![CDATA[
.split8:71 %p_Val2_s = load i9 %pool_buff_V_addr

]]></Node>
<StgValue><ssdm name="p_Val2_s"/></StgValue>
</operation>

<operation id="125" st_id="5" stage="1" lat="1">
<core>Cmp</core>
<MemPortIdVec></MemPortIdVec>
<condition id="-1">
<or_exp><and_exp><literal name="select_ln62_1" val="1"/>
</and_exp></or_exp>
</condition>

<Node id="110" bw="1" op_0_bw="24" op_1_bw="24">
<![CDATA[
.split8:72 %icmp_ln1547 = icmp_sgt  i24 %p_Val2_s, i24 %read

]]></Node>
<StgValue><ssdm name="icmp_ln1547"/></StgValue>
</operation>

<operation id="143" st_id="5" stage="1" lat="1">
<core>NULL</core>
<MemPortIdVec></MemPortIdVec>
<condition id="-1">
<or_exp><and_exp><literal name="icmp_ln56" val="1"/>
</and_exp></or_exp>
</condition>

<Node id="141" bw="0">
<![CDATA[
:0 %ret_ln107 = ret

]]></Node>
<StgValue><ssdm name="ret_ln107"/></StgValue>
</operation>
</state>

<state id="6" st_id="7">

<operation id="126" st_id="6" stage="1" lat="1">
<core>NULL</core>
<MemPortIdVec></MemPortIdVec>
<condition id="-1">
<or_exp><and_exp></and_exp></or_exp>
</condition>

<Node id="43" bw="0" op_0_bw="0" op_1_bw="0">
<![CDATA[
.split8:5 %specloopname_ln0 = specloopname void @_ssdm_op_SpecLoopName, void @pool_maxsearch5_pool_maxsearch3_pool_maxsearch2_pool_maxsearch1_str

]]></Node>
<StgValue><ssdm name="specloopname_ln0"/></StgValue>
</operation>

<operation id="127" st_id="6" stage="1" lat="1">
<core>NULL</core>
<MemPortIdVec></MemPortIdVec>
<condition id="-1">
<or_exp><and_exp></and_exp></or_exp>
</condition>

<Node id="44" bw="32" op_0_bw="32" op_1_bw="64" op_2_bw="64" op_3_bw="64">
<![CDATA[
.split8:6 %empty_49 = speclooptripcount i32 @_ssdm_op_SpecLoopTripCount, i64 21632, i64 21632, i64 21632

]]></Node>
<StgValue><ssdm name="empty_49"/></StgValue>
</operation>

<operation id="128" st_id="6" stage="1" lat="1">
<core>NULL</core>
<MemPortIdVec></MemPortIdVec>
<condition id="-1">
<or_exp><and_exp></and_exp></or_exp>
</condition>

<Node id="52" bw="0" op_0_bw="0" op_1_bw="32" op_2_bw="32" op_3_bw="32" op_4_bw="32" op_5_bw="0">
<![CDATA[
.split8:14 %specpipeline_ln0 = specpipeline void @_ssdm_op_SpecPipeline, i32 4294967295, i32 0, i32 1, i32 0, void @p_str

]]></Node>
<StgValue><ssdm name="specpipeline_ln0"/></StgValue>
</operation>

<operation id="129" st_id="6" stage="1" lat="1">
<core>NULL</core>
<MemPortIdVec></MemPortIdVec>
<condition id="-1">
<or_exp><and_exp></and_exp></or_exp>
</condition>

<Node id="60" bw="0" op_0_bw="0" op_1_bw="0">
<![CDATA[
.split8:22 %specloopname_ln0 = specloopname void @_ssdm_op_SpecLoopName, void @pool_maxsearch4_pool_maxsearch2_pool_maxsearch1_str

]]></Node>
<StgValue><ssdm name="specloopname_ln0"/></StgValue>
</operation>

<operation id="130" st_id="6" stage="1" lat="1">
<core>NULL</core>
<MemPortIdVec></MemPortIdVec>
<condition id="-1">
<or_exp><and_exp></and_exp></or_exp>
</condition>

<Node id="71" bw="0" op_0_bw="0" op_1_bw="32" op_2_bw="32" op_3_bw="32" op_4_bw="32" op_5_bw="0">
<![CDATA[
.split8:33 %specpipeline_ln0 = specpipeline void @_ssdm_op_SpecPipeline, i32 4294967295, i32 0, i32 1, i32 0, void @p_str

]]></Node>
<StgValue><ssdm name="specpipeline_ln0"/></StgValue>
</operation>

<operation id="131" st_id="6" stage="1" lat="1">
<core>NULL</core>
<MemPortIdVec></MemPortIdVec>
<condition id="-1">
<or_exp><and_exp></and_exp></or_exp>
</condition>

<Node id="78" bw="0" op_0_bw="0" op_1_bw="0">
<![CDATA[
.split8:40 %specloopname_ln0 = specloopname void @_ssdm_op_SpecLoopName, void @pool_maxsearch3_pool_maxsearch2_pool_maxsearch1_str

]]></Node>
<StgValue><ssdm name="specloopname_ln0"/></StgValue>
</operation>

<operation id="132" st_id="6" stage="1" lat="1">
<core>NULL</core>
<MemPortIdVec></MemPortIdVec>
<condition id="-1">
<or_exp><and_exp></and_exp></or_exp>
</condition>

<Node id="86" bw="0" op_0_bw="0" op_1_bw="32" op_2_bw="32" op_3_bw="32" op_4_bw="32" op_5_bw="0">
<![CDATA[
.split8:48 %specpipeline_ln0 = specpipeline void @_ssdm_op_SpecPipeline, i32 4294967295, i32 0, i32 1, i32 0, void @p_str

]]></Node>
<StgValue><ssdm name="specpipeline_ln0"/></StgValue>
</operation>

<operation id="133" st_id="6" stage="1" lat="1">
<core>NULL</core>
<MemPortIdVec></MemPortIdVec>
<condition id="-1">
<or_exp><and_exp></and_exp></or_exp>
</condition>

<Node id="91" bw="0" op_0_bw="0" op_1_bw="0">
<![CDATA[
.split8:53 %specloopname_ln0 = specloopname void @_ssdm_op_SpecLoopName, void @pool_maxsearch2_pool_maxsearch1_str

]]></Node>
<StgValue><ssdm name="specloopname_ln0"/></StgValue>
</operation>

<operation id="134" st_id="6" stage="1" lat="1">
<core>NULL</core>
<MemPortIdVec></MemPortIdVec>
<condition id="-1">
<or_exp><and_exp></and_exp></or_exp>
</condition>

<Node id="101" bw="0" op_0_bw="0" op_1_bw="32" op_2_bw="32" op_3_bw="32" op_4_bw="32" op_5_bw="0">
<![CDATA[
.split8:63 %specpipeline_ln0 = specpipeline void @_ssdm_op_SpecPipeline, i32 4294967295, i32 0, i32 1, i32 0, void @p_str

]]></Node>
<StgValue><ssdm name="specpipeline_ln0"/></StgValue>
</operation>

<operation id="135" st_id="6" stage="1" lat="1">
<core>NULL</core>
<MemPortIdVec></MemPortIdVec>
<condition id="-1">
<or_exp><and_exp></and_exp></or_exp>
</condition>

<Node id="104" bw="0" op_0_bw="0" op_1_bw="0">
<![CDATA[
.split8:66 %specloopname_ln0 = specloopname void @_ssdm_op_SpecLoopName, void @empty_0

]]></Node>
<StgValue><ssdm name="specloopname_ln0"/></StgValue>
</operation>

<operation id="136" st_id="6" stage="1" lat="1">
<core>Sel</core>
<MemPortIdVec></MemPortIdVec>
<condition id="-1">
<or_exp><and_exp><literal name="select_ln62_1" val="1"/>
</and_exp></or_exp>
</condition>

<Node id="111" bw="24" op_0_bw="1" op_1_bw="24" op_2_bw="24">
<![CDATA[
.split8:73 %select_ln1083 = select i1 %icmp_ln1547, i24 %p_Val2_s, i24 %read

]]></Node>
<StgValue><ssdm name="select_ln1083"/></StgValue>
</operation>

<operation id="137" st_id="6" stage="1" lat="1">
<core>Cmp</core>
<MemPortIdVec></MemPortIdVec>
<condition id="-1">
<or_exp><and_exp><literal name="select_ln62_1" val="1"/>
</and_exp></or_exp>
</condition>

<Node id="112" bw="1" op_0_bw="24" op_1_bw="24">
<![CDATA[
.split8:74 %p_Repl2_s = icmp_ne  i24 %select_ln1083, i24 0

]]></Node>
<StgValue><ssdm name="p_Repl2_s"/></StgValue>
</operation>

<operation id="138" st_id="6" stage="1" lat="1">
<core>NULL</core>
<MemPortIdVec></MemPortIdVec>
<condition id="-1">
<or_exp><and_exp><literal name="select_ln62_1" val="1"/>
</and_exp></or_exp>
</condition>

<Node id="113" bw="24" op_0_bw="24" op_1_bw="24" op_2_bw="32" op_3_bw="1">
<![CDATA[
.split8:75 %p_Result_s = bitset i24 @_ssdm_op_BitSet.i24.i24.i32.i1, i24 %p_Val2_s, i32 0, i1 %p_Repl2_s

]]></Node>
<StgValue><ssdm name="p_Result_s"/></StgValue>
</operation>

<operation id="139" st_id="6" stage="1" lat="1">
<core>Sel</core>
<MemPortIdVec></MemPortIdVec>
<condition id="-1">
<or_exp><and_exp></and_exp></or_exp>
</condition>

<Node id="114" bw="24" op_0_bw="1" op_1_bw="24" op_2_bw="24">
<![CDATA[
.split8:76 %arrayidx26_0_0_0_load = select i1 %select_ln62_1, i24 %p_Result_s, i24 %read

]]></Node>
<StgValue><ssdm name="arrayidx26_0_0_0_load"/></StgValue>
</operation>

<operation id="140" st_id="6" stage="1" lat="1">
<core>RAM</core>
<MemPortIdVec></MemPortIdVec>
<condition id="-1">
<or_exp><and_exp></and_exp></or_exp>
</condition>

<Node id="115" bw="0" op_0_bw="24" op_1_bw="9" op_2_bw="0">
<![CDATA[
.split8:77 %store_ln104 = store i24 %arrayidx26_0_0_0_load, i9 %pool_buff_V_addr

]]></Node>
<StgValue><ssdm name="store_ln104"/></StgValue>
</operation>

<operation id="141" st_id="6" stage="1" lat="1">
<core>FIFO_SRL</core>
<MemPortIdVec></MemPortIdVec>
<condition id="-1">
<or_exp><and_exp><literal name="select_ln62_2" val="0"/>
</and_exp></or_exp>
</condition>

<Node id="118" bw="0" op_0_bw="0" op_1_bw="24" op_2_bw="24">
<![CDATA[
:0 %write_ln173 = write void @_ssdm_op_Write.ap_fifo.volatile.i24P0A, i24 %pool_out3, i24 %arrayidx26_0_0_0_load

]]></Node>
<StgValue><ssdm name="write_ln173"/></StgValue>
</operation>

<operation id="142" st_id="6" stage="1" lat="1">
<core>NULL</core>
<MemPortIdVec></MemPortIdVec>
<condition id="-1">
<or_exp><and_exp><literal name="select_ln62_2" val="0"/>
</and_exp></or_exp>
</condition>

<Node id="119" bw="0" op_0_bw="0">
<![CDATA[
:1 %br_ln80 = br void %._crit_edge

]]></Node>
<StgValue><ssdm name="br_ln80"/></StgValue>
</operation>
</state>
</state_list>


<ports>
</ports>


<dataflows>
</dataflows>


</stg>
