<stg><name>softmax</name>


<trans_list>

<trans id="108" from="1" to="2">
<condition id="-1">
<or_exp><and_exp></and_exp></or_exp>
</condition>
</trans>

<trans id="109" from="2" to="3">
<condition id="-1">
<or_exp><and_exp></and_exp></or_exp>
</condition>
</trans>

<trans id="110" from="3" to="4">
<condition id="-1">
<or_exp><and_exp></and_exp></or_exp>
</condition>
</trans>

<trans id="111" from="4" to="5">
<condition id="-1">
<or_exp><and_exp></and_exp></or_exp>
</condition>
</trans>

<trans id="112" from="5" to="6">
<condition id="-1">
<or_exp><and_exp></and_exp></or_exp>
</condition>
</trans>

<trans id="113" from="6" to="7">
<condition id="-1">
<or_exp><and_exp></and_exp></or_exp>
</condition>
</trans>

<trans id="114" from="7" to="8">
<condition id="-1">
<or_exp><and_exp></and_exp></or_exp>
</condition>
</trans>

<trans id="115" from="8" to="9">
<condition id="-1">
<or_exp><and_exp></and_exp></or_exp>
</condition>
</trans>

<trans id="116" from="9" to="10">
<condition id="-1">
<or_exp><and_exp></and_exp></or_exp>
</condition>
</trans>

<trans id="117" from="10" to="11">
<condition id="-1">
<or_exp><and_exp></and_exp></or_exp>
</condition>
</trans>

<trans id="118" from="11" to="12">
<condition id="-1">
<or_exp><and_exp></and_exp></or_exp>
</condition>
</trans>

<trans id="119" from="12" to="13">
<condition id="-1">
<or_exp><and_exp></and_exp></or_exp>
</condition>
</trans>

<trans id="120" from="13" to="14">
<condition id="-1">
<or_exp><and_exp></and_exp></or_exp>
</condition>
</trans>

<trans id="121" from="14" to="15">
<condition id="-1">
<or_exp><and_exp></and_exp></or_exp>
</condition>
</trans>

<trans id="122" from="15" to="16">
<condition id="-1">
<or_exp><and_exp></and_exp></or_exp>
</condition>
</trans>

<trans id="123" from="16" to="17">
<condition id="-1">
<or_exp><and_exp></and_exp></or_exp>
</condition>
</trans>

<trans id="124" from="17" to="18">
<condition id="-1">
<or_exp><and_exp></and_exp></or_exp>
</condition>
</trans>

<trans id="125" from="18" to="19">
<condition id="-1">
<or_exp><and_exp></and_exp></or_exp>
</condition>
</trans>

<trans id="126" from="19" to="20">
<condition id="-1">
<or_exp><and_exp></and_exp></or_exp>
</condition>
</trans>

<trans id="127" from="20" to="21">
<condition id="-1">
<or_exp><and_exp></and_exp></or_exp>
</condition>
</trans>

<trans id="128" from="21" to="22">
<condition id="-1">
<or_exp><and_exp></and_exp></or_exp>
</condition>
</trans>

<trans id="129" from="22" to="23">
<condition id="-1">
<or_exp><and_exp></and_exp></or_exp>
</condition>
</trans>

<trans id="130" from="23" to="24">
<condition id="-1">
<or_exp><and_exp></and_exp></or_exp>
</condition>
</trans>

<trans id="131" from="24" to="25">
<condition id="-1">
<or_exp><and_exp></and_exp></or_exp>
</condition>
</trans>
</trans_list>



<state_list>

<state id="1" st_id="1">

<operation id="26" st_id="1" stage="1" lat="1">
<core>NULL</core>
<MemPortIdVec></MemPortIdVec>
<condition id="-1">
<or_exp><and_exp></and_exp></or_exp>
</condition>

<Node id="8" bw="24" op_0_bw="64">
<![CDATA[
codeRepl:0 %sum_V_loc = alloca i64 1

]]></Node>
<StgValue><ssdm name="sum_V_loc"/></StgValue>
</operation>

<operation id="27" st_id="1" stage="1" lat="1">
<core>NULL</core>
<MemPortIdVec></MemPortIdVec>
<condition id="-1">
<or_exp><and_exp></and_exp></or_exp>
</condition>

<Node id="9" bw="24" op_0_bw="64">
<![CDATA[
codeRepl:1 %m_V_1_loc = alloca i64 1

]]></Node>
<StgValue><ssdm name="m_V_1_loc"/></StgValue>
</operation>

<operation id="28" st_id="1" stage="1" lat="1">
<core>NULL</core>
<MemPortIdVec></MemPortIdVec>
<condition id="-1">
<or_exp><and_exp></and_exp></or_exp>
</condition>

<Node id="10" bw="4" op_0_bw="24" op_1_bw="64" op_2_bw="64">
<![CDATA[
codeRepl:2 %input_addr = getelementptr i24 %input_r, i64 0, i64 0

]]></Node>
<StgValue><ssdm name="input_addr"/></StgValue>
</operation>

<operation id="29" st_id="1" stage="2" lat="2">
<core>RAM</core>
<MemPortIdVec></MemPortIdVec>
<condition id="-1">
<or_exp><and_exp></and_exp></or_exp>
</condition>

<Node id="11" bw="24" op_0_bw="4">
<![CDATA[
codeRepl:3 %m_V = load i4 %input_addr

]]></Node>
<StgValue><ssdm name="m_V"/></StgValue>
</operation>
</state>

<state id="2" st_id="2">

<operation id="30" st_id="2" stage="1" lat="2">
<core>RAM</core>
<MemPortIdVec></MemPortIdVec>
<condition id="-1">
<or_exp><and_exp></and_exp></or_exp>
</condition>

<Node id="11" bw="24" op_0_bw="4">
<![CDATA[
codeRepl:3 %m_V = load i4 %input_addr

]]></Node>
<StgValue><ssdm name="m_V"/></StgValue>
</operation>
</state>

<state id="3" st_id="3">

<operation id="31" st_id="3" stage="2" lat="2">
<core></core>
<MemPortIdVec></MemPortIdVec>
<condition id="-1">
<or_exp><and_exp></and_exp></or_exp>
</condition>

<Node id="12" bw="0" op_0_bw="0" op_1_bw="24" op_2_bw="24" op_3_bw="24" op_4_bw="0">
<![CDATA[
codeRepl:4 %call_ln13 = call void @softmax_Pipeline_VITIS_LOOP_15_1, i24 %m_V, i24 %input_r, i24 %m_V_1_loc

]]></Node>
<StgValue><ssdm name="call_ln13"/></StgValue>
</operation>
</state>

<state id="4" st_id="4">

<operation id="32" st_id="4" stage="1" lat="2">
<core></core>
<MemPortIdVec></MemPortIdVec>
<condition id="-1">
<or_exp><and_exp></and_exp></or_exp>
</condition>

<Node id="12" bw="0" op_0_bw="0" op_1_bw="24" op_2_bw="24" op_3_bw="24" op_4_bw="0">
<![CDATA[
codeRepl:4 %call_ln13 = call void @softmax_Pipeline_VITIS_LOOP_15_1, i24 %m_V, i24 %input_r, i24 %m_V_1_loc

]]></Node>
<StgValue><ssdm name="call_ln13"/></StgValue>
</operation>
</state>

<state id="5" st_id="5">

<operation id="33" st_id="5" stage="1" lat="1">
<core>NULL</core>
<MemPortIdVec></MemPortIdVec>
<condition id="-1">
<or_exp><and_exp></and_exp></or_exp>
</condition>

<Node id="13" bw="24" op_0_bw="24" op_1_bw="0">
<![CDATA[
codeRepl:5 %m_V_1_loc_load = load i24 %m_V_1_loc

]]></Node>
<StgValue><ssdm name="m_V_1_loc_load"/></StgValue>
</operation>

<operation id="34" st_id="5" stage="2" lat="2">
<core></core>
<MemPortIdVec></MemPortIdVec>
<condition id="-1">
<or_exp><and_exp></and_exp></or_exp>
</condition>

<Node id="14" bw="0" op_0_bw="0" op_1_bw="24" op_2_bw="24" op_3_bw="24" op_4_bw="32" op_5_bw="46" op_6_bw="50" op_7_bw="0" op_8_bw="0">
<![CDATA[
codeRepl:6 %call_ln0 = call void @softmax_Pipeline_softmax_sum, i24 %input_r, i24 %m_V_1_loc_load, i24 %sum_V_loc, i32 %f_x_msb_3_table_V, i46 %f_x_msb_2_table_V, i50 %exp_x_msb_1_table_V

]]></Node>
<StgValue><ssdm name="call_ln0"/></StgValue>
</operation>
</state>

<state id="6" st_id="6">

<operation id="35" st_id="6" stage="1" lat="2">
<core></core>
<MemPortIdVec></MemPortIdVec>
<condition id="-1">
<or_exp><and_exp></and_exp></or_exp>
</condition>

<Node id="14" bw="0" op_0_bw="0" op_1_bw="24" op_2_bw="24" op_3_bw="24" op_4_bw="32" op_5_bw="46" op_6_bw="50" op_7_bw="0" op_8_bw="0">
<![CDATA[
codeRepl:6 %call_ln0 = call void @softmax_Pipeline_softmax_sum, i24 %input_r, i24 %m_V_1_loc_load, i24 %sum_V_loc, i32 %f_x_msb_3_table_V, i46 %f_x_msb_2_table_V, i50 %exp_x_msb_1_table_V

]]></Node>
<StgValue><ssdm name="call_ln0"/></StgValue>
</operation>
</state>

<state id="7" st_id="7">

<operation id="36" st_id="7" stage="1" lat="1">
<core>NULL</core>
<MemPortIdVec></MemPortIdVec>
<condition id="-1">
<or_exp><and_exp></and_exp></or_exp>
</condition>

<Node id="15" bw="24" op_0_bw="24" op_1_bw="0">
<![CDATA[
codeRepl:7 %sum_V_loc_load = load i24 %sum_V_loc

]]></Node>
<StgValue><ssdm name="sum_V_loc_load"/></StgValue>
</operation>

<operation id="37" st_id="7" stage="1" lat="1">
<core>NULL</core>
<MemPortIdVec></MemPortIdVec>
<condition id="-1">
<or_exp><and_exp></and_exp></or_exp>
</condition>

<Node id="17" bw="1" op_0_bw="1" op_1_bw="24" op_2_bw="32">
<![CDATA[
codeRepl:9 %p_Result_7 = bitselect i1 @_ssdm_op_BitSelect.i1.i24.i32, i24 %sum_V_loc_load, i32 23

]]></Node>
<StgValue><ssdm name="p_Result_7"/></StgValue>
</operation>

<operation id="38" st_id="7" stage="1" lat="1">
<core>Adder</core>
<MemPortIdVec></MemPortIdVec>
<condition id="-1">
<or_exp><and_exp></and_exp></or_exp>
</condition>

<Node id="18" bw="24" op_0_bw="24" op_1_bw="24">
<![CDATA[
codeRepl:10 %tmp_V = sub i24 0, i24 %sum_V_loc_load

]]></Node>
<StgValue><ssdm name="tmp_V"/></StgValue>
</operation>

<operation id="39" st_id="7" stage="1" lat="1">
<core>Sel</core>
<MemPortIdVec></MemPortIdVec>
<condition id="-1">
<or_exp><and_exp></and_exp></or_exp>
</condition>

<Node id="19" bw="24" op_0_bw="1" op_1_bw="24" op_2_bw="24">
<![CDATA[
codeRepl:11 %m_5 = select i1 %p_Result_7, i24 %tmp_V, i24 %sum_V_loc_load

]]></Node>
<StgValue><ssdm name="m_5"/></StgValue>
</operation>

<operation id="40" st_id="7" stage="1" lat="1">
<core>NULL</core>
<MemPortIdVec></MemPortIdVec>
<condition id="-1">
<or_exp><and_exp></and_exp></or_exp>
</condition>

<Node id="20" bw="24" op_0_bw="24" op_1_bw="24" op_2_bw="32" op_3_bw="32">
<![CDATA[
codeRepl:12 %p_Result_s = partselect i24 @llvm.part.select.i24, i24 %m_5, i32 23, i32 0

]]></Node>
<StgValue><ssdm name="p_Result_s"/></StgValue>
</operation>

<operation id="41" st_id="7" stage="1" lat="1">
<core>NULL</core>
<MemPortIdVec></MemPortIdVec>
<condition id="-1">
<or_exp><and_exp></and_exp></or_exp>
</condition>

<Node id="21" bw="32" op_0_bw="32" op_1_bw="8" op_2_bw="24">
<![CDATA[
codeRepl:13 %p_Result_8 = bitconcatenate i32 @_ssdm_op_BitConcatenate.i32.i8.i24, i8 255, i24 %p_Result_s

]]></Node>
<StgValue><ssdm name="p_Result_8"/></StgValue>
</operation>

<operation id="42" st_id="7" stage="1" lat="1">
<core>NULL</core>
<MemPortIdVec></MemPortIdVec>
<condition id="-1">
<or_exp><and_exp></and_exp></or_exp>
</condition>

<Node id="22" bw="32" op_0_bw="32" op_1_bw="32" op_2_bw="1">
<![CDATA[
codeRepl:14 %l = cttz i32 @llvm.cttz.i32, i32 %p_Result_8, i1 1

]]></Node>
<StgValue><ssdm name="l"/></StgValue>
</operation>

<operation id="43" st_id="7" stage="1" lat="1">
<core>Adder</core>
<MemPortIdVec></MemPortIdVec>
<condition id="-1">
<or_exp><and_exp></and_exp></or_exp>
</condition>

<Node id="23" bw="32" op_0_bw="32" op_1_bw="32">
<![CDATA[
codeRepl:15 %sub_ln947 = sub i32 24, i32 %l

]]></Node>
<StgValue><ssdm name="sub_ln947"/></StgValue>
</operation>

<operation id="44" st_id="7" stage="1" lat="1">
<core>NULL</core>
<MemPortIdVec></MemPortIdVec>
<condition id="-1">
<or_exp><and_exp></and_exp></or_exp>
</condition>

<Node id="24" bw="24" op_0_bw="32">
<![CDATA[
codeRepl:16 %trunc_ln947 = trunc i32 %sub_ln947

]]></Node>
<StgValue><ssdm name="trunc_ln947"/></StgValue>
</operation>

<operation id="45" st_id="7" stage="1" lat="1">
<core>NULL</core>
<MemPortIdVec></MemPortIdVec>
<condition id="-1">
<or_exp><and_exp></and_exp></or_exp>
</condition>

<Node id="28" bw="5" op_0_bw="32">
<![CDATA[
codeRepl:20 %trunc_ln950 = trunc i32 %sub_ln947

]]></Node>
<StgValue><ssdm name="trunc_ln950"/></StgValue>
</operation>

<operation id="46" st_id="7" stage="1" lat="1">
<core>NULL</core>
<MemPortIdVec></MemPortIdVec>
<condition id="-1">
<or_exp><and_exp></and_exp></or_exp>
</condition>

<Node id="56" bw="11" op_0_bw="32">
<![CDATA[
codeRepl:48 %trunc_ln946 = trunc i32 %l

]]></Node>
<StgValue><ssdm name="trunc_ln946"/></StgValue>
</operation>
</state>

<state id="8" st_id="8">

<operation id="47" st_id="8" stage="1" lat="1">
<core>Adder</core>
<MemPortIdVec></MemPortIdVec>
<condition id="-1">
<or_exp><and_exp></and_exp></or_exp>
</condition>

<Node id="25" bw="32" op_0_bw="32" op_1_bw="32">
<![CDATA[
codeRepl:17 %lsb_index = add i32 %sub_ln947, i32 4294967243

]]></Node>
<StgValue><ssdm name="lsb_index"/></StgValue>
</operation>

<operation id="48" st_id="8" stage="1" lat="1">
<core>NULL</core>
<MemPortIdVec></MemPortIdVec>
<condition id="-1">
<or_exp><and_exp></and_exp></or_exp>
</condition>

<Node id="26" bw="31" op_0_bw="31" op_1_bw="32" op_2_bw="32" op_3_bw="32">
<![CDATA[
codeRepl:18 %tmp_3 = partselect i31 @_ssdm_op_PartSelect.i31.i32.i32.i32, i32 %lsb_index, i32 1, i32 31

]]></Node>
<StgValue><ssdm name="tmp_3"/></StgValue>
</operation>

<operation id="49" st_id="8" stage="1" lat="1">
<core>Cmp</core>
<MemPortIdVec></MemPortIdVec>
<condition id="-1">
<or_exp><and_exp></and_exp></or_exp>
</condition>

<Node id="27" bw="1" op_0_bw="31" op_1_bw="31">
<![CDATA[
codeRepl:19 %icmp_ln949 = icmp_sgt  i31 %tmp_3, i31 0

]]></Node>
<StgValue><ssdm name="icmp_ln949"/></StgValue>
</operation>

<operation id="50" st_id="8" stage="1" lat="1">
<core>Adder</core>
<MemPortIdVec></MemPortIdVec>
<condition id="-1">
<or_exp><and_exp></and_exp></or_exp>
</condition>

<Node id="29" bw="5" op_0_bw="5" op_1_bw="5">
<![CDATA[
codeRepl:21 %sub_ln950 = sub i5 14, i5 %trunc_ln950

]]></Node>
<StgValue><ssdm name="sub_ln950"/></StgValue>
</operation>

<operation id="51" st_id="8" stage="1" lat="1">
<core>NULL</core>
<MemPortIdVec></MemPortIdVec>
<condition id="-1">
<or_exp><and_exp></and_exp></or_exp>
</condition>

<Node id="30" bw="24" op_0_bw="5">
<![CDATA[
codeRepl:22 %zext_ln950 = zext i5 %sub_ln950

]]></Node>
<StgValue><ssdm name="zext_ln950"/></StgValue>
</operation>

<operation id="52" st_id="8" stage="1" lat="1">
<core>Shifter</core>
<MemPortIdVec></MemPortIdVec>
<condition id="-1">
<or_exp><and_exp></and_exp></or_exp>
</condition>

<Node id="31" bw="24" op_0_bw="24" op_1_bw="24">
<![CDATA[
codeRepl:23 %lshr_ln950 = lshr i24 16777215, i24 %zext_ln950

]]></Node>
<StgValue><ssdm name="lshr_ln950"/></StgValue>
</operation>

<operation id="53" st_id="8" stage="1" lat="1">
<core>LogicGate</core>
<MemPortIdVec></MemPortIdVec>
<condition id="-1">
<or_exp><and_exp></and_exp></or_exp>
</condition>

<Node id="32" bw="24" op_0_bw="24" op_1_bw="24">
<![CDATA[
codeRepl:24 %p_Result_4 = and i24 %m_5, i24 %lshr_ln950

]]></Node>
<StgValue><ssdm name="p_Result_4"/></StgValue>
</operation>

<operation id="54" st_id="8" stage="1" lat="1">
<core>Cmp</core>
<MemPortIdVec></MemPortIdVec>
<condition id="-1">
<or_exp><and_exp></and_exp></or_exp>
</condition>

<Node id="33" bw="1" op_0_bw="24" op_1_bw="24">
<![CDATA[
codeRepl:25 %icmp_ln950 = icmp_ne  i24 %p_Result_4, i24 0

]]></Node>
<StgValue><ssdm name="icmp_ln950"/></StgValue>
</operation>

<operation id="55" st_id="8" stage="1" lat="1">
<core>NULL</core>
<MemPortIdVec></MemPortIdVec>
<condition id="-1">
<or_exp><and_exp></and_exp></or_exp>
</condition>

<Node id="34" bw="1" op_0_bw="1" op_1_bw="32" op_2_bw="32">
<![CDATA[
codeRepl:26 %tmp_4 = bitselect i1 @_ssdm_op_BitSelect.i1.i32.i32, i32 %lsb_index, i32 31

]]></Node>
<StgValue><ssdm name="tmp_4"/></StgValue>
</operation>

<operation id="56" st_id="8" stage="1" lat="1">
<core>LogicGate</core>
<MemPortIdVec></MemPortIdVec>
<condition id="-1">
<or_exp><and_exp></and_exp></or_exp>
</condition>

<Node id="35" bw="1" op_0_bw="1" op_1_bw="1">
<![CDATA[
codeRepl:27 %xor_ln952 = xor i1 %tmp_4, i1 1

]]></Node>
<StgValue><ssdm name="xor_ln952"/></StgValue>
</operation>

<operation id="57" st_id="8" stage="1" lat="1">
<core>LogicGate</core>
<MemPortIdVec></MemPortIdVec>
<condition id="-1">
<or_exp><and_exp></and_exp></or_exp>
</condition>

<Node id="36" bw="1" op_0_bw="1" op_1_bw="1">
<![CDATA[
codeRepl:28 %and_ln949 = and i1 %icmp_ln949, i1 %icmp_ln950

]]></Node>
<StgValue><ssdm name="and_ln949"/></StgValue>
</operation>

<operation id="58" st_id="8" stage="1" lat="1">
<core>Adder</core>
<MemPortIdVec></MemPortIdVec>
<condition id="-1">
<or_exp><and_exp></and_exp></or_exp>
</condition>

<Node id="37" bw="24" op_0_bw="24" op_1_bw="24">
<![CDATA[
codeRepl:29 %add_ln952 = add i24 %trunc_ln947, i24 16777163

]]></Node>
<StgValue><ssdm name="add_ln952"/></StgValue>
</operation>

<operation id="59" st_id="8" stage="1" lat="1">
<core>NULL</core>
<MemPortIdVec></MemPortIdVec>
<condition id="-1">
<or_exp><and_exp></and_exp></or_exp>
</condition>

<Node id="38" bw="1" op_0_bw="1" op_1_bw="24" op_2_bw="24">
<![CDATA[
codeRepl:30 %p_Result_3 = bitselect i1 @_ssdm_op_BitSelect.i1.i24.i24, i24 %m_5, i24 %add_ln952

]]></Node>
<StgValue><ssdm name="p_Result_3"/></StgValue>
</operation>

<operation id="60" st_id="8" stage="1" lat="1">
<core>LogicGate</core>
<MemPortIdVec></MemPortIdVec>
<condition id="-1">
<or_exp><and_exp></and_exp></or_exp>
</condition>

<Node id="39" bw="1" op_0_bw="1" op_1_bw="1">
<![CDATA[
codeRepl:31 %a = or i1 %p_Result_3, i1 %and_ln949

]]></Node>
<StgValue><ssdm name="a"/></StgValue>
</operation>

<operation id="61" st_id="8" stage="1" lat="1">
<core>Cmp</core>
<MemPortIdVec></MemPortIdVec>
<condition id="-1">
<or_exp><and_exp></and_exp></or_exp>
</condition>

<Node id="41" bw="1" op_0_bw="32" op_1_bw="32">
<![CDATA[
codeRepl:33 %icmp_ln961 = icmp_sgt  i32 %lsb_index, i32 0

]]></Node>
<StgValue><ssdm name="icmp_ln961"/></StgValue>
</operation>

<operation id="62" st_id="8" stage="1" lat="1">
<core>LogicGate</core>
<MemPortIdVec></MemPortIdVec>
<condition id="-1">
<or_exp><and_exp></and_exp></or_exp>
</condition>

<Node id="48" bw="1" op_0_bw="1" op_1_bw="1">
<![CDATA[
codeRepl:40 %and_ln952 = and i1 %a, i1 %xor_ln952

]]></Node>
<StgValue><ssdm name="and_ln952"/></StgValue>
</operation>
</state>

<state id="9" st_id="9">

<operation id="63" st_id="9" stage="1" lat="1">
<core>NULL</core>
<MemPortIdVec></MemPortIdVec>
<condition id="-1">
<or_exp><and_exp></and_exp></or_exp>
</condition>

<Node id="40" bw="64" op_0_bw="24">
<![CDATA[
codeRepl:32 %zext_ln960 = zext i24 %m_5

]]></Node>
<StgValue><ssdm name="zext_ln960"/></StgValue>
</operation>

<operation id="64" st_id="9" stage="1" lat="1">
<core>Adder</core>
<MemPortIdVec></MemPortIdVec>
<condition id="-1">
<or_exp><and_exp><literal name="icmp_ln961" val="0"/>
</and_exp></or_exp>
</condition>

<Node id="42" bw="32" op_0_bw="32" op_1_bw="32">
<![CDATA[
codeRepl:34 %sub_ln962 = sub i32 54, i32 %sub_ln947

]]></Node>
<StgValue><ssdm name="sub_ln962"/></StgValue>
</operation>

<operation id="65" st_id="9" stage="1" lat="1">
<core>NULL</core>
<MemPortIdVec></MemPortIdVec>
<condition id="-1">
<or_exp><and_exp><literal name="icmp_ln961" val="0"/>
</and_exp></or_exp>
</condition>

<Node id="43" bw="64" op_0_bw="32">
<![CDATA[
codeRepl:35 %zext_ln962 = zext i32 %sub_ln962

]]></Node>
<StgValue><ssdm name="zext_ln962"/></StgValue>
</operation>

<operation id="66" st_id="9" stage="1" lat="1">
<core>Shifter</core>
<MemPortIdVec></MemPortIdVec>
<condition id="-1">
<or_exp><and_exp><literal name="icmp_ln961" val="0"/>
</and_exp></or_exp>
</condition>

<Node id="44" bw="64" op_0_bw="64" op_1_bw="64">
<![CDATA[
codeRepl:36 %shl_ln962 = shl i64 %zext_ln960, i64 %zext_ln962

]]></Node>
<StgValue><ssdm name="shl_ln962"/></StgValue>
</operation>

<operation id="67" st_id="9" stage="1" lat="1">
<core>Adder</core>
<MemPortIdVec></MemPortIdVec>
<condition id="-1">
<or_exp><and_exp><literal name="icmp_ln961" val="1"/>
</and_exp></or_exp>
</condition>

<Node id="45" bw="32" op_0_bw="32" op_1_bw="32">
<![CDATA[
codeRepl:37 %add_ln961 = add i32 %sub_ln947, i32 4294967242

]]></Node>
<StgValue><ssdm name="add_ln961"/></StgValue>
</operation>

<operation id="68" st_id="9" stage="1" lat="1">
<core>NULL</core>
<MemPortIdVec></MemPortIdVec>
<condition id="-1">
<or_exp><and_exp><literal name="icmp_ln961" val="1"/>
</and_exp></or_exp>
</condition>

<Node id="46" bw="64" op_0_bw="32">
<![CDATA[
codeRepl:38 %zext_ln961 = zext i32 %add_ln961

]]></Node>
<StgValue><ssdm name="zext_ln961"/></StgValue>
</operation>

<operation id="69" st_id="9" stage="1" lat="1">
<core>Shifter</core>
<MemPortIdVec></MemPortIdVec>
<condition id="-1">
<or_exp><and_exp><literal name="icmp_ln961" val="1"/>
</and_exp></or_exp>
</condition>

<Node id="47" bw="64" op_0_bw="64" op_1_bw="64">
<![CDATA[
codeRepl:39 %lshr_ln961 = lshr i64 %zext_ln960, i64 %zext_ln961

]]></Node>
<StgValue><ssdm name="lshr_ln961"/></StgValue>
</operation>

<operation id="70" st_id="9" stage="1" lat="1">
<core>Sel</core>
<MemPortIdVec></MemPortIdVec>
<condition id="-1">
<or_exp><and_exp></and_exp></or_exp>
</condition>

<Node id="49" bw="64" op_0_bw="1" op_1_bw="64" op_2_bw="64">
<![CDATA[
codeRepl:41 %m = select i1 %icmp_ln961, i64 %lshr_ln961, i64 %shl_ln962

]]></Node>
<StgValue><ssdm name="m"/></StgValue>
</operation>

<operation id="71" st_id="9" stage="1" lat="1">
<core>NULL</core>
<MemPortIdVec></MemPortIdVec>
<condition id="-1">
<or_exp><and_exp></and_exp></or_exp>
</condition>

<Node id="50" bw="64" op_0_bw="1">
<![CDATA[
codeRepl:42 %zext_ln964 = zext i1 %and_ln952

]]></Node>
<StgValue><ssdm name="zext_ln964"/></StgValue>
</operation>

<operation id="72" st_id="9" stage="1" lat="1">
<core>Adder</core>
<MemPortIdVec></MemPortIdVec>
<condition id="-1">
<or_exp><and_exp></and_exp></or_exp>
</condition>

<Node id="51" bw="64" op_0_bw="64" op_1_bw="64">
<![CDATA[
codeRepl:43 %m_2 = add i64 %m, i64 %zext_ln964

]]></Node>
<StgValue><ssdm name="m_2"/></StgValue>
</operation>

<operation id="73" st_id="9" stage="1" lat="1">
<core>NULL</core>
<MemPortIdVec></MemPortIdVec>
<condition id="-1">
<or_exp><and_exp></and_exp></or_exp>
</condition>

<Node id="52" bw="63" op_0_bw="63" op_1_bw="64" op_2_bw="32" op_3_bw="32">
<![CDATA[
codeRepl:44 %m_6 = partselect i63 @_ssdm_op_PartSelect.i63.i64.i32.i32, i64 %m_2, i32 1, i32 63

]]></Node>
<StgValue><ssdm name="m_6"/></StgValue>
</operation>

<operation id="74" st_id="9" stage="1" lat="1">
<core>NULL</core>
<MemPortIdVec></MemPortIdVec>
<condition id="-1">
<or_exp><and_exp></and_exp></or_exp>
</condition>

<Node id="54" bw="1" op_0_bw="1" op_1_bw="64" op_2_bw="32">
<![CDATA[
codeRepl:46 %p_Result_5 = bitselect i1 @_ssdm_op_BitSelect.i1.i64.i32, i64 %m_2, i32 54

]]></Node>
<StgValue><ssdm name="p_Result_5"/></StgValue>
</operation>

<operation id="75" st_id="9" stage="1" lat="1">
<core>NULL</core>
<MemPortIdVec></MemPortIdVec>
<condition id="-1">
<or_exp><and_exp></and_exp></or_exp>
</condition>

<Node id="62" bw="52" op_0_bw="52" op_1_bw="64" op_2_bw="32" op_3_bw="32">
<![CDATA[
codeRepl:54 %trunc_ln3 = partselect i52 @_ssdm_op_PartSelect.i52.i64.i32.i32, i64 %m_2, i32 1, i32 52

]]></Node>
<StgValue><ssdm name="trunc_ln3"/></StgValue>
</operation>
</state>

<state id="10" st_id="10">

<operation id="76" st_id="10" stage="1" lat="1">
<core>NULL</core>
<MemPortIdVec></MemPortIdVec>
<condition id="-1">
<or_exp><and_exp></and_exp></or_exp>
</condition>

<Node id="53" bw="64" op_0_bw="63">
<![CDATA[
codeRepl:45 %zext_ln965 = zext i63 %m_6

]]></Node>
<StgValue><ssdm name="zext_ln965"/></StgValue>
</operation>

<operation id="77" st_id="10" stage="1" lat="1">
<core>Sel</core>
<MemPortIdVec></MemPortIdVec>
<condition id="-1">
<or_exp><and_exp></and_exp></or_exp>
</condition>

<Node id="55" bw="11" op_0_bw="1" op_1_bw="11" op_2_bw="11">
<![CDATA[
codeRepl:47 %select_ln946 = select i1 %p_Result_5, i11 1023, i11 1022

]]></Node>
<StgValue><ssdm name="select_ln946"/></StgValue>
</operation>

<operation id="78" st_id="10" stage="1" lat="1">
<core>TAddSub</core>
<MemPortIdVec></MemPortIdVec>
<condition id="-1">
<or_exp><and_exp></and_exp></or_exp>
</condition>

<Node id="57" bw="11" op_0_bw="11" op_1_bw="11">
<![CDATA[
codeRepl:49 %sub_ln968 = sub i11 10, i11 %trunc_ln946

]]></Node>
<StgValue><ssdm name="sub_ln968"/></StgValue>
</operation>

<operation id="79" st_id="10" stage="1" lat="1">
<core>TAddSub</core>
<MemPortIdVec></MemPortIdVec>
<condition id="-1">
<or_exp><and_exp></and_exp></or_exp>
</condition>

<Node id="58" bw="11" op_0_bw="11" op_1_bw="11">
<![CDATA[
codeRepl:50 %add_ln968 = add i11 %sub_ln968, i11 %select_ln946

]]></Node>
<StgValue><ssdm name="add_ln968"/></StgValue>
</operation>

<operation id="80" st_id="10" stage="1" lat="1">
<core>NULL</core>
<MemPortIdVec></MemPortIdVec>
<condition id="-1">
<or_exp><and_exp></and_exp></or_exp>
</condition>

<Node id="59" bw="12" op_0_bw="12" op_1_bw="1" op_2_bw="11">
<![CDATA[
codeRepl:51 %tmp = bitconcatenate i12 @_ssdm_op_BitConcatenate.i12.i1.i11, i1 %p_Result_7, i11 %add_ln968

]]></Node>
<StgValue><ssdm name="tmp"/></StgValue>
</operation>

<operation id="81" st_id="10" stage="1" lat="1">
<core>NULL</core>
<MemPortIdVec></MemPortIdVec>
<condition id="-1">
<or_exp><and_exp></and_exp></or_exp>
</condition>

<Node id="60" bw="64" op_0_bw="64" op_1_bw="64" op_2_bw="12" op_3_bw="32" op_4_bw="32">
<![CDATA[
codeRepl:52 %p_Result_9 = partset i64 @_ssdm_op_PartSet.i64.i64.i12.i32.i32, i64 %zext_ln965, i12 %tmp, i32 52, i32 63

]]></Node>
<StgValue><ssdm name="p_Result_9"/></StgValue>
</operation>

<operation id="82" st_id="10" stage="1" lat="1">
<core>Cmp</core>
<MemPortIdVec></MemPortIdVec>
<condition id="-1">
<or_exp><and_exp></and_exp></or_exp>
</condition>

<Node id="63" bw="1" op_0_bw="11" op_1_bw="11">
<![CDATA[
codeRepl:55 %icmp_ln1559 = icmp_ne  i11 %add_ln968, i11 2047

]]></Node>
<StgValue><ssdm name="icmp_ln1559"/></StgValue>
</operation>

<operation id="83" st_id="10" stage="1" lat="1">
<core>Cmp</core>
<MemPortIdVec></MemPortIdVec>
<condition id="-1">
<or_exp><and_exp></and_exp></or_exp>
</condition>

<Node id="64" bw="1" op_0_bw="52" op_1_bw="52">
<![CDATA[
codeRepl:56 %icmp_ln1559_1 = icmp_eq  i52 %trunc_ln3, i52 0

]]></Node>
<StgValue><ssdm name="icmp_ln1559_1"/></StgValue>
</operation>
</state>

<state id="11" st_id="11">

<operation id="84" st_id="11" stage="1" lat="1">
<core>NULL</core>
<MemPortIdVec></MemPortIdVec>
<condition id="-1">
<or_exp><and_exp></and_exp></or_exp>
</condition>

<Node id="61" bw="64" op_0_bw="64">
<![CDATA[
codeRepl:53 %bitcast_ln746 = bitcast i64 %p_Result_9

]]></Node>
<StgValue><ssdm name="bitcast_ln746"/></StgValue>
</operation>

<operation id="85" st_id="11" stage="2" lat="2">
<core>DCompare</core>
<MemPortIdVec></MemPortIdVec>
<condition id="-1">
<or_exp><and_exp></and_exp></or_exp>
</condition>

<Node id="66" bw="1" op_0_bw="64" op_1_bw="64">
<![CDATA[
codeRepl:58 %tmp_1 = fcmp_olt  i64 %bitcast_ln746, i64 0.001

]]></Node>
<StgValue><ssdm name="tmp_1"/></StgValue>
</operation>
</state>

<state id="12" st_id="12">

<operation id="86" st_id="12" stage="1" lat="1">
<core>Cmp</core>
<MemPortIdVec></MemPortIdVec>
<condition id="-1">
<or_exp><and_exp></and_exp></or_exp>
</condition>

<Node id="16" bw="1" op_0_bw="24" op_1_bw="24">
<![CDATA[
codeRepl:8 %icmp_ln938 = icmp_eq  i24 %sum_V_loc_load, i24 0

]]></Node>
<StgValue><ssdm name="icmp_ln938"/></StgValue>
</operation>

<operation id="87" st_id="12" stage="1" lat="1">
<core>LogicGate</core>
<MemPortIdVec></MemPortIdVec>
<condition id="-1">
<or_exp><and_exp></and_exp></or_exp>
</condition>

<Node id="65" bw="1" op_0_bw="1" op_1_bw="1">
<![CDATA[
codeRepl:57 %or_ln1559 = or i1 %icmp_ln1559_1, i1 %icmp_ln1559

]]></Node>
<StgValue><ssdm name="or_ln1559"/></StgValue>
</operation>

<operation id="88" st_id="12" stage="1" lat="2">
<core>DCompare</core>
<MemPortIdVec></MemPortIdVec>
<condition id="-1">
<or_exp><and_exp></and_exp></or_exp>
</condition>

<Node id="66" bw="1" op_0_bw="64" op_1_bw="64">
<![CDATA[
codeRepl:58 %tmp_1 = fcmp_olt  i64 %bitcast_ln746, i64 0.001

]]></Node>
<StgValue><ssdm name="tmp_1"/></StgValue>
</operation>

<operation id="89" st_id="12" stage="1" lat="1">
<core>LogicGate</core>
<MemPortIdVec></MemPortIdVec>
<condition id="-1">
<or_exp><and_exp></and_exp></or_exp>
</condition>

<Node id="67" bw="1" op_0_bw="1" op_1_bw="1">
<![CDATA[
codeRepl:59 %and_ln1559 = and i1 %or_ln1559, i1 %tmp_1

]]></Node>
<StgValue><ssdm name="and_ln1559"/></StgValue>
</operation>

<operation id="90" st_id="12" stage="1" lat="1">
<core>LogicGate</core>
<MemPortIdVec></MemPortIdVec>
<condition id="-1">
<or_exp><and_exp></and_exp></or_exp>
</condition>

<Node id="68" bw="1" op_0_bw="1" op_1_bw="1">
<![CDATA[
codeRepl:60 %or_ln1559_1 = or i1 %icmp_ln938, i1 %and_ln1559

]]></Node>
<StgValue><ssdm name="or_ln1559_1"/></StgValue>
</operation>

<operation id="91" st_id="12" stage="1" lat="1">
<core>Sel</core>
<MemPortIdVec></MemPortIdVec>
<condition id="-1">
<or_exp><and_exp></and_exp></or_exp>
</condition>

<Node id="69" bw="24" op_0_bw="1" op_1_bw="24" op_2_bw="24">
<![CDATA[
codeRepl:61 %sum_V = select i1 %or_ln1559_1, i24 16, i24 %sum_V_loc_load

]]></Node>
<StgValue><ssdm name="sum_V"/></StgValue>
</operation>
</state>

<state id="13" st_id="13">

<operation id="92" st_id="13" stage="12" lat="12">
<core></core>
<MemPortIdVec></MemPortIdVec>
<condition id="-1">
<or_exp><and_exp></and_exp></or_exp>
</condition>

<Node id="70" bw="24" op_0_bw="24" op_1_bw="24" op_2_bw="6" op_3_bw="22" op_4_bw="18">
<![CDATA[
codeRepl:62 %temp = call i24 @log<24, 10>, i24 %sum_V, i6 %log_apfixed_reduce_log_inverse_lut_table_array_V, i22 %log_apfixed_reduce_log0_lut_table_ap_fixed_29_7_ap_q_mode_5_ap_o_mode_3_0_0_5_64_array_V, i18 %log_apfixed_reduce_log_lut_table_ap_fixed_29_7_ap_q_mode_5_ap_o_mode_3_0_4_4_16_array_V

]]></Node>
<StgValue><ssdm name="temp"/></StgValue>
</operation>
</state>

<state id="14" st_id="14">

<operation id="93" st_id="14" stage="11" lat="12">
<core></core>
<MemPortIdVec></MemPortIdVec>
<condition id="-1">
<or_exp><and_exp></and_exp></or_exp>
</condition>

<Node id="70" bw="24" op_0_bw="24" op_1_bw="24" op_2_bw="6" op_3_bw="22" op_4_bw="18">
<![CDATA[
codeRepl:62 %temp = call i24 @log<24, 10>, i24 %sum_V, i6 %log_apfixed_reduce_log_inverse_lut_table_array_V, i22 %log_apfixed_reduce_log0_lut_table_ap_fixed_29_7_ap_q_mode_5_ap_o_mode_3_0_0_5_64_array_V, i18 %log_apfixed_reduce_log_lut_table_ap_fixed_29_7_ap_q_mode_5_ap_o_mode_3_0_4_4_16_array_V

]]></Node>
<StgValue><ssdm name="temp"/></StgValue>
</operation>
</state>

<state id="15" st_id="15">

<operation id="94" st_id="15" stage="10" lat="12">
<core></core>
<MemPortIdVec></MemPortIdVec>
<condition id="-1">
<or_exp><and_exp></and_exp></or_exp>
</condition>

<Node id="70" bw="24" op_0_bw="24" op_1_bw="24" op_2_bw="6" op_3_bw="22" op_4_bw="18">
<![CDATA[
codeRepl:62 %temp = call i24 @log<24, 10>, i24 %sum_V, i6 %log_apfixed_reduce_log_inverse_lut_table_array_V, i22 %log_apfixed_reduce_log0_lut_table_ap_fixed_29_7_ap_q_mode_5_ap_o_mode_3_0_0_5_64_array_V, i18 %log_apfixed_reduce_log_lut_table_ap_fixed_29_7_ap_q_mode_5_ap_o_mode_3_0_4_4_16_array_V

]]></Node>
<StgValue><ssdm name="temp"/></StgValue>
</operation>
</state>

<state id="16" st_id="16">

<operation id="95" st_id="16" stage="9" lat="12">
<core></core>
<MemPortIdVec></MemPortIdVec>
<condition id="-1">
<or_exp><and_exp></and_exp></or_exp>
</condition>

<Node id="70" bw="24" op_0_bw="24" op_1_bw="24" op_2_bw="6" op_3_bw="22" op_4_bw="18">
<![CDATA[
codeRepl:62 %temp = call i24 @log<24, 10>, i24 %sum_V, i6 %log_apfixed_reduce_log_inverse_lut_table_array_V, i22 %log_apfixed_reduce_log0_lut_table_ap_fixed_29_7_ap_q_mode_5_ap_o_mode_3_0_0_5_64_array_V, i18 %log_apfixed_reduce_log_lut_table_ap_fixed_29_7_ap_q_mode_5_ap_o_mode_3_0_4_4_16_array_V

]]></Node>
<StgValue><ssdm name="temp"/></StgValue>
</operation>
</state>

<state id="17" st_id="17">

<operation id="96" st_id="17" stage="8" lat="12">
<core></core>
<MemPortIdVec></MemPortIdVec>
<condition id="-1">
<or_exp><and_exp></and_exp></or_exp>
</condition>

<Node id="70" bw="24" op_0_bw="24" op_1_bw="24" op_2_bw="6" op_3_bw="22" op_4_bw="18">
<![CDATA[
codeRepl:62 %temp = call i24 @log<24, 10>, i24 %sum_V, i6 %log_apfixed_reduce_log_inverse_lut_table_array_V, i22 %log_apfixed_reduce_log0_lut_table_ap_fixed_29_7_ap_q_mode_5_ap_o_mode_3_0_0_5_64_array_V, i18 %log_apfixed_reduce_log_lut_table_ap_fixed_29_7_ap_q_mode_5_ap_o_mode_3_0_4_4_16_array_V

]]></Node>
<StgValue><ssdm name="temp"/></StgValue>
</operation>
</state>

<state id="18" st_id="18">

<operation id="97" st_id="18" stage="7" lat="12">
<core></core>
<MemPortIdVec></MemPortIdVec>
<condition id="-1">
<or_exp><and_exp></and_exp></or_exp>
</condition>

<Node id="70" bw="24" op_0_bw="24" op_1_bw="24" op_2_bw="6" op_3_bw="22" op_4_bw="18">
<![CDATA[
codeRepl:62 %temp = call i24 @log<24, 10>, i24 %sum_V, i6 %log_apfixed_reduce_log_inverse_lut_table_array_V, i22 %log_apfixed_reduce_log0_lut_table_ap_fixed_29_7_ap_q_mode_5_ap_o_mode_3_0_0_5_64_array_V, i18 %log_apfixed_reduce_log_lut_table_ap_fixed_29_7_ap_q_mode_5_ap_o_mode_3_0_4_4_16_array_V

]]></Node>
<StgValue><ssdm name="temp"/></StgValue>
</operation>
</state>

<state id="19" st_id="19">

<operation id="98" st_id="19" stage="6" lat="12">
<core></core>
<MemPortIdVec></MemPortIdVec>
<condition id="-1">
<or_exp><and_exp></and_exp></or_exp>
</condition>

<Node id="70" bw="24" op_0_bw="24" op_1_bw="24" op_2_bw="6" op_3_bw="22" op_4_bw="18">
<![CDATA[
codeRepl:62 %temp = call i24 @log<24, 10>, i24 %sum_V, i6 %log_apfixed_reduce_log_inverse_lut_table_array_V, i22 %log_apfixed_reduce_log0_lut_table_ap_fixed_29_7_ap_q_mode_5_ap_o_mode_3_0_0_5_64_array_V, i18 %log_apfixed_reduce_log_lut_table_ap_fixed_29_7_ap_q_mode_5_ap_o_mode_3_0_4_4_16_array_V

]]></Node>
<StgValue><ssdm name="temp"/></StgValue>
</operation>
</state>

<state id="20" st_id="20">

<operation id="99" st_id="20" stage="5" lat="12">
<core></core>
<MemPortIdVec></MemPortIdVec>
<condition id="-1">
<or_exp><and_exp></and_exp></or_exp>
</condition>

<Node id="70" bw="24" op_0_bw="24" op_1_bw="24" op_2_bw="6" op_3_bw="22" op_4_bw="18">
<![CDATA[
codeRepl:62 %temp = call i24 @log<24, 10>, i24 %sum_V, i6 %log_apfixed_reduce_log_inverse_lut_table_array_V, i22 %log_apfixed_reduce_log0_lut_table_ap_fixed_29_7_ap_q_mode_5_ap_o_mode_3_0_0_5_64_array_V, i18 %log_apfixed_reduce_log_lut_table_ap_fixed_29_7_ap_q_mode_5_ap_o_mode_3_0_4_4_16_array_V

]]></Node>
<StgValue><ssdm name="temp"/></StgValue>
</operation>
</state>

<state id="21" st_id="21">

<operation id="100" st_id="21" stage="4" lat="12">
<core></core>
<MemPortIdVec></MemPortIdVec>
<condition id="-1">
<or_exp><and_exp></and_exp></or_exp>
</condition>

<Node id="70" bw="24" op_0_bw="24" op_1_bw="24" op_2_bw="6" op_3_bw="22" op_4_bw="18">
<![CDATA[
codeRepl:62 %temp = call i24 @log<24, 10>, i24 %sum_V, i6 %log_apfixed_reduce_log_inverse_lut_table_array_V, i22 %log_apfixed_reduce_log0_lut_table_ap_fixed_29_7_ap_q_mode_5_ap_o_mode_3_0_0_5_64_array_V, i18 %log_apfixed_reduce_log_lut_table_ap_fixed_29_7_ap_q_mode_5_ap_o_mode_3_0_4_4_16_array_V

]]></Node>
<StgValue><ssdm name="temp"/></StgValue>
</operation>
</state>

<state id="22" st_id="22">

<operation id="101" st_id="22" stage="3" lat="12">
<core></core>
<MemPortIdVec></MemPortIdVec>
<condition id="-1">
<or_exp><and_exp></and_exp></or_exp>
</condition>

<Node id="70" bw="24" op_0_bw="24" op_1_bw="24" op_2_bw="6" op_3_bw="22" op_4_bw="18">
<![CDATA[
codeRepl:62 %temp = call i24 @log<24, 10>, i24 %sum_V, i6 %log_apfixed_reduce_log_inverse_lut_table_array_V, i22 %log_apfixed_reduce_log0_lut_table_ap_fixed_29_7_ap_q_mode_5_ap_o_mode_3_0_0_5_64_array_V, i18 %log_apfixed_reduce_log_lut_table_ap_fixed_29_7_ap_q_mode_5_ap_o_mode_3_0_4_4_16_array_V

]]></Node>
<StgValue><ssdm name="temp"/></StgValue>
</operation>
</state>

<state id="23" st_id="23">

<operation id="102" st_id="23" stage="2" lat="12">
<core></core>
<MemPortIdVec></MemPortIdVec>
<condition id="-1">
<or_exp><and_exp></and_exp></or_exp>
</condition>

<Node id="70" bw="24" op_0_bw="24" op_1_bw="24" op_2_bw="6" op_3_bw="22" op_4_bw="18">
<![CDATA[
codeRepl:62 %temp = call i24 @log<24, 10>, i24 %sum_V, i6 %log_apfixed_reduce_log_inverse_lut_table_array_V, i22 %log_apfixed_reduce_log0_lut_table_ap_fixed_29_7_ap_q_mode_5_ap_o_mode_3_0_0_5_64_array_V, i18 %log_apfixed_reduce_log_lut_table_ap_fixed_29_7_ap_q_mode_5_ap_o_mode_3_0_4_4_16_array_V

]]></Node>
<StgValue><ssdm name="temp"/></StgValue>
</operation>
</state>

<state id="24" st_id="24">

<operation id="103" st_id="24" stage="1" lat="12">
<core></core>
<MemPortIdVec></MemPortIdVec>
<condition id="-1">
<or_exp><and_exp></and_exp></or_exp>
</condition>

<Node id="70" bw="24" op_0_bw="24" op_1_bw="24" op_2_bw="6" op_3_bw="22" op_4_bw="18">
<![CDATA[
codeRepl:62 %temp = call i24 @log<24, 10>, i24 %sum_V, i6 %log_apfixed_reduce_log_inverse_lut_table_array_V, i22 %log_apfixed_reduce_log0_lut_table_ap_fixed_29_7_ap_q_mode_5_ap_o_mode_3_0_0_5_64_array_V, i18 %log_apfixed_reduce_log_lut_table_ap_fixed_29_7_ap_q_mode_5_ap_o_mode_3_0_4_4_16_array_V

]]></Node>
<StgValue><ssdm name="temp"/></StgValue>
</operation>

<operation id="104" st_id="24" stage="1" lat="1">
<core>Adder</core>
<MemPortIdVec></MemPortIdVec>
<condition id="-1">
<or_exp><and_exp></and_exp></or_exp>
</condition>

<Node id="71" bw="24" op_0_bw="24" op_1_bw="24">
<![CDATA[
codeRepl:63 %add_ln712 = add i24 %temp, i24 %m_V_1_loc_load

]]></Node>
<StgValue><ssdm name="add_ln712"/></StgValue>
</operation>

<operation id="105" st_id="24" stage="2" lat="2">
<core></core>
<MemPortIdVec></MemPortIdVec>
<condition id="-1">
<or_exp><and_exp></and_exp></or_exp>
</condition>

<Node id="72" bw="0" op_0_bw="0" op_1_bw="24" op_2_bw="24" op_3_bw="32" op_4_bw="46" op_5_bw="50" op_6_bw="0" op_7_bw="0">
<![CDATA[
codeRepl:64 %call_ln712 = call void @softmax_Pipeline_softmax_exp, i24 %input_r, i24 %add_ln712, i32 %f_x_msb_3_table_V, i46 %f_x_msb_2_table_V, i50 %exp_x_msb_1_table_V

]]></Node>
<StgValue><ssdm name="call_ln712"/></StgValue>
</operation>
</state>

<state id="25" st_id="25">

<operation id="106" st_id="25" stage="1" lat="2">
<core></core>
<MemPortIdVec></MemPortIdVec>
<condition id="-1">
<or_exp><and_exp></and_exp></or_exp>
</condition>

<Node id="72" bw="0" op_0_bw="0" op_1_bw="24" op_2_bw="24" op_3_bw="32" op_4_bw="46" op_5_bw="50" op_6_bw="0" op_7_bw="0">
<![CDATA[
codeRepl:64 %call_ln712 = call void @softmax_Pipeline_softmax_exp, i24 %input_r, i24 %add_ln712, i32 %f_x_msb_3_table_V, i46 %f_x_msb_2_table_V, i50 %exp_x_msb_1_table_V

]]></Node>
<StgValue><ssdm name="call_ln712"/></StgValue>
</operation>

<operation id="107" st_id="25" stage="1" lat="1">
<core>NULL</core>
<MemPortIdVec></MemPortIdVec>
<condition id="-1">
<or_exp><and_exp></and_exp></or_exp>
</condition>

<Node id="73" bw="0">
<![CDATA[
codeRepl:65 %ret_ln34 = ret

]]></Node>
<StgValue><ssdm name="ret_ln34"/></StgValue>
</operation>
</state>
</state_list>


<ports>
</ports>


<dataflows>
</dataflows>


</stg>
