<profile>

<section name = "Vitis HLS Report for 'softmax'" level="0">
<item name = "Date">Wed May  4 11:56:10 2022
</item>
<item name = "Version">2021.2 (Build 3367213 on Tue Oct 19 02:47:39 MDT 2021)</item>
<item name = "Project">CNN-HLS</item>
<item name = "Solution">solution1 (Vivado IP Flow Target)</item>
<item name = "Product family">zynq</item>
<item name = "Target device">xa7z030-fbg484-1I</item>
</section>

<section name = "Performance Estimates" level="0">
<item name = "Timing">
<section name = "" level="1">
<item name = "Summary"><table name="" hasTotal="0">
<keys size="4">Clock, Target, Estimated, Uncertainty</keys>
<column name="ap_clk">10.00 ns, 7.188 ns, 2.70 ns</column>
</table>
</item>
</section>
</item>
<item name = "Latency">
<section name = "" level="1">
<item name = "Summary"><table name="" hasTotal="0">
<keys size="8">, min, max, min, max, min, max, Type</keys>
<column name="">90, 90, 0.900 us, 0.900 us, 90, 90, no</column>
</table>
</item>
<item name = "Detail">
<section name = "" level="1">
<item name = "Instance"><table name="" hasTotal="0">
<keys size="9">Instance, Module, min, max, min, max, min, max, Type</keys>
<column name="grp_softmax_Pipeline_VITIS_LOOP_15_1_fu_120">softmax_Pipeline_VITIS_LOOP_15_1, 12, 12, 0.120 us, 0.120 us, 12, 12, no</column>
<column name="grp_softmax_Pipeline_softmax_sum_fu_128">softmax_Pipeline_softmax_sum, 27, 27, 0.270 us, 0.270 us, 27, 27, no</column>
<column name="grp_log_24_10_s_fu_142">log_24_10_s, 11, 11, 0.110 us, 0.110 us, 1, 1, yes</column>
<column name="grp_softmax_Pipeline_softmax_exp_fu_153">softmax_Pipeline_softmax_exp, 27, 27, 0.270 us, 0.270 us, 27, 27, no</column>
</table>
</item>
<item name = "Loop"><table name="" hasTotal="0">
<keys size="8">Loop Name, min, max, Latency, achieved, target, Count, Pipelined</keys>
</table>
</item>
</section>
</item>
</section>
</item>
</section>

<section name = "Utilization Estimates" level="0">
<item name = "Summary"><table name="" hasTotal="1">
<keys size="6">Name, BRAM_18K, DSP, FF, LUT, URAM</keys>
<column name="DSP">-, -, -, -, -</column>
<column name="Expression">-, -, 0, 1046, -</column>
<column name="FIFO">-, -, -, -, -</column>
<column name="Instance">6, 11, 2919, 2471, -</column>
<column name="Memory">-, -, -, -, -</column>
<column name="Multiplexer">-, -, -, 213, -</column>
<column name="Register">-, -, 382, -, -</column>
<specialColumn name="Available">530, 400, 157200, 78600, 0</specialColumn>
<specialColumn name="Utilization (%)">1, 2, 2, 4, 0</specialColumn>
</table>
</item>
<item name = "Detail">
<section name = "" level="1">
<item name = "Instance"><table name="" hasTotal="1">
<keys size="7">Instance, Module, BRAM_18K, DSP, FF, LUT, URAM</keys>
<column name="dcmp_64ns_64ns_1_2_no_dsp_1_U93">dcmp_64ns_64ns_1_2_no_dsp_1, 0, 0, 0, 0, 0</column>
<column name="grp_exp_24_10_s_fu_624">exp_24_10_s, 5, 8, 1588, 770, 0</column>
<column name="grp_log_24_10_s_fu_142">log_24_10_s, 1, 3, 1019, 1307, 0</column>
<column name="grp_softmax_Pipeline_VITIS_LOOP_15_1_fu_120">softmax_Pipeline_VITIS_LOOP_15_1, 0, 0, 31, 108, 0</column>
<column name="grp_softmax_Pipeline_softmax_exp_fu_153">softmax_Pipeline_softmax_exp, 0, 0, 130, 123, 0</column>
<column name="grp_softmax_Pipeline_softmax_sum_fu_128">softmax_Pipeline_softmax_sum, 0, 0, 151, 163, 0</column>
</table>
</item>
<item name = "DSP"><table name="" hasTotal="0">
<keys size="3">Instance, Module, Expression</keys>
</table>
</item>
<item name = "Memory"><table name="" hasTotal="1">
<keys size="10">Memory, Module, BRAM_18K, FF, LUT, URAM, Words, Bits, Banks, W*Bits*Banks</keys>
</table>
</item>
<item name = "FIFO"><table name="" hasTotal="1">
<keys size="8">Name, BRAM_18K, FF, LUT, URAM, Depth, Bits, Size:D*B</keys>
</table>
</item>
<item name = "Expression"><table name="" hasTotal="1">
<keys size="7">Variable Name, Operation, DSP, FF, LUT, Bitwidth P0, Bitwidth P1</keys>
<column name="add_ln712_fu_501_p2">+, 0, 0, 31, 24, 24</column>
<column name="add_ln952_fu_311_p2">+, 0, 0, 31, 24, 7</column>
<column name="add_ln961_fu_359_p2">+, 0, 0, 39, 32, 7</column>
<column name="add_ln968_fu_433_p2">+, 0, 0, 11, 11, 11</column>
<column name="lsb_index_fu_244_p2">+, 0, 0, 39, 32, 7</column>
<column name="m_2_fu_384_p2">+, 0, 0, 71, 64, 64</column>
<column name="sub_ln947_fu_226_p2">-, 0, 0, 39, 5, 32</column>
<column name="sub_ln950_fu_265_p2">-, 0, 0, 13, 4, 5</column>
<column name="sub_ln962_fu_344_p2">-, 0, 0, 39, 6, 32</column>
<column name="sub_ln968_fu_428_p2">-, 0, 0, 11, 4, 11</column>
<column name="tmp_V_fu_186_p2">-, 0, 0, 31, 1, 24</column>
<column name="and_ln1559_fu_482_p2">and, 0, 0, 2, 1, 1</column>
<column name="and_ln949_fu_305_p2">and, 0, 0, 2, 1, 1</column>
<column name="and_ln952_fu_335_p2">and, 0, 0, 2, 1, 1</column>
<column name="p_Result_4_fu_280_p2">and, 0, 0, 24, 24, 24</column>
<column name="icmp_ln1559_1_fu_464_p2">icmp, 0, 0, 24, 52, 1</column>
<column name="icmp_ln1559_fu_458_p2">icmp, 0, 0, 11, 11, 2</column>
<column name="icmp_ln938_fu_473_p2">icmp, 0, 0, 15, 24, 1</column>
<column name="icmp_ln949_fu_259_p2">icmp, 0, 0, 17, 31, 1</column>
<column name="icmp_ln950_fu_285_p2">icmp, 0, 0, 15, 24, 1</column>
<column name="icmp_ln961_fu_329_p2">icmp, 0, 0, 18, 32, 1</column>
<column name="lshr_ln950_fu_274_p2">lshr, 0, 0, 67, 2, 24</column>
<column name="lshr_ln961_fu_368_p2">lshr, 0, 0, 182, 64, 64</column>
<column name="a_fu_323_p2">or, 0, 0, 2, 1, 1</column>
<column name="or_ln1559_1_fu_488_p2">or, 0, 0, 2, 1, 1</column>
<column name="or_ln1559_fu_478_p2">or, 0, 0, 2, 1, 1</column>
<column name="m_5_fu_192_p3">select, 0, 0, 24, 1, 24</column>
<column name="m_fu_374_p3">select, 0, 0, 64, 1, 64</column>
<column name="select_ln946_fu_421_p3">select, 0, 0, 10, 1, 10</column>
<column name="sum_V_fu_494_p3">select, 0, 0, 24, 1, 5</column>
<column name="shl_ln962_fu_353_p2">shl, 0, 0, 182, 64, 64</column>
<column name="xor_ln952_fu_299_p2">xor, 0, 0, 2, 1, 2</column>
</table>
</item>
<item name = "Multiplexer"><table name="" hasTotal="1">
<keys size="5">Name, LUT, Input Size, Bits, Total Bits</keys>
<column name="ap_NS_fsm">117, 26, 1, 26</column>
<column name="grp_exp_24_10_s_fu_624_ap_start">14, 3, 1, 3</column>
<column name="grp_exp_24_10_s_fu_624_x">14, 3, 24, 72</column>
<column name="input_r_address0">25, 5, 4, 20</column>
<column name="input_r_ce0">25, 5, 1, 5</column>
<column name="input_r_ce1">9, 2, 1, 2</column>
<column name="input_r_we0">9, 2, 1, 2</column>
</table>
</item>
<item name = "Register"><table name="" hasTotal="1">
<keys size="5">Name, FF, LUT, Bits, Const Bits</keys>
<column name="add_ln712_reg_619">24, 0, 24, 0</column>
<column name="and_ln952_reg_574">1, 0, 1, 0</column>
<column name="ap_CS_fsm">25, 0, 25, 0</column>
<column name="grp_log_24_10_s_fu_142_ap_start_reg">1, 0, 1, 0</column>
<column name="grp_softmax_Pipeline_VITIS_LOOP_15_1_fu_120_ap_start_reg">1, 0, 1, 0</column>
<column name="grp_softmax_Pipeline_softmax_exp_fu_153_ap_start_reg">1, 0, 1, 0</column>
<column name="grp_softmax_Pipeline_softmax_sum_fu_128_ap_start_reg">1, 0, 1, 0</column>
<column name="icmp_ln1559_1_reg_604">1, 0, 1, 0</column>
<column name="icmp_ln1559_reg_599">1, 0, 1, 0</column>
<column name="icmp_ln961_reg_569">1, 0, 1, 0</column>
<column name="m_5_reg_540">24, 0, 24, 0</column>
<column name="m_6_reg_579">63, 0, 63, 0</column>
<column name="m_V_reg_524">24, 0, 24, 0</column>
<column name="p_Result_5_reg_584">1, 0, 1, 0</column>
<column name="p_Result_7_reg_535">1, 0, 1, 0</column>
<column name="p_Result_9_reg_594">64, 0, 64, 0</column>
<column name="sub_ln947_reg_547">32, 0, 32, 0</column>
<column name="sum_V_reg_614">24, 0, 24, 0</column>
<column name="trunc_ln3_reg_589">52, 0, 52, 0</column>
<column name="trunc_ln946_reg_564">11, 0, 11, 0</column>
<column name="trunc_ln947_reg_554">24, 0, 24, 0</column>
<column name="trunc_ln950_reg_559">5, 0, 5, 0</column>
</table>
</item>
</section>
</item>
</section>

<section name = "Interface" level="0">
<item name = "Summary"><table name="" hasTotal="0">
<keys size="6">RTL Ports, Dir, Bits, Protocol, Source Object, C Type</keys>
<column name="ap_clk">in, 1, ap_ctrl_hs, softmax, return value</column>
<column name="ap_rst">in, 1, ap_ctrl_hs, softmax, return value</column>
<column name="ap_start">in, 1, ap_ctrl_hs, softmax, return value</column>
<column name="ap_done">out, 1, ap_ctrl_hs, softmax, return value</column>
<column name="ap_idle">out, 1, ap_ctrl_hs, softmax, return value</column>
<column name="ap_ready">out, 1, ap_ctrl_hs, softmax, return value</column>
<column name="input_r_address0">out, 4, ap_memory, input_r, array</column>
<column name="input_r_ce0">out, 1, ap_memory, input_r, array</column>
<column name="input_r_we0">out, 1, ap_memory, input_r, array</column>
<column name="input_r_d0">out, 24, ap_memory, input_r, array</column>
<column name="input_r_q0">in, 24, ap_memory, input_r, array</column>
<column name="input_r_address1">out, 4, ap_memory, input_r, array</column>
<column name="input_r_ce1">out, 1, ap_memory, input_r, array</column>
<column name="input_r_q1">in, 24, ap_memory, input_r, array</column>
</table>
</item>
</section>
</profile>
