<stg><name>softmax_Pipeline_softmax_exp</name>


<trans_list>

<trans id="94" from="1" to="2">
<condition id="-1">
<or_exp><and_exp></and_exp></or_exp>
</condition>
</trans>

<trans id="77" from="2" to="3">
<condition id="-1">
<or_exp><and_exp></and_exp></or_exp>
</condition>
</trans>

<trans id="78" from="3" to="4">
<condition id="-1">
<or_exp><and_exp></and_exp></or_exp>
</condition>
</trans>

<trans id="79" from="4" to="5">
<condition id="-1">
<or_exp><and_exp></and_exp></or_exp>
</condition>
</trans>

<trans id="80" from="5" to="6">
<condition id="-1">
<or_exp><and_exp></and_exp></or_exp>
</condition>
</trans>

<trans id="81" from="6" to="7">
<condition id="-1">
<or_exp><and_exp></and_exp></or_exp>
</condition>
</trans>

<trans id="82" from="7" to="8">
<condition id="-1">
<or_exp><and_exp></and_exp></or_exp>
</condition>
</trans>

<trans id="83" from="8" to="9">
<condition id="-1">
<or_exp><and_exp></and_exp></or_exp>
</condition>
</trans>

<trans id="84" from="9" to="10">
<condition id="-1">
<or_exp><and_exp></and_exp></or_exp>
</condition>
</trans>

<trans id="85" from="10" to="11">
<condition id="-1">
<or_exp><and_exp></and_exp></or_exp>
</condition>
</trans>

<trans id="86" from="11" to="12">
<condition id="-1">
<or_exp><and_exp></and_exp></or_exp>
</condition>
</trans>

<trans id="87" from="12" to="13">
<condition id="-1">
<or_exp><and_exp></and_exp></or_exp>
</condition>
</trans>

<trans id="88" from="13" to="14">
<condition id="-1">
<or_exp><and_exp></and_exp></or_exp>
</condition>
</trans>

<trans id="89" from="14" to="15">
<condition id="-1">
<or_exp><and_exp></and_exp></or_exp>
</condition>
</trans>

<trans id="90" from="15" to="16">
<condition id="-1">
<or_exp><and_exp></and_exp></or_exp>
</condition>
</trans>

<trans id="91" from="16" to="17">
<condition id="-1">
<or_exp><and_exp></and_exp></or_exp>
</condition>
</trans>
</trans_list>



<state_list>

<state id="1" st_id="2">

<operation id="20" st_id="1" stage="1" lat="1">
<core>NULL</core>
<MemPortIdVec></MemPortIdVec>
<condition id="-1">
<or_exp><and_exp></and_exp></or_exp>
</condition>

<Node id="6" bw="4" op_0_bw="32">
<![CDATA[
newFuncRoot:0 %i = alloca i32 1

]]></Node>
<StgValue><ssdm name="i"/></StgValue>
</operation>

<operation id="21" st_id="1" stage="1" lat="1">
<core>NULL</core>
<MemPortIdVec></MemPortIdVec>
<condition id="-1">
<or_exp><and_exp></and_exp></or_exp>
</condition>

<Node id="7" bw="24" op_0_bw="24" op_1_bw="24">
<![CDATA[
newFuncRoot:1 %add_ln712_read = read i24 @_ssdm_op_Read.ap_auto.i24, i24 %add_ln712

]]></Node>
<StgValue><ssdm name="add_ln712_read"/></StgValue>
</operation>

<operation id="22" st_id="1" stage="1" lat="1">
<core>NULL</core>
<MemPortIdVec></MemPortIdVec>
<condition id="-1">
<or_exp><and_exp></and_exp></or_exp>
</condition>

<Node id="8" bw="0" op_0_bw="4" op_1_bw="4">
<![CDATA[
newFuncRoot:2 %store_ln0 = store i4 0, i4 %i

]]></Node>
<StgValue><ssdm name="store_ln0"/></StgValue>
</operation>

<operation id="23" st_id="1" stage="1" lat="1">
<core>NULL</core>
<MemPortIdVec></MemPortIdVec>
<condition id="-1">
<or_exp><and_exp></and_exp></or_exp>
</condition>

<Node id="9" bw="0" op_0_bw="0">
<![CDATA[
newFuncRoot:3 %br_ln0 = br void %_ZN13ap_fixed_baseILi25ELi11ELb1EL9ap_q_mode5EL9ap_o_mode3ELi0EEC2ILi24ELi10ELb1ELS0_0ELS1_3ELi0EEERKS_IXT_EXT0_EXT1_EXT2_EXT3_EXT4_EE.exit.i37

]]></Node>
<StgValue><ssdm name="br_ln0"/></StgValue>
</operation>

<operation id="24" st_id="1" stage="1" lat="1">
<core>NULL</core>
<MemPortIdVec></MemPortIdVec>
<condition id="-1">
<or_exp><and_exp></and_exp></or_exp>
</condition>

<Node id="11" bw="4" op_0_bw="4" op_1_bw="0">
<![CDATA[
_ZN13ap_fixed_baseILi25ELi11ELb1EL9ap_q_mode5EL9ap_o_mode3ELi0EEC2ILi24ELi10ELb1ELS0_0ELS1_3ELi0EEERKS_IXT_EXT0_EXT1_EXT2_EXT3_EXT4_EE.exit.i37:0 %i_2 = load i4 %i

]]></Node>
<StgValue><ssdm name="i_2"/></StgValue>
</operation>

<operation id="25" st_id="1" stage="1" lat="1">
<core>NULL</core>
<MemPortIdVec></MemPortIdVec>
<condition id="-1">
<or_exp><and_exp></and_exp></or_exp>
</condition>

<Node id="12" bw="0" op_0_bw="0" op_1_bw="32" op_2_bw="32" op_3_bw="32" op_4_bw="32" op_5_bw="0">
<![CDATA[
_ZN13ap_fixed_baseILi25ELi11ELb1EL9ap_q_mode5EL9ap_o_mode3ELi0EEC2ILi24ELi10ELb1ELS0_0ELS1_3ELi0EEERKS_IXT_EXT0_EXT1_EXT2_EXT3_EXT4_EE.exit.i37:1 %specpipeline_ln0 = specpipeline void @_ssdm_op_SpecPipeline, i32 4294967295, i32 0, i32 1, i32 0, void @p_str

]]></Node>
<StgValue><ssdm name="specpipeline_ln0"/></StgValue>
</operation>

<operation id="26" st_id="1" stage="1" lat="1">
<core>Cmp</core>
<MemPortIdVec></MemPortIdVec>
<condition id="-1">
<or_exp><and_exp></and_exp></or_exp>
</condition>

<Node id="13" bw="1" op_0_bw="4" op_1_bw="4">
<![CDATA[
_ZN13ap_fixed_baseILi25ELi11ELb1EL9ap_q_mode5EL9ap_o_mode3ELi0EEC2ILi24ELi10ELb1ELS0_0ELS1_3ELi0EEERKS_IXT_EXT0_EXT1_EXT2_EXT3_EXT4_EE.exit.i37:2 %icmp_ln30 = icmp_eq  i4 %i_2, i4 10

]]></Node>
<StgValue><ssdm name="icmp_ln30"/></StgValue>
</operation>

<operation id="27" st_id="1" stage="1" lat="1">
<core>NULL</core>
<MemPortIdVec></MemPortIdVec>
<condition id="-1">
<or_exp><and_exp></and_exp></or_exp>
</condition>

<Node id="14" bw="32" op_0_bw="32" op_1_bw="64" op_2_bw="64" op_3_bw="64">
<![CDATA[
_ZN13ap_fixed_baseILi25ELi11ELb1EL9ap_q_mode5EL9ap_o_mode3ELi0EEC2ILi24ELi10ELb1ELS0_0ELS1_3ELi0EEERKS_IXT_EXT0_EXT1_EXT2_EXT3_EXT4_EE.exit.i37:3 %empty = speclooptripcount i32 @_ssdm_op_SpecLoopTripCount, i64 10, i64 10, i64 10

]]></Node>
<StgValue><ssdm name="empty"/></StgValue>
</operation>

<operation id="28" st_id="1" stage="1" lat="1">
<core>Adder</core>
<MemPortIdVec></MemPortIdVec>
<condition id="-1">
<or_exp><and_exp></and_exp></or_exp>
</condition>

<Node id="15" bw="4" op_0_bw="4" op_1_bw="4">
<![CDATA[
_ZN13ap_fixed_baseILi25ELi11ELb1EL9ap_q_mode5EL9ap_o_mode3ELi0EEC2ILi24ELi10ELb1ELS0_0ELS1_3ELi0EEERKS_IXT_EXT0_EXT1_EXT2_EXT3_EXT4_EE.exit.i37:4 %add_ln30 = add i4 %i_2, i4 1

]]></Node>
<StgValue><ssdm name="add_ln30"/></StgValue>
</operation>

<operation id="29" st_id="1" stage="1" lat="1">
<core>NULL</core>
<MemPortIdVec></MemPortIdVec>
<condition id="-1">
<or_exp><and_exp></and_exp></or_exp>
</condition>

<Node id="16" bw="0" op_0_bw="1" op_1_bw="0" op_2_bw="0">
<![CDATA[
_ZN13ap_fixed_baseILi25ELi11ELb1EL9ap_q_mode5EL9ap_o_mode3ELi0EEC2ILi24ELi10ELb1ELS0_0ELS1_3ELi0EEERKS_IXT_EXT0_EXT1_EXT2_EXT3_EXT4_EE.exit.i37:5 %br_ln30 = br i1 %icmp_ln30, void %_ZN13ap_fixed_baseILi25ELi11ELb1EL9ap_q_mode5EL9ap_o_mode3ELi0EEC2ILi24ELi10ELb1ELS0_0ELS1_3ELi0EEERKS_IXT_EXT0_EXT1_EXT2_EXT3_EXT4_EE.exit.i37.split, void %.exitStub

]]></Node>
<StgValue><ssdm name="br_ln30"/></StgValue>
</operation>

<operation id="30" st_id="1" stage="1" lat="1">
<core>NULL</core>
<MemPortIdVec></MemPortIdVec>
<condition id="-1">
<or_exp><and_exp><literal name="icmp_ln30" val="0"/>
</and_exp></or_exp>
</condition>

<Node id="18" bw="64" op_0_bw="4">
<![CDATA[
_ZN13ap_fixed_baseILi25ELi11ELb1EL9ap_q_mode5EL9ap_o_mode3ELi0EEC2ILi24ELi10ELb1ELS0_0ELS1_3ELi0EEERKS_IXT_EXT0_EXT1_EXT2_EXT3_EXT4_EE.exit.i37.split:0 %i_2_cast = zext i4 %i_2

]]></Node>
<StgValue><ssdm name="i_2_cast"/></StgValue>
</operation>

<operation id="31" st_id="1" stage="1" lat="1">
<core>NULL</core>
<MemPortIdVec></MemPortIdVec>
<condition id="-1">
<or_exp><and_exp><literal name="icmp_ln30" val="0"/>
</and_exp></or_exp>
</condition>

<Node id="20" bw="4" op_0_bw="24" op_1_bw="64" op_2_bw="64">
<![CDATA[
_ZN13ap_fixed_baseILi25ELi11ELb1EL9ap_q_mode5EL9ap_o_mode3ELi0EEC2ILi24ELi10ELb1ELS0_0ELS1_3ELi0EEERKS_IXT_EXT0_EXT1_EXT2_EXT3_EXT4_EE.exit.i37.split:2 %input_addr = getelementptr i24 %input_r, i64 0, i64 %i_2_cast

]]></Node>
<StgValue><ssdm name="input_addr"/></StgValue>
</operation>

<operation id="32" st_id="1" stage="2" lat="2">
<core>RAM</core>
<MemPortIdVec>1 </MemPortIdVec>
<condition id="-1">
<or_exp><and_exp><literal name="icmp_ln30" val="0"/>
</and_exp></or_exp>
</condition>

<Node id="21" bw="24" op_0_bw="4">
<![CDATA[
_ZN13ap_fixed_baseILi25ELi11ELb1EL9ap_q_mode5EL9ap_o_mode3ELi0EEC2ILi24ELi10ELb1ELS0_0ELS1_3ELi0EEERKS_IXT_EXT0_EXT1_EXT2_EXT3_EXT4_EE.exit.i37.split:3 %input_load = load i4 %input_addr

]]></Node>
<StgValue><ssdm name="input_load"/></StgValue>
</operation>

<operation id="33" st_id="1" stage="1" lat="1">
<core>NULL</core>
<MemPortIdVec></MemPortIdVec>
<condition id="-1">
<or_exp><and_exp><literal name="icmp_ln30" val="0"/>
</and_exp></or_exp>
</condition>

<Node id="26" bw="0" op_0_bw="4" op_1_bw="4" op_2_bw="0" op_3_bw="0">
<![CDATA[
_ZN13ap_fixed_baseILi25ELi11ELb1EL9ap_q_mode5EL9ap_o_mode3ELi0EEC2ILi24ELi10ELb1ELS0_0ELS1_3ELi0EEERKS_IXT_EXT0_EXT1_EXT2_EXT3_EXT4_EE.exit.i37.split:8 %store_ln30 = store i4 %add_ln30, i4 %i

]]></Node>
<StgValue><ssdm name="store_ln30"/></StgValue>
</operation>
</state>

<state id="2" st_id="3">

<operation id="34" st_id="2" stage="1" lat="2">
<core>RAM</core>
<MemPortIdVec>1 </MemPortIdVec>
<condition id="-1">
<or_exp><and_exp></and_exp></or_exp>
</condition>

<Node id="21" bw="24" op_0_bw="4">
<![CDATA[
_ZN13ap_fixed_baseILi25ELi11ELb1EL9ap_q_mode5EL9ap_o_mode3ELi0EEC2ILi24ELi10ELb1ELS0_0ELS1_3ELi0EEERKS_IXT_EXT0_EXT1_EXT2_EXT3_EXT4_EE.exit.i37.split:3 %input_load = load i4 %input_addr

]]></Node>
<StgValue><ssdm name="input_load"/></StgValue>
</operation>

<operation id="35" st_id="2" stage="1" lat="1">
<core>Adder</core>
<MemPortIdVec></MemPortIdVec>
<condition id="-1">
<or_exp><and_exp></and_exp></or_exp>
</condition>

<Node id="22" bw="24" op_0_bw="24" op_1_bw="24">
<![CDATA[
_ZN13ap_fixed_baseILi25ELi11ELb1EL9ap_q_mode5EL9ap_o_mode3ELi0EEC2ILi24ELi10ELb1ELS0_0ELS1_3ELi0EEERKS_IXT_EXT0_EXT1_EXT2_EXT3_EXT4_EE.exit.i37.split:4 %x_V = sub i24 %input_load, i24 %add_ln712_read

]]></Node>
<StgValue><ssdm name="x_V"/></StgValue>
</operation>
</state>

<state id="3" st_id="4">

<operation id="36" st_id="3" stage="15" lat="15">
<core></core>
<MemPortIdVec></MemPortIdVec>
<condition id="-1">
<or_exp><and_exp></and_exp></or_exp>
</condition>

<Node id="23" bw="23" op_0_bw="23" op_1_bw="24" op_2_bw="32" op_3_bw="46" op_4_bw="50">
<![CDATA[
_ZN13ap_fixed_baseILi25ELi11ELb1EL9ap_q_mode5EL9ap_o_mode3ELi0EEC2ILi24ELi10ELb1ELS0_0ELS1_3ELi0EEERKS_IXT_EXT0_EXT1_EXT2_EXT3_EXT4_EE.exit.i37.split:5 %op_V_2 = call i23 @exp<24, 10>, i24 %x_V, i32 %f_x_msb_3_table_V, i46 %f_x_msb_2_table_V, i50 %exp_x_msb_1_table_V

]]></Node>
<StgValue><ssdm name="op_V_2"/></StgValue>
</operation>
</state>

<state id="4" st_id="5">

<operation id="37" st_id="4" stage="14" lat="15">
<core></core>
<MemPortIdVec></MemPortIdVec>
<condition id="-1">
<or_exp><and_exp></and_exp></or_exp>
</condition>

<Node id="23" bw="23" op_0_bw="23" op_1_bw="24" op_2_bw="32" op_3_bw="46" op_4_bw="50">
<![CDATA[
_ZN13ap_fixed_baseILi25ELi11ELb1EL9ap_q_mode5EL9ap_o_mode3ELi0EEC2ILi24ELi10ELb1ELS0_0ELS1_3ELi0EEERKS_IXT_EXT0_EXT1_EXT2_EXT3_EXT4_EE.exit.i37.split:5 %op_V_2 = call i23 @exp<24, 10>, i24 %x_V, i32 %f_x_msb_3_table_V, i46 %f_x_msb_2_table_V, i50 %exp_x_msb_1_table_V

]]></Node>
<StgValue><ssdm name="op_V_2"/></StgValue>
</operation>
</state>

<state id="5" st_id="6">

<operation id="38" st_id="5" stage="13" lat="15">
<core></core>
<MemPortIdVec></MemPortIdVec>
<condition id="-1">
<or_exp><and_exp></and_exp></or_exp>
</condition>

<Node id="23" bw="23" op_0_bw="23" op_1_bw="24" op_2_bw="32" op_3_bw="46" op_4_bw="50">
<![CDATA[
_ZN13ap_fixed_baseILi25ELi11ELb1EL9ap_q_mode5EL9ap_o_mode3ELi0EEC2ILi24ELi10ELb1ELS0_0ELS1_3ELi0EEERKS_IXT_EXT0_EXT1_EXT2_EXT3_EXT4_EE.exit.i37.split:5 %op_V_2 = call i23 @exp<24, 10>, i24 %x_V, i32 %f_x_msb_3_table_V, i46 %f_x_msb_2_table_V, i50 %exp_x_msb_1_table_V

]]></Node>
<StgValue><ssdm name="op_V_2"/></StgValue>
</operation>
</state>

<state id="6" st_id="7">

<operation id="39" st_id="6" stage="12" lat="15">
<core></core>
<MemPortIdVec></MemPortIdVec>
<condition id="-1">
<or_exp><and_exp></and_exp></or_exp>
</condition>

<Node id="23" bw="23" op_0_bw="23" op_1_bw="24" op_2_bw="32" op_3_bw="46" op_4_bw="50">
<![CDATA[
_ZN13ap_fixed_baseILi25ELi11ELb1EL9ap_q_mode5EL9ap_o_mode3ELi0EEC2ILi24ELi10ELb1ELS0_0ELS1_3ELi0EEERKS_IXT_EXT0_EXT1_EXT2_EXT3_EXT4_EE.exit.i37.split:5 %op_V_2 = call i23 @exp<24, 10>, i24 %x_V, i32 %f_x_msb_3_table_V, i46 %f_x_msb_2_table_V, i50 %exp_x_msb_1_table_V

]]></Node>
<StgValue><ssdm name="op_V_2"/></StgValue>
</operation>
</state>

<state id="7" st_id="8">

<operation id="40" st_id="7" stage="11" lat="15">
<core></core>
<MemPortIdVec></MemPortIdVec>
<condition id="-1">
<or_exp><and_exp></and_exp></or_exp>
</condition>

<Node id="23" bw="23" op_0_bw="23" op_1_bw="24" op_2_bw="32" op_3_bw="46" op_4_bw="50">
<![CDATA[
_ZN13ap_fixed_baseILi25ELi11ELb1EL9ap_q_mode5EL9ap_o_mode3ELi0EEC2ILi24ELi10ELb1ELS0_0ELS1_3ELi0EEERKS_IXT_EXT0_EXT1_EXT2_EXT3_EXT4_EE.exit.i37.split:5 %op_V_2 = call i23 @exp<24, 10>, i24 %x_V, i32 %f_x_msb_3_table_V, i46 %f_x_msb_2_table_V, i50 %exp_x_msb_1_table_V

]]></Node>
<StgValue><ssdm name="op_V_2"/></StgValue>
</operation>
</state>

<state id="8" st_id="9">

<operation id="41" st_id="8" stage="10" lat="15">
<core></core>
<MemPortIdVec></MemPortIdVec>
<condition id="-1">
<or_exp><and_exp></and_exp></or_exp>
</condition>

<Node id="23" bw="23" op_0_bw="23" op_1_bw="24" op_2_bw="32" op_3_bw="46" op_4_bw="50">
<![CDATA[
_ZN13ap_fixed_baseILi25ELi11ELb1EL9ap_q_mode5EL9ap_o_mode3ELi0EEC2ILi24ELi10ELb1ELS0_0ELS1_3ELi0EEERKS_IXT_EXT0_EXT1_EXT2_EXT3_EXT4_EE.exit.i37.split:5 %op_V_2 = call i23 @exp<24, 10>, i24 %x_V, i32 %f_x_msb_3_table_V, i46 %f_x_msb_2_table_V, i50 %exp_x_msb_1_table_V

]]></Node>
<StgValue><ssdm name="op_V_2"/></StgValue>
</operation>
</state>

<state id="9" st_id="10">

<operation id="42" st_id="9" stage="9" lat="15">
<core></core>
<MemPortIdVec></MemPortIdVec>
<condition id="-1">
<or_exp><and_exp></and_exp></or_exp>
</condition>

<Node id="23" bw="23" op_0_bw="23" op_1_bw="24" op_2_bw="32" op_3_bw="46" op_4_bw="50">
<![CDATA[
_ZN13ap_fixed_baseILi25ELi11ELb1EL9ap_q_mode5EL9ap_o_mode3ELi0EEC2ILi24ELi10ELb1ELS0_0ELS1_3ELi0EEERKS_IXT_EXT0_EXT1_EXT2_EXT3_EXT4_EE.exit.i37.split:5 %op_V_2 = call i23 @exp<24, 10>, i24 %x_V, i32 %f_x_msb_3_table_V, i46 %f_x_msb_2_table_V, i50 %exp_x_msb_1_table_V

]]></Node>
<StgValue><ssdm name="op_V_2"/></StgValue>
</operation>
</state>

<state id="10" st_id="11">

<operation id="43" st_id="10" stage="8" lat="15">
<core></core>
<MemPortIdVec></MemPortIdVec>
<condition id="-1">
<or_exp><and_exp></and_exp></or_exp>
</condition>

<Node id="23" bw="23" op_0_bw="23" op_1_bw="24" op_2_bw="32" op_3_bw="46" op_4_bw="50">
<![CDATA[
_ZN13ap_fixed_baseILi25ELi11ELb1EL9ap_q_mode5EL9ap_o_mode3ELi0EEC2ILi24ELi10ELb1ELS0_0ELS1_3ELi0EEERKS_IXT_EXT0_EXT1_EXT2_EXT3_EXT4_EE.exit.i37.split:5 %op_V_2 = call i23 @exp<24, 10>, i24 %x_V, i32 %f_x_msb_3_table_V, i46 %f_x_msb_2_table_V, i50 %exp_x_msb_1_table_V

]]></Node>
<StgValue><ssdm name="op_V_2"/></StgValue>
</operation>
</state>

<state id="11" st_id="12">

<operation id="44" st_id="11" stage="7" lat="15">
<core></core>
<MemPortIdVec></MemPortIdVec>
<condition id="-1">
<or_exp><and_exp></and_exp></or_exp>
</condition>

<Node id="23" bw="23" op_0_bw="23" op_1_bw="24" op_2_bw="32" op_3_bw="46" op_4_bw="50">
<![CDATA[
_ZN13ap_fixed_baseILi25ELi11ELb1EL9ap_q_mode5EL9ap_o_mode3ELi0EEC2ILi24ELi10ELb1ELS0_0ELS1_3ELi0EEERKS_IXT_EXT0_EXT1_EXT2_EXT3_EXT4_EE.exit.i37.split:5 %op_V_2 = call i23 @exp<24, 10>, i24 %x_V, i32 %f_x_msb_3_table_V, i46 %f_x_msb_2_table_V, i50 %exp_x_msb_1_table_V

]]></Node>
<StgValue><ssdm name="op_V_2"/></StgValue>
</operation>
</state>

<state id="12" st_id="13">

<operation id="45" st_id="12" stage="6" lat="15">
<core></core>
<MemPortIdVec></MemPortIdVec>
<condition id="-1">
<or_exp><and_exp></and_exp></or_exp>
</condition>

<Node id="23" bw="23" op_0_bw="23" op_1_bw="24" op_2_bw="32" op_3_bw="46" op_4_bw="50">
<![CDATA[
_ZN13ap_fixed_baseILi25ELi11ELb1EL9ap_q_mode5EL9ap_o_mode3ELi0EEC2ILi24ELi10ELb1ELS0_0ELS1_3ELi0EEERKS_IXT_EXT0_EXT1_EXT2_EXT3_EXT4_EE.exit.i37.split:5 %op_V_2 = call i23 @exp<24, 10>, i24 %x_V, i32 %f_x_msb_3_table_V, i46 %f_x_msb_2_table_V, i50 %exp_x_msb_1_table_V

]]></Node>
<StgValue><ssdm name="op_V_2"/></StgValue>
</operation>
</state>

<state id="13" st_id="14">

<operation id="46" st_id="13" stage="5" lat="15">
<core></core>
<MemPortIdVec></MemPortIdVec>
<condition id="-1">
<or_exp><and_exp></and_exp></or_exp>
</condition>

<Node id="23" bw="23" op_0_bw="23" op_1_bw="24" op_2_bw="32" op_3_bw="46" op_4_bw="50">
<![CDATA[
_ZN13ap_fixed_baseILi25ELi11ELb1EL9ap_q_mode5EL9ap_o_mode3ELi0EEC2ILi24ELi10ELb1ELS0_0ELS1_3ELi0EEERKS_IXT_EXT0_EXT1_EXT2_EXT3_EXT4_EE.exit.i37.split:5 %op_V_2 = call i23 @exp<24, 10>, i24 %x_V, i32 %f_x_msb_3_table_V, i46 %f_x_msb_2_table_V, i50 %exp_x_msb_1_table_V

]]></Node>
<StgValue><ssdm name="op_V_2"/></StgValue>
</operation>
</state>

<state id="14" st_id="15">

<operation id="47" st_id="14" stage="4" lat="15">
<core></core>
<MemPortIdVec></MemPortIdVec>
<condition id="-1">
<or_exp><and_exp></and_exp></or_exp>
</condition>

<Node id="23" bw="23" op_0_bw="23" op_1_bw="24" op_2_bw="32" op_3_bw="46" op_4_bw="50">
<![CDATA[
_ZN13ap_fixed_baseILi25ELi11ELb1EL9ap_q_mode5EL9ap_o_mode3ELi0EEC2ILi24ELi10ELb1ELS0_0ELS1_3ELi0EEERKS_IXT_EXT0_EXT1_EXT2_EXT3_EXT4_EE.exit.i37.split:5 %op_V_2 = call i23 @exp<24, 10>, i24 %x_V, i32 %f_x_msb_3_table_V, i46 %f_x_msb_2_table_V, i50 %exp_x_msb_1_table_V

]]></Node>
<StgValue><ssdm name="op_V_2"/></StgValue>
</operation>
</state>

<state id="15" st_id="16">

<operation id="48" st_id="15" stage="3" lat="15">
<core></core>
<MemPortIdVec></MemPortIdVec>
<condition id="-1">
<or_exp><and_exp></and_exp></or_exp>
</condition>

<Node id="23" bw="23" op_0_bw="23" op_1_bw="24" op_2_bw="32" op_3_bw="46" op_4_bw="50">
<![CDATA[
_ZN13ap_fixed_baseILi25ELi11ELb1EL9ap_q_mode5EL9ap_o_mode3ELi0EEC2ILi24ELi10ELb1ELS0_0ELS1_3ELi0EEERKS_IXT_EXT0_EXT1_EXT2_EXT3_EXT4_EE.exit.i37.split:5 %op_V_2 = call i23 @exp<24, 10>, i24 %x_V, i32 %f_x_msb_3_table_V, i46 %f_x_msb_2_table_V, i50 %exp_x_msb_1_table_V

]]></Node>
<StgValue><ssdm name="op_V_2"/></StgValue>
</operation>
</state>

<state id="16" st_id="17">

<operation id="49" st_id="16" stage="2" lat="15">
<core></core>
<MemPortIdVec></MemPortIdVec>
<condition id="-1">
<or_exp><and_exp></and_exp></or_exp>
</condition>

<Node id="23" bw="23" op_0_bw="23" op_1_bw="24" op_2_bw="32" op_3_bw="46" op_4_bw="50">
<![CDATA[
_ZN13ap_fixed_baseILi25ELi11ELb1EL9ap_q_mode5EL9ap_o_mode3ELi0EEC2ILi24ELi10ELb1ELS0_0ELS1_3ELi0EEERKS_IXT_EXT0_EXT1_EXT2_EXT3_EXT4_EE.exit.i37.split:5 %op_V_2 = call i23 @exp<24, 10>, i24 %x_V, i32 %f_x_msb_3_table_V, i46 %f_x_msb_2_table_V, i50 %exp_x_msb_1_table_V

]]></Node>
<StgValue><ssdm name="op_V_2"/></StgValue>
</operation>

<operation id="55" st_id="16" stage="1" lat="1">
<core>NULL</core>
<MemPortIdVec></MemPortIdVec>
<condition id="-1">
<or_exp><and_exp><literal name="icmp_ln30" val="1"/>
</and_exp></or_exp>
</condition>

<Node id="29" bw="0">
<![CDATA[
.exitStub:0 %ret_ln0 = ret

]]></Node>
<StgValue><ssdm name="ret_ln0"/></StgValue>
</operation>
</state>

<state id="17" st_id="18">

<operation id="50" st_id="17" stage="1" lat="1">
<core>NULL</core>
<MemPortIdVec></MemPortIdVec>
<condition id="-1">
<or_exp><and_exp></and_exp></or_exp>
</condition>

<Node id="19" bw="0" op_0_bw="0" op_1_bw="0">
<![CDATA[
_ZN13ap_fixed_baseILi25ELi11ELb1EL9ap_q_mode5EL9ap_o_mode3ELi0EEC2ILi24ELi10ELb1ELS0_0ELS1_3ELi0EEERKS_IXT_EXT0_EXT1_EXT2_EXT3_EXT4_EE.exit.i37.split:1 %specloopname_ln10 = specloopname void @_ssdm_op_SpecLoopName, void @empty_8

]]></Node>
<StgValue><ssdm name="specloopname_ln10"/></StgValue>
</operation>

<operation id="51" st_id="17" stage="1" lat="15">
<core></core>
<MemPortIdVec></MemPortIdVec>
<condition id="-1">
<or_exp><and_exp></and_exp></or_exp>
</condition>

<Node id="23" bw="23" op_0_bw="23" op_1_bw="24" op_2_bw="32" op_3_bw="46" op_4_bw="50">
<![CDATA[
_ZN13ap_fixed_baseILi25ELi11ELb1EL9ap_q_mode5EL9ap_o_mode3ELi0EEC2ILi24ELi10ELb1ELS0_0ELS1_3ELi0EEERKS_IXT_EXT0_EXT1_EXT2_EXT3_EXT4_EE.exit.i37.split:5 %op_V_2 = call i23 @exp<24, 10>, i24 %x_V, i32 %f_x_msb_3_table_V, i46 %f_x_msb_2_table_V, i50 %exp_x_msb_1_table_V

]]></Node>
<StgValue><ssdm name="op_V_2"/></StgValue>
</operation>

<operation id="52" st_id="17" stage="1" lat="1">
<core>NULL</core>
<MemPortIdVec></MemPortIdVec>
<condition id="-1">
<or_exp><and_exp></and_exp></or_exp>
</condition>

<Node id="24" bw="24" op_0_bw="23">
<![CDATA[
_ZN13ap_fixed_baseILi25ELi11ELb1EL9ap_q_mode5EL9ap_o_mode3ELi0EEC2ILi24ELi10ELb1ELS0_0ELS1_3ELi0EEERKS_IXT_EXT0_EXT1_EXT2_EXT3_EXT4_EE.exit.i37.split:6 %zext_ln31 = zext i23 %op_V_2

]]></Node>
<StgValue><ssdm name="zext_ln31"/></StgValue>
</operation>

<operation id="53" st_id="17" stage="1" lat="1">
<core>RAM</core>
<MemPortIdVec>0 </MemPortIdVec>
<condition id="-1">
<or_exp><and_exp></and_exp></or_exp>
</condition>

<Node id="25" bw="0" op_0_bw="24" op_1_bw="4" op_2_bw="0">
<![CDATA[
_ZN13ap_fixed_baseILi25ELi11ELb1EL9ap_q_mode5EL9ap_o_mode3ELi0EEC2ILi24ELi10ELb1ELS0_0ELS1_3ELi0EEERKS_IXT_EXT0_EXT1_EXT2_EXT3_EXT4_EE.exit.i37.split:7 %store_ln31 = store i24 %zext_ln31, i4 %input_addr

]]></Node>
<StgValue><ssdm name="store_ln31"/></StgValue>
</operation>

<operation id="54" st_id="17" stage="1" lat="1">
<core>NULL</core>
<MemPortIdVec></MemPortIdVec>
<condition id="-1">
<or_exp><and_exp></and_exp></or_exp>
</condition>

<Node id="27" bw="0" op_0_bw="0">
<![CDATA[
_ZN13ap_fixed_baseILi25ELi11ELb1EL9ap_q_mode5EL9ap_o_mode3ELi0EEC2ILi24ELi10ELb1ELS0_0ELS1_3ELi0EEERKS_IXT_EXT0_EXT1_EXT2_EXT3_EXT4_EE.exit.i37.split:9 %br_ln0 = br void %_ZN13ap_fixed_baseILi25ELi11ELb1EL9ap_q_mode5EL9ap_o_mode3ELi0EEC2ILi24ELi10ELb1ELS0_0ELS1_3ELi0EEERKS_IXT_EXT0_EXT1_EXT2_EXT3_EXT4_EE.exit.i37

]]></Node>
<StgValue><ssdm name="br_ln0"/></StgValue>
</operation>
</state>
</state_list>


<ports>
<port id="95" name="input_r" dir="2" iftype="1">
<core>RAM</core><StgValue><ssdm name="input_r"/><MemPortTyVec>0 1 </MemPortTyVec>
</StgValue>
</port>
<port id="96" name="add_ln712" dir="0" iftype="0">
<core>NULL</core><StgValue><ssdm name="add_ln712"/></StgValue>
</port>
<port id="97" name="f_x_msb_3_table_V" dir="0" iftype="1">
<core>ROM</core><StgValue><ssdm name="f_x_msb_3_table_V"/><MemPortTyVec>1 </MemPortTyVec>
</StgValue>
</port>
<port id="98" name="f_x_msb_2_table_V" dir="0" iftype="1">
<core>ROM</core><StgValue><ssdm name="f_x_msb_2_table_V"/><MemPortTyVec>1 </MemPortTyVec>
</StgValue>
</port>
<port id="99" name="exp_x_msb_1_table_V" dir="0" iftype="1">
<core>ROM</core><StgValue><ssdm name="exp_x_msb_1_table_V"/><MemPortTyVec>1 </MemPortTyVec>
</StgValue>
</port>
</ports>


<dataflows>
<dataflow id="101" from="StgValue_100" to="i" fromId="100" toId="20">
</dataflow>
<dataflow id="103" from="_ssdm_op_Read.ap_auto.i24" to="add_ln712_read" fromId="102" toId="21">
</dataflow>
<dataflow id="104" from="add_ln712" to="add_ln712_read" fromId="96" toId="21">
</dataflow>
<dataflow id="106" from="StgValue_105" to="store_ln0" fromId="105" toId="22">
</dataflow>
<dataflow id="107" from="i" to="store_ln0" fromId="20" toId="22">
</dataflow>
<dataflow id="108" from="i" to="i_2" fromId="20" toId="24">
</dataflow>
<dataflow id="110" from="_ssdm_op_SpecPipeline" to="specpipeline_ln0" fromId="109" toId="25">
</dataflow>
<dataflow id="112" from="StgValue_111" to="specpipeline_ln0" fromId="111" toId="25">
</dataflow>
<dataflow id="114" from="StgValue_113" to="specpipeline_ln0" fromId="113" toId="25">
</dataflow>
<dataflow id="115" from="StgValue_100" to="specpipeline_ln0" fromId="100" toId="25">
</dataflow>
<dataflow id="116" from="StgValue_113" to="specpipeline_ln0" fromId="113" toId="25">
</dataflow>
<dataflow id="118" from="p_str" to="specpipeline_ln0" fromId="117" toId="25">
</dataflow>
<dataflow id="119" from="i_2" to="icmp_ln30" fromId="24" toId="26">
</dataflow>
<dataflow id="121" from="StgValue_120" to="icmp_ln30" fromId="120" toId="26">
</dataflow>
<dataflow id="123" from="_ssdm_op_SpecLoopTripCount" to="empty" fromId="122" toId="27">
</dataflow>
<dataflow id="125" from="StgValue_124" to="empty" fromId="124" toId="27">
</dataflow>
<dataflow id="126" from="StgValue_124" to="empty" fromId="124" toId="27">
</dataflow>
<dataflow id="127" from="StgValue_124" to="empty" fromId="124" toId="27">
</dataflow>
<dataflow id="128" from="i_2" to="add_ln30" fromId="24" toId="28">
</dataflow>
<dataflow id="130" from="StgValue_129" to="add_ln30" fromId="129" toId="28">
</dataflow>
<dataflow id="131" from="icmp_ln30" to="br_ln30" fromId="26" toId="29">
</dataflow>
<dataflow id="132" from="i_2" to="i_2_cast" fromId="24" toId="30">
</dataflow>
<dataflow id="133" from="input_r" to="input_addr" fromId="95" toId="31">
</dataflow>
<dataflow id="135" from="StgValue_134" to="input_addr" fromId="134" toId="31">
</dataflow>
<dataflow id="136" from="i_2_cast" to="input_addr" fromId="30" toId="31">
</dataflow>
<dataflow id="137" from="input_addr" to="input_load" fromId="31" toId="32">
</dataflow>
<dataflow id="138" from="add_ln30" to="store_ln30" fromId="28" toId="33">
</dataflow>
<dataflow id="139" from="i" to="store_ln30" fromId="20" toId="33">
</dataflow>
<dataflow id="140" from="input_addr" to="input_load" fromId="31" toId="34">
</dataflow>
<dataflow id="141" from="input_load" to="x_V" fromId="34" toId="35">
</dataflow>
<dataflow id="142" from="add_ln712_read" to="x_V" fromId="21" toId="35">
</dataflow>
<dataflow id="144" from="exp<24, 10>" to="op_V_2" fromId="143" toId="36">
</dataflow>
<dataflow id="145" from="x_V" to="op_V_2" fromId="35" toId="36">
</dataflow>
<dataflow id="146" from="f_x_msb_3_table_V" to="op_V_2" fromId="97" toId="36">
</dataflow>
<dataflow id="147" from="f_x_msb_2_table_V" to="op_V_2" fromId="98" toId="36">
</dataflow>
<dataflow id="148" from="exp_x_msb_1_table_V" to="op_V_2" fromId="99" toId="36">
</dataflow>
<dataflow id="149" from="exp<24, 10>" to="op_V_2" fromId="143" toId="37">
</dataflow>
<dataflow id="150" from="x_V" to="op_V_2" fromId="35" toId="37">
</dataflow>
<dataflow id="151" from="f_x_msb_3_table_V" to="op_V_2" fromId="97" toId="37">
</dataflow>
<dataflow id="152" from="f_x_msb_2_table_V" to="op_V_2" fromId="98" toId="37">
</dataflow>
<dataflow id="153" from="exp_x_msb_1_table_V" to="op_V_2" fromId="99" toId="37">
</dataflow>
<dataflow id="154" from="exp<24, 10>" to="op_V_2" fromId="143" toId="38">
</dataflow>
<dataflow id="155" from="x_V" to="op_V_2" fromId="35" toId="38">
</dataflow>
<dataflow id="156" from="f_x_msb_3_table_V" to="op_V_2" fromId="97" toId="38">
</dataflow>
<dataflow id="157" from="f_x_msb_2_table_V" to="op_V_2" fromId="98" toId="38">
</dataflow>
<dataflow id="158" from="exp_x_msb_1_table_V" to="op_V_2" fromId="99" toId="38">
</dataflow>
<dataflow id="159" from="exp<24, 10>" to="op_V_2" fromId="143" toId="39">
</dataflow>
<dataflow id="160" from="x_V" to="op_V_2" fromId="35" toId="39">
</dataflow>
<dataflow id="161" from="f_x_msb_3_table_V" to="op_V_2" fromId="97" toId="39">
</dataflow>
<dataflow id="162" from="f_x_msb_2_table_V" to="op_V_2" fromId="98" toId="39">
</dataflow>
<dataflow id="163" from="exp_x_msb_1_table_V" to="op_V_2" fromId="99" toId="39">
</dataflow>
<dataflow id="164" from="exp<24, 10>" to="op_V_2" fromId="143" toId="40">
</dataflow>
<dataflow id="165" from="x_V" to="op_V_2" fromId="35" toId="40">
</dataflow>
<dataflow id="166" from="f_x_msb_3_table_V" to="op_V_2" fromId="97" toId="40">
</dataflow>
<dataflow id="167" from="f_x_msb_2_table_V" to="op_V_2" fromId="98" toId="40">
</dataflow>
<dataflow id="168" from="exp_x_msb_1_table_V" to="op_V_2" fromId="99" toId="40">
</dataflow>
<dataflow id="169" from="exp<24, 10>" to="op_V_2" fromId="143" toId="41">
</dataflow>
<dataflow id="170" from="x_V" to="op_V_2" fromId="35" toId="41">
</dataflow>
<dataflow id="171" from="f_x_msb_3_table_V" to="op_V_2" fromId="97" toId="41">
</dataflow>
<dataflow id="172" from="f_x_msb_2_table_V" to="op_V_2" fromId="98" toId="41">
</dataflow>
<dataflow id="173" from="exp_x_msb_1_table_V" to="op_V_2" fromId="99" toId="41">
</dataflow>
<dataflow id="174" from="exp<24, 10>" to="op_V_2" fromId="143" toId="42">
</dataflow>
<dataflow id="175" from="x_V" to="op_V_2" fromId="35" toId="42">
</dataflow>
<dataflow id="176" from="f_x_msb_3_table_V" to="op_V_2" fromId="97" toId="42">
</dataflow>
<dataflow id="177" from="f_x_msb_2_table_V" to="op_V_2" fromId="98" toId="42">
</dataflow>
<dataflow id="178" from="exp_x_msb_1_table_V" to="op_V_2" fromId="99" toId="42">
</dataflow>
<dataflow id="179" from="exp<24, 10>" to="op_V_2" fromId="143" toId="43">
</dataflow>
<dataflow id="180" from="x_V" to="op_V_2" fromId="35" toId="43">
</dataflow>
<dataflow id="181" from="f_x_msb_3_table_V" to="op_V_2" fromId="97" toId="43">
</dataflow>
<dataflow id="182" from="f_x_msb_2_table_V" to="op_V_2" fromId="98" toId="43">
</dataflow>
<dataflow id="183" from="exp_x_msb_1_table_V" to="op_V_2" fromId="99" toId="43">
</dataflow>
<dataflow id="184" from="exp<24, 10>" to="op_V_2" fromId="143" toId="44">
</dataflow>
<dataflow id="185" from="x_V" to="op_V_2" fromId="35" toId="44">
</dataflow>
<dataflow id="186" from="f_x_msb_3_table_V" to="op_V_2" fromId="97" toId="44">
</dataflow>
<dataflow id="187" from="f_x_msb_2_table_V" to="op_V_2" fromId="98" toId="44">
</dataflow>
<dataflow id="188" from="exp_x_msb_1_table_V" to="op_V_2" fromId="99" toId="44">
</dataflow>
<dataflow id="189" from="exp<24, 10>" to="op_V_2" fromId="143" toId="45">
</dataflow>
<dataflow id="190" from="x_V" to="op_V_2" fromId="35" toId="45">
</dataflow>
<dataflow id="191" from="f_x_msb_3_table_V" to="op_V_2" fromId="97" toId="45">
</dataflow>
<dataflow id="192" from="f_x_msb_2_table_V" to="op_V_2" fromId="98" toId="45">
</dataflow>
<dataflow id="193" from="exp_x_msb_1_table_V" to="op_V_2" fromId="99" toId="45">
</dataflow>
<dataflow id="194" from="exp<24, 10>" to="op_V_2" fromId="143" toId="46">
</dataflow>
<dataflow id="195" from="x_V" to="op_V_2" fromId="35" toId="46">
</dataflow>
<dataflow id="196" from="f_x_msb_3_table_V" to="op_V_2" fromId="97" toId="46">
</dataflow>
<dataflow id="197" from="f_x_msb_2_table_V" to="op_V_2" fromId="98" toId="46">
</dataflow>
<dataflow id="198" from="exp_x_msb_1_table_V" to="op_V_2" fromId="99" toId="46">
</dataflow>
<dataflow id="199" from="exp<24, 10>" to="op_V_2" fromId="143" toId="47">
</dataflow>
<dataflow id="200" from="x_V" to="op_V_2" fromId="35" toId="47">
</dataflow>
<dataflow id="201" from="f_x_msb_3_table_V" to="op_V_2" fromId="97" toId="47">
</dataflow>
<dataflow id="202" from="f_x_msb_2_table_V" to="op_V_2" fromId="98" toId="47">
</dataflow>
<dataflow id="203" from="exp_x_msb_1_table_V" to="op_V_2" fromId="99" toId="47">
</dataflow>
<dataflow id="204" from="exp<24, 10>" to="op_V_2" fromId="143" toId="48">
</dataflow>
<dataflow id="205" from="x_V" to="op_V_2" fromId="35" toId="48">
</dataflow>
<dataflow id="206" from="f_x_msb_3_table_V" to="op_V_2" fromId="97" toId="48">
</dataflow>
<dataflow id="207" from="f_x_msb_2_table_V" to="op_V_2" fromId="98" toId="48">
</dataflow>
<dataflow id="208" from="exp_x_msb_1_table_V" to="op_V_2" fromId="99" toId="48">
</dataflow>
<dataflow id="209" from="exp<24, 10>" to="op_V_2" fromId="143" toId="49">
</dataflow>
<dataflow id="210" from="x_V" to="op_V_2" fromId="35" toId="49">
</dataflow>
<dataflow id="211" from="f_x_msb_3_table_V" to="op_V_2" fromId="97" toId="49">
</dataflow>
<dataflow id="212" from="f_x_msb_2_table_V" to="op_V_2" fromId="98" toId="49">
</dataflow>
<dataflow id="213" from="exp_x_msb_1_table_V" to="op_V_2" fromId="99" toId="49">
</dataflow>
<dataflow id="215" from="_ssdm_op_SpecLoopName" to="specloopname_ln10" fromId="214" toId="50">
</dataflow>
<dataflow id="217" from="empty_8" to="specloopname_ln10" fromId="216" toId="50">
</dataflow>
<dataflow id="218" from="exp<24, 10>" to="op_V_2" fromId="143" toId="51">
</dataflow>
<dataflow id="219" from="x_V" to="op_V_2" fromId="35" toId="51">
</dataflow>
<dataflow id="220" from="f_x_msb_3_table_V" to="op_V_2" fromId="97" toId="51">
</dataflow>
<dataflow id="221" from="f_x_msb_2_table_V" to="op_V_2" fromId="98" toId="51">
</dataflow>
<dataflow id="222" from="exp_x_msb_1_table_V" to="op_V_2" fromId="99" toId="51">
</dataflow>
<dataflow id="223" from="op_V_2" to="zext_ln31" fromId="51" toId="52">
</dataflow>
<dataflow id="224" from="zext_ln31" to="store_ln31" fromId="52" toId="53">
</dataflow>
<dataflow id="225" from="input_addr" to="store_ln31" fromId="31" toId="53">
</dataflow>
<dataflow id="226" from="icmp_ln30" to="StgValue_2" fromId="26" toId="2">
</dataflow>
<dataflow id="227" from="icmp_ln30" to="StgValue_17" fromId="26" toId="17">
</dataflow>
</dataflows>


</stg>
