<profile>

<section name = "Vitis HLS Report for 'softmax_Pipeline_softmax_sum'" level="0">
<item name = "Date">Wed May  4 11:56:08 2022
</item>
<item name = "Version">2021.2 (Build 3367213 on Tue Oct 19 02:47:39 MDT 2021)</item>
<item name = "Project">CNN-HLS</item>
<item name = "Solution">solution1 (Vivado IP Flow Target)</item>
<item name = "Product family">zynq</item>
<item name = "Target device">xa7z030-fbg484-1I</item>
</section>

<section name = "Performance Estimates" level="0">
<item name = "Timing">
<section name = "" level="1">
<item name = "Summary"><table name="" hasTotal="0">
<keys size="4">Clock, Target, Estimated, Uncertainty</keys>
<column name="ap_clk">10.00 ns, 7.188 ns, 2.70 ns</column>
</table>
</item>
</section>
</item>
<item name = "Latency">
<section name = "" level="1">
<item name = "Summary"><table name="" hasTotal="0">
<keys size="8">, min, max, min, max, min, max, Type</keys>
<column name="">27, 27, 0.270 us, 0.270 us, 27, 27, no</column>
</table>
</item>
<item name = "Detail">
<section name = "" level="1">
<item name = "Instance"><table name="" hasTotal="0">
<keys size="9">Instance, Module, min, max, min, max, min, max, Type</keys>
<column name="grp_exp_24_10_s_fu_80">exp_24_10_s, 14, 14, 0.140 us, 0.140 us, 1, 1, yes</column>
</table>
</item>
<item name = "Loop"><table name="" hasTotal="0">
<keys size="8">Loop Name, min, max, Latency, achieved, target, Count, Pipelined</keys>
<column name="- softmax_sum">25, 25, 17, 1, 1, 10, yes</column>
</table>
</item>
</section>
</item>
</section>
</item>
</section>

<section name = "Utilization Estimates" level="0">
<item name = "Summary"><table name="" hasTotal="1">
<keys size="6">Name, BRAM_18K, DSP, FF, LUT, URAM</keys>
<column name="DSP">-, -, -, -, -</column>
<column name="Expression">-, -, 0, 86, -</column>
<column name="FIFO">-, -, -, -, -</column>
<column name="Instance">-, -, -, -, -</column>
<column name="Memory">-, -, -, -, -</column>
<column name="Multiplexer">-, -, -, 45, -</column>
<column name="Register">-, -, 151, 32, -</column>
<specialColumn name="Available">530, 400, 157200, 78600, 0</specialColumn>
<specialColumn name="Utilization (%)">0, 0, ~0, ~0, 0</specialColumn>
</table>
</item>
<item name = "Detail">
<section name = "" level="1">
<item name = "Instance"><table name="" hasTotal="1">
<keys size="7">Instance, Module, BRAM_18K, DSP, FF, LUT, URAM</keys>
</table>
</item>
<item name = "DSP"><table name="" hasTotal="0">
<keys size="3">Instance, Module, Expression</keys>
</table>
</item>
<item name = "Memory"><table name="" hasTotal="1">
<keys size="10">Memory, Module, BRAM_18K, FF, LUT, URAM, Words, Bits, Banks, W*Bits*Banks</keys>
</table>
</item>
<item name = "FIFO"><table name="" hasTotal="1">
<keys size="8">Name, BRAM_18K, FF, LUT, URAM, Depth, Bits, Size:D*B</keys>
</table>
</item>
<item name = "Expression"><table name="" hasTotal="1">
<keys size="7">Variable Name, Operation, DSP, FF, LUT, Bitwidth P0, Bitwidth P1</keys>
<column name="add_ln22_fu_110_p2">+, 0, 0, 13, 4, 1</column>
<column name="sum_V_1_fu_138_p2">+, 0, 0, 31, 24, 24</column>
<column name="x_V_fu_126_p2">-, 0, 0, 31, 24, 24</column>
<column name="icmp_ln22_fu_104_p2">icmp, 0, 0, 9, 4, 4</column>
<column name="ap_enable_pp0">xor, 0, 0, 2, 1, 2</column>
</table>
</item>
<item name = "Multiplexer"><table name="" hasTotal="1">
<keys size="5">Name, LUT, Input Size, Bits, Total Bits</keys>
<column name="ap_done_int">9, 2, 1, 2</column>
<column name="ap_enable_reg_pp0_iter1">9, 2, 1, 2</column>
<column name="ap_sig_allocacmp_i_1">9, 2, 4, 8</column>
<column name="i_fu_50">9, 2, 4, 8</column>
<column name="sum_V_fu_46">9, 2, 24, 48</column>
</table>
</item>
<item name = "Register"><table name="" hasTotal="1">
<keys size="5">Name, FF, LUT, Bits, Const Bits</keys>
<column name="ap_CS_fsm">1, 0, 1, 0</column>
<column name="ap_done_reg">1, 0, 1, 0</column>
<column name="ap_enable_reg_pp0_iter1">1, 0, 1, 0</column>
<column name="ap_enable_reg_pp0_iter10">1, 0, 1, 0</column>
<column name="ap_enable_reg_pp0_iter11">1, 0, 1, 0</column>
<column name="ap_enable_reg_pp0_iter12">1, 0, 1, 0</column>
<column name="ap_enable_reg_pp0_iter13">1, 0, 1, 0</column>
<column name="ap_enable_reg_pp0_iter14">1, 0, 1, 0</column>
<column name="ap_enable_reg_pp0_iter15">1, 0, 1, 0</column>
<column name="ap_enable_reg_pp0_iter16">1, 0, 1, 0</column>
<column name="ap_enable_reg_pp0_iter2">1, 0, 1, 0</column>
<column name="ap_enable_reg_pp0_iter3">1, 0, 1, 0</column>
<column name="ap_enable_reg_pp0_iter4">1, 0, 1, 0</column>
<column name="ap_enable_reg_pp0_iter5">1, 0, 1, 0</column>
<column name="ap_enable_reg_pp0_iter6">1, 0, 1, 0</column>
<column name="ap_enable_reg_pp0_iter7">1, 0, 1, 0</column>
<column name="ap_enable_reg_pp0_iter8">1, 0, 1, 0</column>
<column name="ap_enable_reg_pp0_iter9">1, 0, 1, 0</column>
<column name="ap_loop_exit_ready_pp0_iter10_reg">1, 0, 1, 0</column>
<column name="ap_loop_exit_ready_pp0_iter11_reg">1, 0, 1, 0</column>
<column name="ap_loop_exit_ready_pp0_iter12_reg">1, 0, 1, 0</column>
<column name="ap_loop_exit_ready_pp0_iter13_reg">1, 0, 1, 0</column>
<column name="ap_loop_exit_ready_pp0_iter14_reg">1, 0, 1, 0</column>
<column name="ap_loop_exit_ready_pp0_iter15_reg">1, 0, 1, 0</column>
<column name="ap_loop_exit_ready_pp0_iter1_reg">1, 0, 1, 0</column>
<column name="ap_loop_exit_ready_pp0_iter2_reg">1, 0, 1, 0</column>
<column name="ap_loop_exit_ready_pp0_iter3_reg">1, 0, 1, 0</column>
<column name="ap_loop_exit_ready_pp0_iter4_reg">1, 0, 1, 0</column>
<column name="ap_loop_exit_ready_pp0_iter5_reg">1, 0, 1, 0</column>
<column name="ap_loop_exit_ready_pp0_iter6_reg">1, 0, 1, 0</column>
<column name="ap_loop_exit_ready_pp0_iter7_reg">1, 0, 1, 0</column>
<column name="ap_loop_exit_ready_pp0_iter8_reg">1, 0, 1, 0</column>
<column name="ap_loop_exit_ready_pp0_iter9_reg">1, 0, 1, 0</column>
<column name="grp_exp_24_10_s_fu_80_ap_start_reg">1, 0, 1, 0</column>
<column name="i_fu_50">4, 0, 4, 0</column>
<column name="icmp_ln22_reg_173">1, 0, 1, 0</column>
<column name="sum_V_fu_46">24, 0, 24, 0</column>
<column name="x_V_reg_182">24, 0, 24, 0</column>
<column name="icmp_ln22_reg_173">64, 32, 1, 0</column>
</table>
</item>
</section>
</item>
</section>

<section name = "Interface" level="0">
<item name = "Summary"><table name="" hasTotal="0">
<keys size="6">RTL Ports, Dir, Bits, Protocol, Source Object, C Type</keys>
<column name="ap_clk">in, 1, ap_ctrl_hs, softmax_Pipeline_softmax_sum, return value</column>
<column name="ap_rst">in, 1, ap_ctrl_hs, softmax_Pipeline_softmax_sum, return value</column>
<column name="ap_start">in, 1, ap_ctrl_hs, softmax_Pipeline_softmax_sum, return value</column>
<column name="ap_done">out, 1, ap_ctrl_hs, softmax_Pipeline_softmax_sum, return value</column>
<column name="ap_idle">out, 1, ap_ctrl_hs, softmax_Pipeline_softmax_sum, return value</column>
<column name="ap_ready">out, 1, ap_ctrl_hs, softmax_Pipeline_softmax_sum, return value</column>
<column name="grp_exp_24_10_s_fu_624_p_din1">out, 24, ap_ctrl_hs, softmax_Pipeline_softmax_sum, return value</column>
<column name="grp_exp_24_10_s_fu_624_p_dout0">in, 23, ap_ctrl_hs, softmax_Pipeline_softmax_sum, return value</column>
<column name="grp_exp_24_10_s_fu_624_p_start">out, 1, ap_ctrl_hs, softmax_Pipeline_softmax_sum, return value</column>
<column name="grp_exp_24_10_s_fu_624_p_ready">in, 1, ap_ctrl_hs, softmax_Pipeline_softmax_sum, return value</column>
<column name="grp_exp_24_10_s_fu_624_p_done">in, 1, ap_ctrl_hs, softmax_Pipeline_softmax_sum, return value</column>
<column name="grp_exp_24_10_s_fu_624_p_idle">in, 1, ap_ctrl_hs, softmax_Pipeline_softmax_sum, return value</column>
<column name="input_r_address0">out, 4, ap_memory, input_r, array</column>
<column name="input_r_ce0">out, 1, ap_memory, input_r, array</column>
<column name="input_r_q0">in, 24, ap_memory, input_r, array</column>
<column name="m_V_1_reload">in, 24, ap_none, m_V_1_reload, scalar</column>
<column name="sum_V_out">out, 24, ap_vld, sum_V_out, pointer</column>
<column name="sum_V_out_ap_vld">out, 1, ap_vld, sum_V_out, pointer</column>
</table>
</item>
</section>
</profile>
