<stg><name>softmax_Pipeline_softmax_sum</name>


<trans_list>

<trans id="100" from="1" to="2">
<condition id="-1">
<or_exp><and_exp></and_exp></or_exp>
</condition>
</trans>

<trans id="83" from="2" to="3">
<condition id="-1">
<or_exp><and_exp></and_exp></or_exp>
</condition>
</trans>

<trans id="84" from="3" to="4">
<condition id="-1">
<or_exp><and_exp></and_exp></or_exp>
</condition>
</trans>

<trans id="85" from="4" to="5">
<condition id="-1">
<or_exp><and_exp></and_exp></or_exp>
</condition>
</trans>

<trans id="86" from="5" to="6">
<condition id="-1">
<or_exp><and_exp></and_exp></or_exp>
</condition>
</trans>

<trans id="87" from="6" to="7">
<condition id="-1">
<or_exp><and_exp></and_exp></or_exp>
</condition>
</trans>

<trans id="88" from="7" to="8">
<condition id="-1">
<or_exp><and_exp></and_exp></or_exp>
</condition>
</trans>

<trans id="89" from="8" to="9">
<condition id="-1">
<or_exp><and_exp></and_exp></or_exp>
</condition>
</trans>

<trans id="90" from="9" to="10">
<condition id="-1">
<or_exp><and_exp></and_exp></or_exp>
</condition>
</trans>

<trans id="91" from="10" to="11">
<condition id="-1">
<or_exp><and_exp></and_exp></or_exp>
</condition>
</trans>

<trans id="92" from="11" to="12">
<condition id="-1">
<or_exp><and_exp></and_exp></or_exp>
</condition>
</trans>

<trans id="93" from="12" to="13">
<condition id="-1">
<or_exp><and_exp></and_exp></or_exp>
</condition>
</trans>

<trans id="94" from="13" to="14">
<condition id="-1">
<or_exp><and_exp></and_exp></or_exp>
</condition>
</trans>

<trans id="95" from="14" to="15">
<condition id="-1">
<or_exp><and_exp></and_exp></or_exp>
</condition>
</trans>

<trans id="96" from="15" to="16">
<condition id="-1">
<or_exp><and_exp></and_exp></or_exp>
</condition>
</trans>

<trans id="97" from="16" to="17">
<condition id="-1">
<or_exp><and_exp></and_exp></or_exp>
</condition>
</trans>
</trans_list>



<state_list>

<state id="1" st_id="2">

<operation id="20" st_id="1" stage="1" lat="1">
<core>NULL</core>
<MemPortIdVec></MemPortIdVec>
<condition id="-1">
<or_exp><and_exp></and_exp></or_exp>
</condition>

<Node id="7" bw="24" op_0_bw="32">
<![CDATA[
newFuncRoot:0 %sum_V = alloca i32 1

]]></Node>
<StgValue><ssdm name="sum_V"/></StgValue>
</operation>

<operation id="21" st_id="1" stage="1" lat="1">
<core>NULL</core>
<MemPortIdVec></MemPortIdVec>
<condition id="-1">
<or_exp><and_exp></and_exp></or_exp>
</condition>

<Node id="8" bw="4" op_0_bw="32">
<![CDATA[
newFuncRoot:1 %i = alloca i32 1

]]></Node>
<StgValue><ssdm name="i"/></StgValue>
</operation>

<operation id="22" st_id="1" stage="1" lat="1">
<core>NULL</core>
<MemPortIdVec></MemPortIdVec>
<condition id="-1">
<or_exp><and_exp></and_exp></or_exp>
</condition>

<Node id="9" bw="24" op_0_bw="24" op_1_bw="24">
<![CDATA[
newFuncRoot:2 %m_V_1_reload_read = read i24 @_ssdm_op_Read.ap_auto.i24, i24 %m_V_1_reload

]]></Node>
<StgValue><ssdm name="m_V_1_reload_read"/></StgValue>
</operation>

<operation id="23" st_id="1" stage="1" lat="1">
<core>NULL</core>
<MemPortIdVec></MemPortIdVec>
<condition id="-1">
<or_exp><and_exp></and_exp></or_exp>
</condition>

<Node id="10" bw="0" op_0_bw="4" op_1_bw="4">
<![CDATA[
newFuncRoot:3 %store_ln0 = store i4 0, i4 %i

]]></Node>
<StgValue><ssdm name="store_ln0"/></StgValue>
</operation>

<operation id="24" st_id="1" stage="1" lat="1">
<core>NULL</core>
<MemPortIdVec></MemPortIdVec>
<condition id="-1">
<or_exp><and_exp></and_exp></or_exp>
</condition>

<Node id="11" bw="0" op_0_bw="24" op_1_bw="24">
<![CDATA[
newFuncRoot:4 %store_ln0 = store i24 0, i24 %sum_V

]]></Node>
<StgValue><ssdm name="store_ln0"/></StgValue>
</operation>

<operation id="25" st_id="1" stage="1" lat="1">
<core>NULL</core>
<MemPortIdVec></MemPortIdVec>
<condition id="-1">
<or_exp><and_exp></and_exp></or_exp>
</condition>

<Node id="12" bw="0" op_0_bw="0">
<![CDATA[
newFuncRoot:5 %br_ln0 = br void %_ZN13ap_fixed_baseILi25ELi11ELb1EL9ap_q_mode5EL9ap_o_mode3ELi0EEC2ILi24ELi10ELb1ELS0_0ELS1_3ELi0EEERKS_IXT_EXT0_EXT1_EXT2_EXT3_EXT4_EE.exit.i

]]></Node>
<StgValue><ssdm name="br_ln0"/></StgValue>
</operation>

<operation id="26" st_id="1" stage="1" lat="1">
<core>NULL</core>
<MemPortIdVec></MemPortIdVec>
<condition id="-1">
<or_exp><and_exp></and_exp></or_exp>
</condition>

<Node id="14" bw="4" op_0_bw="4" op_1_bw="0">
<![CDATA[
_ZN13ap_fixed_baseILi25ELi11ELb1EL9ap_q_mode5EL9ap_o_mode3ELi0EEC2ILi24ELi10ELb1ELS0_0ELS1_3ELi0EEERKS_IXT_EXT0_EXT1_EXT2_EXT3_EXT4_EE.exit.i:0 %i_1 = load i4 %i

]]></Node>
<StgValue><ssdm name="i_1"/></StgValue>
</operation>

<operation id="27" st_id="1" stage="1" lat="1">
<core>NULL</core>
<MemPortIdVec></MemPortIdVec>
<condition id="-1">
<or_exp><and_exp></and_exp></or_exp>
</condition>

<Node id="15" bw="0" op_0_bw="0" op_1_bw="32" op_2_bw="32" op_3_bw="32" op_4_bw="32" op_5_bw="0">
<![CDATA[
_ZN13ap_fixed_baseILi25ELi11ELb1EL9ap_q_mode5EL9ap_o_mode3ELi0EEC2ILi24ELi10ELb1ELS0_0ELS1_3ELi0EEERKS_IXT_EXT0_EXT1_EXT2_EXT3_EXT4_EE.exit.i:1 %specpipeline_ln0 = specpipeline void @_ssdm_op_SpecPipeline, i32 4294967295, i32 0, i32 1, i32 0, void @p_str

]]></Node>
<StgValue><ssdm name="specpipeline_ln0"/></StgValue>
</operation>

<operation id="28" st_id="1" stage="1" lat="1">
<core>Cmp</core>
<MemPortIdVec></MemPortIdVec>
<condition id="-1">
<or_exp><and_exp></and_exp></or_exp>
</condition>

<Node id="16" bw="1" op_0_bw="4" op_1_bw="4">
<![CDATA[
_ZN13ap_fixed_baseILi25ELi11ELb1EL9ap_q_mode5EL9ap_o_mode3ELi0EEC2ILi24ELi10ELb1ELS0_0ELS1_3ELi0EEERKS_IXT_EXT0_EXT1_EXT2_EXT3_EXT4_EE.exit.i:2 %icmp_ln22 = icmp_eq  i4 %i_1, i4 10

]]></Node>
<StgValue><ssdm name="icmp_ln22"/></StgValue>
</operation>

<operation id="29" st_id="1" stage="1" lat="1">
<core>NULL</core>
<MemPortIdVec></MemPortIdVec>
<condition id="-1">
<or_exp><and_exp></and_exp></or_exp>
</condition>

<Node id="17" bw="32" op_0_bw="32" op_1_bw="64" op_2_bw="64" op_3_bw="64">
<![CDATA[
_ZN13ap_fixed_baseILi25ELi11ELb1EL9ap_q_mode5EL9ap_o_mode3ELi0EEC2ILi24ELi10ELb1ELS0_0ELS1_3ELi0EEERKS_IXT_EXT0_EXT1_EXT2_EXT3_EXT4_EE.exit.i:3 %empty = speclooptripcount i32 @_ssdm_op_SpecLoopTripCount, i64 10, i64 10, i64 10

]]></Node>
<StgValue><ssdm name="empty"/></StgValue>
</operation>

<operation id="30" st_id="1" stage="1" lat="1">
<core>Adder</core>
<MemPortIdVec></MemPortIdVec>
<condition id="-1">
<or_exp><and_exp></and_exp></or_exp>
</condition>

<Node id="18" bw="4" op_0_bw="4" op_1_bw="4">
<![CDATA[
_ZN13ap_fixed_baseILi25ELi11ELb1EL9ap_q_mode5EL9ap_o_mode3ELi0EEC2ILi24ELi10ELb1ELS0_0ELS1_3ELi0EEERKS_IXT_EXT0_EXT1_EXT2_EXT3_EXT4_EE.exit.i:4 %add_ln22 = add i4 %i_1, i4 1

]]></Node>
<StgValue><ssdm name="add_ln22"/></StgValue>
</operation>

<operation id="31" st_id="1" stage="1" lat="1">
<core>NULL</core>
<MemPortIdVec></MemPortIdVec>
<condition id="-1">
<or_exp><and_exp></and_exp></or_exp>
</condition>

<Node id="19" bw="0" op_0_bw="1" op_1_bw="0" op_2_bw="0">
<![CDATA[
_ZN13ap_fixed_baseILi25ELi11ELb1EL9ap_q_mode5EL9ap_o_mode3ELi0EEC2ILi24ELi10ELb1ELS0_0ELS1_3ELi0EEERKS_IXT_EXT0_EXT1_EXT2_EXT3_EXT4_EE.exit.i:5 %br_ln22 = br i1 %icmp_ln22, void %_ZN13ap_fixed_baseILi25ELi11ELb1EL9ap_q_mode5EL9ap_o_mode3ELi0EEC2ILi24ELi10ELb1ELS0_0ELS1_3ELi0EEERKS_IXT_EXT0_EXT1_EXT2_EXT3_EXT4_EE.exit.i.split, void %_ifconv.exitStub

]]></Node>
<StgValue><ssdm name="br_ln22"/></StgValue>
</operation>

<operation id="32" st_id="1" stage="1" lat="1">
<core>NULL</core>
<MemPortIdVec></MemPortIdVec>
<condition id="-1">
<or_exp><and_exp><literal name="icmp_ln22" val="0"/>
</and_exp></or_exp>
</condition>

<Node id="22" bw="64" op_0_bw="4">
<![CDATA[
_ZN13ap_fixed_baseILi25ELi11ELb1EL9ap_q_mode5EL9ap_o_mode3ELi0EEC2ILi24ELi10ELb1ELS0_0ELS1_3ELi0EEERKS_IXT_EXT0_EXT1_EXT2_EXT3_EXT4_EE.exit.i.split:1 %i_1_cast = zext i4 %i_1

]]></Node>
<StgValue><ssdm name="i_1_cast"/></StgValue>
</operation>

<operation id="33" st_id="1" stage="1" lat="1">
<core>NULL</core>
<MemPortIdVec></MemPortIdVec>
<condition id="-1">
<or_exp><and_exp><literal name="icmp_ln22" val="0"/>
</and_exp></or_exp>
</condition>

<Node id="24" bw="4" op_0_bw="24" op_1_bw="64" op_2_bw="64">
<![CDATA[
_ZN13ap_fixed_baseILi25ELi11ELb1EL9ap_q_mode5EL9ap_o_mode3ELi0EEC2ILi24ELi10ELb1ELS0_0ELS1_3ELi0EEERKS_IXT_EXT0_EXT1_EXT2_EXT3_EXT4_EE.exit.i.split:3 %input_addr = getelementptr i24 %input_r, i64 0, i64 %i_1_cast

]]></Node>
<StgValue><ssdm name="input_addr"/></StgValue>
</operation>

<operation id="34" st_id="1" stage="2" lat="2">
<core>RAM</core>
<MemPortIdVec>0 </MemPortIdVec>
<condition id="-1">
<or_exp><and_exp><literal name="icmp_ln22" val="0"/>
</and_exp></or_exp>
</condition>

<Node id="25" bw="24" op_0_bw="4">
<![CDATA[
_ZN13ap_fixed_baseILi25ELi11ELb1EL9ap_q_mode5EL9ap_o_mode3ELi0EEC2ILi24ELi10ELb1ELS0_0ELS1_3ELi0EEERKS_IXT_EXT0_EXT1_EXT2_EXT3_EXT4_EE.exit.i.split:4 %input_load = load i4 %input_addr

]]></Node>
<StgValue><ssdm name="input_load"/></StgValue>
</operation>

<operation id="35" st_id="1" stage="1" lat="1">
<core>NULL</core>
<MemPortIdVec></MemPortIdVec>
<condition id="-1">
<or_exp><and_exp><literal name="icmp_ln22" val="0"/>
</and_exp></or_exp>
</condition>

<Node id="30" bw="0" op_0_bw="4" op_1_bw="4" op_2_bw="0" op_3_bw="0">
<![CDATA[
_ZN13ap_fixed_baseILi25ELi11ELb1EL9ap_q_mode5EL9ap_o_mode3ELi0EEC2ILi24ELi10ELb1ELS0_0ELS1_3ELi0EEERKS_IXT_EXT0_EXT1_EXT2_EXT3_EXT4_EE.exit.i.split:9 %store_ln22 = store i4 %add_ln22, i4 %i

]]></Node>
<StgValue><ssdm name="store_ln22"/></StgValue>
</operation>
</state>

<state id="2" st_id="3">

<operation id="36" st_id="2" stage="1" lat="2">
<core>RAM</core>
<MemPortIdVec>0 </MemPortIdVec>
<condition id="-1">
<or_exp><and_exp></and_exp></or_exp>
</condition>

<Node id="25" bw="24" op_0_bw="4">
<![CDATA[
_ZN13ap_fixed_baseILi25ELi11ELb1EL9ap_q_mode5EL9ap_o_mode3ELi0EEC2ILi24ELi10ELb1ELS0_0ELS1_3ELi0EEERKS_IXT_EXT0_EXT1_EXT2_EXT3_EXT4_EE.exit.i.split:4 %input_load = load i4 %input_addr

]]></Node>
<StgValue><ssdm name="input_load"/></StgValue>
</operation>

<operation id="37" st_id="2" stage="1" lat="1">
<core>Adder</core>
<MemPortIdVec></MemPortIdVec>
<condition id="-1">
<or_exp><and_exp></and_exp></or_exp>
</condition>

<Node id="26" bw="24" op_0_bw="24" op_1_bw="24">
<![CDATA[
_ZN13ap_fixed_baseILi25ELi11ELb1EL9ap_q_mode5EL9ap_o_mode3ELi0EEC2ILi24ELi10ELb1ELS0_0ELS1_3ELi0EEERKS_IXT_EXT0_EXT1_EXT2_EXT3_EXT4_EE.exit.i.split:5 %x_V = sub i24 %input_load, i24 %m_V_1_reload_read

]]></Node>
<StgValue><ssdm name="x_V"/></StgValue>
</operation>
</state>

<state id="3" st_id="4">

<operation id="38" st_id="3" stage="15" lat="15">
<core></core>
<MemPortIdVec></MemPortIdVec>
<condition id="-1">
<or_exp><and_exp></and_exp></or_exp>
</condition>

<Node id="27" bw="23" op_0_bw="23" op_1_bw="24" op_2_bw="32" op_3_bw="46" op_4_bw="50">
<![CDATA[
_ZN13ap_fixed_baseILi25ELi11ELb1EL9ap_q_mode5EL9ap_o_mode3ELi0EEC2ILi24ELi10ELb1ELS0_0ELS1_3ELi0EEERKS_IXT_EXT0_EXT1_EXT2_EXT3_EXT4_EE.exit.i.split:6 %op2_V = call i23 @exp<24, 10>, i24 %x_V, i32 %f_x_msb_3_table_V, i46 %f_x_msb_2_table_V, i50 %exp_x_msb_1_table_V

]]></Node>
<StgValue><ssdm name="op2_V"/></StgValue>
</operation>
</state>

<state id="4" st_id="5">

<operation id="39" st_id="4" stage="14" lat="15">
<core></core>
<MemPortIdVec></MemPortIdVec>
<condition id="-1">
<or_exp><and_exp></and_exp></or_exp>
</condition>

<Node id="27" bw="23" op_0_bw="23" op_1_bw="24" op_2_bw="32" op_3_bw="46" op_4_bw="50">
<![CDATA[
_ZN13ap_fixed_baseILi25ELi11ELb1EL9ap_q_mode5EL9ap_o_mode3ELi0EEC2ILi24ELi10ELb1ELS0_0ELS1_3ELi0EEERKS_IXT_EXT0_EXT1_EXT2_EXT3_EXT4_EE.exit.i.split:6 %op2_V = call i23 @exp<24, 10>, i24 %x_V, i32 %f_x_msb_3_table_V, i46 %f_x_msb_2_table_V, i50 %exp_x_msb_1_table_V

]]></Node>
<StgValue><ssdm name="op2_V"/></StgValue>
</operation>
</state>

<state id="5" st_id="6">

<operation id="40" st_id="5" stage="13" lat="15">
<core></core>
<MemPortIdVec></MemPortIdVec>
<condition id="-1">
<or_exp><and_exp></and_exp></or_exp>
</condition>

<Node id="27" bw="23" op_0_bw="23" op_1_bw="24" op_2_bw="32" op_3_bw="46" op_4_bw="50">
<![CDATA[
_ZN13ap_fixed_baseILi25ELi11ELb1EL9ap_q_mode5EL9ap_o_mode3ELi0EEC2ILi24ELi10ELb1ELS0_0ELS1_3ELi0EEERKS_IXT_EXT0_EXT1_EXT2_EXT3_EXT4_EE.exit.i.split:6 %op2_V = call i23 @exp<24, 10>, i24 %x_V, i32 %f_x_msb_3_table_V, i46 %f_x_msb_2_table_V, i50 %exp_x_msb_1_table_V

]]></Node>
<StgValue><ssdm name="op2_V"/></StgValue>
</operation>
</state>

<state id="6" st_id="7">

<operation id="41" st_id="6" stage="12" lat="15">
<core></core>
<MemPortIdVec></MemPortIdVec>
<condition id="-1">
<or_exp><and_exp></and_exp></or_exp>
</condition>

<Node id="27" bw="23" op_0_bw="23" op_1_bw="24" op_2_bw="32" op_3_bw="46" op_4_bw="50">
<![CDATA[
_ZN13ap_fixed_baseILi25ELi11ELb1EL9ap_q_mode5EL9ap_o_mode3ELi0EEC2ILi24ELi10ELb1ELS0_0ELS1_3ELi0EEERKS_IXT_EXT0_EXT1_EXT2_EXT3_EXT4_EE.exit.i.split:6 %op2_V = call i23 @exp<24, 10>, i24 %x_V, i32 %f_x_msb_3_table_V, i46 %f_x_msb_2_table_V, i50 %exp_x_msb_1_table_V

]]></Node>
<StgValue><ssdm name="op2_V"/></StgValue>
</operation>
</state>

<state id="7" st_id="8">

<operation id="42" st_id="7" stage="11" lat="15">
<core></core>
<MemPortIdVec></MemPortIdVec>
<condition id="-1">
<or_exp><and_exp></and_exp></or_exp>
</condition>

<Node id="27" bw="23" op_0_bw="23" op_1_bw="24" op_2_bw="32" op_3_bw="46" op_4_bw="50">
<![CDATA[
_ZN13ap_fixed_baseILi25ELi11ELb1EL9ap_q_mode5EL9ap_o_mode3ELi0EEC2ILi24ELi10ELb1ELS0_0ELS1_3ELi0EEERKS_IXT_EXT0_EXT1_EXT2_EXT3_EXT4_EE.exit.i.split:6 %op2_V = call i23 @exp<24, 10>, i24 %x_V, i32 %f_x_msb_3_table_V, i46 %f_x_msb_2_table_V, i50 %exp_x_msb_1_table_V

]]></Node>
<StgValue><ssdm name="op2_V"/></StgValue>
</operation>
</state>

<state id="8" st_id="9">

<operation id="43" st_id="8" stage="10" lat="15">
<core></core>
<MemPortIdVec></MemPortIdVec>
<condition id="-1">
<or_exp><and_exp></and_exp></or_exp>
</condition>

<Node id="27" bw="23" op_0_bw="23" op_1_bw="24" op_2_bw="32" op_3_bw="46" op_4_bw="50">
<![CDATA[
_ZN13ap_fixed_baseILi25ELi11ELb1EL9ap_q_mode5EL9ap_o_mode3ELi0EEC2ILi24ELi10ELb1ELS0_0ELS1_3ELi0EEERKS_IXT_EXT0_EXT1_EXT2_EXT3_EXT4_EE.exit.i.split:6 %op2_V = call i23 @exp<24, 10>, i24 %x_V, i32 %f_x_msb_3_table_V, i46 %f_x_msb_2_table_V, i50 %exp_x_msb_1_table_V

]]></Node>
<StgValue><ssdm name="op2_V"/></StgValue>
</operation>
</state>

<state id="9" st_id="10">

<operation id="44" st_id="9" stage="9" lat="15">
<core></core>
<MemPortIdVec></MemPortIdVec>
<condition id="-1">
<or_exp><and_exp></and_exp></or_exp>
</condition>

<Node id="27" bw="23" op_0_bw="23" op_1_bw="24" op_2_bw="32" op_3_bw="46" op_4_bw="50">
<![CDATA[
_ZN13ap_fixed_baseILi25ELi11ELb1EL9ap_q_mode5EL9ap_o_mode3ELi0EEC2ILi24ELi10ELb1ELS0_0ELS1_3ELi0EEERKS_IXT_EXT0_EXT1_EXT2_EXT3_EXT4_EE.exit.i.split:6 %op2_V = call i23 @exp<24, 10>, i24 %x_V, i32 %f_x_msb_3_table_V, i46 %f_x_msb_2_table_V, i50 %exp_x_msb_1_table_V

]]></Node>
<StgValue><ssdm name="op2_V"/></StgValue>
</operation>
</state>

<state id="10" st_id="11">

<operation id="45" st_id="10" stage="8" lat="15">
<core></core>
<MemPortIdVec></MemPortIdVec>
<condition id="-1">
<or_exp><and_exp></and_exp></or_exp>
</condition>

<Node id="27" bw="23" op_0_bw="23" op_1_bw="24" op_2_bw="32" op_3_bw="46" op_4_bw="50">
<![CDATA[
_ZN13ap_fixed_baseILi25ELi11ELb1EL9ap_q_mode5EL9ap_o_mode3ELi0EEC2ILi24ELi10ELb1ELS0_0ELS1_3ELi0EEERKS_IXT_EXT0_EXT1_EXT2_EXT3_EXT4_EE.exit.i.split:6 %op2_V = call i23 @exp<24, 10>, i24 %x_V, i32 %f_x_msb_3_table_V, i46 %f_x_msb_2_table_V, i50 %exp_x_msb_1_table_V

]]></Node>
<StgValue><ssdm name="op2_V"/></StgValue>
</operation>
</state>

<state id="11" st_id="12">

<operation id="46" st_id="11" stage="7" lat="15">
<core></core>
<MemPortIdVec></MemPortIdVec>
<condition id="-1">
<or_exp><and_exp></and_exp></or_exp>
</condition>

<Node id="27" bw="23" op_0_bw="23" op_1_bw="24" op_2_bw="32" op_3_bw="46" op_4_bw="50">
<![CDATA[
_ZN13ap_fixed_baseILi25ELi11ELb1EL9ap_q_mode5EL9ap_o_mode3ELi0EEC2ILi24ELi10ELb1ELS0_0ELS1_3ELi0EEERKS_IXT_EXT0_EXT1_EXT2_EXT3_EXT4_EE.exit.i.split:6 %op2_V = call i23 @exp<24, 10>, i24 %x_V, i32 %f_x_msb_3_table_V, i46 %f_x_msb_2_table_V, i50 %exp_x_msb_1_table_V

]]></Node>
<StgValue><ssdm name="op2_V"/></StgValue>
</operation>
</state>

<state id="12" st_id="13">

<operation id="47" st_id="12" stage="6" lat="15">
<core></core>
<MemPortIdVec></MemPortIdVec>
<condition id="-1">
<or_exp><and_exp></and_exp></or_exp>
</condition>

<Node id="27" bw="23" op_0_bw="23" op_1_bw="24" op_2_bw="32" op_3_bw="46" op_4_bw="50">
<![CDATA[
_ZN13ap_fixed_baseILi25ELi11ELb1EL9ap_q_mode5EL9ap_o_mode3ELi0EEC2ILi24ELi10ELb1ELS0_0ELS1_3ELi0EEERKS_IXT_EXT0_EXT1_EXT2_EXT3_EXT4_EE.exit.i.split:6 %op2_V = call i23 @exp<24, 10>, i24 %x_V, i32 %f_x_msb_3_table_V, i46 %f_x_msb_2_table_V, i50 %exp_x_msb_1_table_V

]]></Node>
<StgValue><ssdm name="op2_V"/></StgValue>
</operation>
</state>

<state id="13" st_id="14">

<operation id="48" st_id="13" stage="5" lat="15">
<core></core>
<MemPortIdVec></MemPortIdVec>
<condition id="-1">
<or_exp><and_exp></and_exp></or_exp>
</condition>

<Node id="27" bw="23" op_0_bw="23" op_1_bw="24" op_2_bw="32" op_3_bw="46" op_4_bw="50">
<![CDATA[
_ZN13ap_fixed_baseILi25ELi11ELb1EL9ap_q_mode5EL9ap_o_mode3ELi0EEC2ILi24ELi10ELb1ELS0_0ELS1_3ELi0EEERKS_IXT_EXT0_EXT1_EXT2_EXT3_EXT4_EE.exit.i.split:6 %op2_V = call i23 @exp<24, 10>, i24 %x_V, i32 %f_x_msb_3_table_V, i46 %f_x_msb_2_table_V, i50 %exp_x_msb_1_table_V

]]></Node>
<StgValue><ssdm name="op2_V"/></StgValue>
</operation>
</state>

<state id="14" st_id="15">

<operation id="49" st_id="14" stage="4" lat="15">
<core></core>
<MemPortIdVec></MemPortIdVec>
<condition id="-1">
<or_exp><and_exp></and_exp></or_exp>
</condition>

<Node id="27" bw="23" op_0_bw="23" op_1_bw="24" op_2_bw="32" op_3_bw="46" op_4_bw="50">
<![CDATA[
_ZN13ap_fixed_baseILi25ELi11ELb1EL9ap_q_mode5EL9ap_o_mode3ELi0EEC2ILi24ELi10ELb1ELS0_0ELS1_3ELi0EEERKS_IXT_EXT0_EXT1_EXT2_EXT3_EXT4_EE.exit.i.split:6 %op2_V = call i23 @exp<24, 10>, i24 %x_V, i32 %f_x_msb_3_table_V, i46 %f_x_msb_2_table_V, i50 %exp_x_msb_1_table_V

]]></Node>
<StgValue><ssdm name="op2_V"/></StgValue>
</operation>
</state>

<state id="15" st_id="16">

<operation id="50" st_id="15" stage="3" lat="15">
<core></core>
<MemPortIdVec></MemPortIdVec>
<condition id="-1">
<or_exp><and_exp></and_exp></or_exp>
</condition>

<Node id="27" bw="23" op_0_bw="23" op_1_bw="24" op_2_bw="32" op_3_bw="46" op_4_bw="50">
<![CDATA[
_ZN13ap_fixed_baseILi25ELi11ELb1EL9ap_q_mode5EL9ap_o_mode3ELi0EEC2ILi24ELi10ELb1ELS0_0ELS1_3ELi0EEERKS_IXT_EXT0_EXT1_EXT2_EXT3_EXT4_EE.exit.i.split:6 %op2_V = call i23 @exp<24, 10>, i24 %x_V, i32 %f_x_msb_3_table_V, i46 %f_x_msb_2_table_V, i50 %exp_x_msb_1_table_V

]]></Node>
<StgValue><ssdm name="op2_V"/></StgValue>
</operation>
</state>

<state id="16" st_id="17">

<operation id="51" st_id="16" stage="2" lat="15">
<core></core>
<MemPortIdVec></MemPortIdVec>
<condition id="-1">
<or_exp><and_exp></and_exp></or_exp>
</condition>

<Node id="27" bw="23" op_0_bw="23" op_1_bw="24" op_2_bw="32" op_3_bw="46" op_4_bw="50">
<![CDATA[
_ZN13ap_fixed_baseILi25ELi11ELb1EL9ap_q_mode5EL9ap_o_mode3ELi0EEC2ILi24ELi10ELb1ELS0_0ELS1_3ELi0EEERKS_IXT_EXT0_EXT1_EXT2_EXT3_EXT4_EE.exit.i.split:6 %op2_V = call i23 @exp<24, 10>, i24 %x_V, i32 %f_x_msb_3_table_V, i46 %f_x_msb_2_table_V, i50 %exp_x_msb_1_table_V

]]></Node>
<StgValue><ssdm name="op2_V"/></StgValue>
</operation>

<operation id="59" st_id="16" stage="1" lat="1">
<core>NULL</core>
<MemPortIdVec></MemPortIdVec>
<condition id="-1">
<or_exp><and_exp><literal name="icmp_ln22" val="1"/>
</and_exp></or_exp>
</condition>

<Node id="34" bw="24" op_0_bw="24" op_1_bw="0">
<![CDATA[
_ifconv.exitStub:0 %sum_V_load_1 = load i24 %sum_V

]]></Node>
<StgValue><ssdm name="sum_V_load_1"/></StgValue>
</operation>

<operation id="60" st_id="16" stage="1" lat="1">
<core>NULL</core>
<MemPortIdVec></MemPortIdVec>
<condition id="-1">
<or_exp><and_exp><literal name="icmp_ln22" val="1"/>
</and_exp></or_exp>
</condition>

<Node id="35" bw="0" op_0_bw="0" op_1_bw="24" op_2_bw="24">
<![CDATA[
_ifconv.exitStub:1 %write_ln0 = write void @_ssdm_op_Write.ap_auto.i24P0A, i24 %sum_V_out, i24 %sum_V_load_1

]]></Node>
<StgValue><ssdm name="write_ln0"/></StgValue>
</operation>

<operation id="61" st_id="16" stage="1" lat="1">
<core>NULL</core>
<MemPortIdVec></MemPortIdVec>
<condition id="-1">
<or_exp><and_exp><literal name="icmp_ln22" val="1"/>
</and_exp></or_exp>
</condition>

<Node id="36" bw="0">
<![CDATA[
_ifconv.exitStub:2 %ret_ln0 = ret

]]></Node>
<StgValue><ssdm name="ret_ln0"/></StgValue>
</operation>
</state>

<state id="17" st_id="18">

<operation id="52" st_id="17" stage="1" lat="1">
<core>NULL</core>
<MemPortIdVec></MemPortIdVec>
<condition id="-1">
<or_exp><and_exp></and_exp></or_exp>
</condition>

<Node id="21" bw="24" op_0_bw="24" op_1_bw="0">
<![CDATA[
_ZN13ap_fixed_baseILi25ELi11ELb1EL9ap_q_mode5EL9ap_o_mode3ELi0EEC2ILi24ELi10ELb1ELS0_0ELS1_3ELi0EEERKS_IXT_EXT0_EXT1_EXT2_EXT3_EXT4_EE.exit.i.split:0 %sum_V_load = load i24 %sum_V

]]></Node>
<StgValue><ssdm name="sum_V_load"/></StgValue>
</operation>

<operation id="53" st_id="17" stage="1" lat="1">
<core>NULL</core>
<MemPortIdVec></MemPortIdVec>
<condition id="-1">
<or_exp><and_exp></and_exp></or_exp>
</condition>

<Node id="23" bw="0" op_0_bw="0" op_1_bw="0">
<![CDATA[
_ZN13ap_fixed_baseILi25ELi11ELb1EL9ap_q_mode5EL9ap_o_mode3ELi0EEC2ILi24ELi10ELb1ELS0_0ELS1_3ELi0EEERKS_IXT_EXT0_EXT1_EXT2_EXT3_EXT4_EE.exit.i.split:2 %specloopname_ln11 = specloopname void @_ssdm_op_SpecLoopName, void @empty_7

]]></Node>
<StgValue><ssdm name="specloopname_ln11"/></StgValue>
</operation>

<operation id="54" st_id="17" stage="1" lat="15">
<core></core>
<MemPortIdVec></MemPortIdVec>
<condition id="-1">
<or_exp><and_exp></and_exp></or_exp>
</condition>

<Node id="27" bw="23" op_0_bw="23" op_1_bw="24" op_2_bw="32" op_3_bw="46" op_4_bw="50">
<![CDATA[
_ZN13ap_fixed_baseILi25ELi11ELb1EL9ap_q_mode5EL9ap_o_mode3ELi0EEC2ILi24ELi10ELb1ELS0_0ELS1_3ELi0EEERKS_IXT_EXT0_EXT1_EXT2_EXT3_EXT4_EE.exit.i.split:6 %op2_V = call i23 @exp<24, 10>, i24 %x_V, i32 %f_x_msb_3_table_V, i46 %f_x_msb_2_table_V, i50 %exp_x_msb_1_table_V

]]></Node>
<StgValue><ssdm name="op2_V"/></StgValue>
</operation>

<operation id="55" st_id="17" stage="1" lat="1">
<core>NULL</core>
<MemPortIdVec></MemPortIdVec>
<condition id="-1">
<or_exp><and_exp></and_exp></or_exp>
</condition>

<Node id="28" bw="24" op_0_bw="23">
<![CDATA[
_ZN13ap_fixed_baseILi25ELi11ELb1EL9ap_q_mode5EL9ap_o_mode3ELi0EEC2ILi24ELi10ELb1ELS0_0ELS1_3ELi0EEERKS_IXT_EXT0_EXT1_EXT2_EXT3_EXT4_EE.exit.i.split:7 %zext_ln712 = zext i23 %op2_V

]]></Node>
<StgValue><ssdm name="zext_ln712"/></StgValue>
</operation>

<operation id="56" st_id="17" stage="1" lat="1">
<core>Adder</core>
<MemPortIdVec></MemPortIdVec>
<condition id="-1">
<or_exp><and_exp></and_exp></or_exp>
</condition>

<Node id="29" bw="24" op_0_bw="24" op_1_bw="24">
<![CDATA[
_ZN13ap_fixed_baseILi25ELi11ELb1EL9ap_q_mode5EL9ap_o_mode3ELi0EEC2ILi24ELi10ELb1ELS0_0ELS1_3ELi0EEERKS_IXT_EXT0_EXT1_EXT2_EXT3_EXT4_EE.exit.i.split:8 %sum_V_1 = add i24 %zext_ln712, i24 %sum_V_load

]]></Node>
<StgValue><ssdm name="sum_V_1"/></StgValue>
</operation>

<operation id="57" st_id="17" stage="1" lat="1">
<core>NULL</core>
<MemPortIdVec></MemPortIdVec>
<condition id="-1">
<or_exp><and_exp></and_exp></or_exp>
</condition>

<Node id="31" bw="0" op_0_bw="24" op_1_bw="24" op_2_bw="0" op_3_bw="0">
<![CDATA[
_ZN13ap_fixed_baseILi25ELi11ELb1EL9ap_q_mode5EL9ap_o_mode3ELi0EEC2ILi24ELi10ELb1ELS0_0ELS1_3ELi0EEERKS_IXT_EXT0_EXT1_EXT2_EXT3_EXT4_EE.exit.i.split:10 %store_ln712 = store i24 %sum_V_1, i24 %sum_V

]]></Node>
<StgValue><ssdm name="store_ln712"/></StgValue>
</operation>

<operation id="58" st_id="17" stage="1" lat="1">
<core>NULL</core>
<MemPortIdVec></MemPortIdVec>
<condition id="-1">
<or_exp><and_exp></and_exp></or_exp>
</condition>

<Node id="32" bw="0" op_0_bw="0">
<![CDATA[
_ZN13ap_fixed_baseILi25ELi11ELb1EL9ap_q_mode5EL9ap_o_mode3ELi0EEC2ILi24ELi10ELb1ELS0_0ELS1_3ELi0EEERKS_IXT_EXT0_EXT1_EXT2_EXT3_EXT4_EE.exit.i.split:11 %br_ln0 = br void %_ZN13ap_fixed_baseILi25ELi11ELb1EL9ap_q_mode5EL9ap_o_mode3ELi0EEC2ILi24ELi10ELb1ELS0_0ELS1_3ELi0EEERKS_IXT_EXT0_EXT1_EXT2_EXT3_EXT4_EE.exit.i

]]></Node>
<StgValue><ssdm name="br_ln0"/></StgValue>
</operation>
</state>
</state_list>


<ports>
<port id="101" name="input_r" dir="0" iftype="1">
<core>RAM</core><StgValue><ssdm name="input_r"/><MemPortTyVec>1 3 </MemPortTyVec>
</StgValue>
</port>
<port id="102" name="m_V_1_reload" dir="0" iftype="0">
<core>NULL</core><StgValue><ssdm name="m_V_1_reload"/></StgValue>
</port>
<port id="103" name="sum_V_out" dir="1" iftype="0">
<core>NULL</core><StgValue><ssdm name="sum_V_out"/></StgValue>
</port>
<port id="104" name="f_x_msb_3_table_V" dir="0" iftype="1">
<core>ROM</core><StgValue><ssdm name="f_x_msb_3_table_V"/><MemPortTyVec>1 </MemPortTyVec>
</StgValue>
</port>
<port id="105" name="f_x_msb_2_table_V" dir="0" iftype="1">
<core>ROM</core><StgValue><ssdm name="f_x_msb_2_table_V"/><MemPortTyVec>1 </MemPortTyVec>
</StgValue>
</port>
<port id="106" name="exp_x_msb_1_table_V" dir="0" iftype="1">
<core>ROM</core><StgValue><ssdm name="exp_x_msb_1_table_V"/><MemPortTyVec>1 </MemPortTyVec>
</StgValue>
</port>
</ports>


<dataflows>
<dataflow id="108" from="StgValue_107" to="sum_V" fromId="107" toId="20">
</dataflow>
<dataflow id="109" from="StgValue_107" to="i" fromId="107" toId="21">
</dataflow>
<dataflow id="111" from="_ssdm_op_Read.ap_auto.i24" to="m_V_1_reload_read" fromId="110" toId="22">
</dataflow>
<dataflow id="112" from="m_V_1_reload" to="m_V_1_reload_read" fromId="102" toId="22">
</dataflow>
<dataflow id="114" from="StgValue_113" to="store_ln0" fromId="113" toId="23">
</dataflow>
<dataflow id="115" from="i" to="store_ln0" fromId="21" toId="23">
</dataflow>
<dataflow id="117" from="StgValue_116" to="store_ln0" fromId="116" toId="24">
</dataflow>
<dataflow id="118" from="sum_V" to="store_ln0" fromId="20" toId="24">
</dataflow>
<dataflow id="119" from="i" to="i_1" fromId="21" toId="26">
</dataflow>
<dataflow id="121" from="_ssdm_op_SpecPipeline" to="specpipeline_ln0" fromId="120" toId="27">
</dataflow>
<dataflow id="123" from="StgValue_122" to="specpipeline_ln0" fromId="122" toId="27">
</dataflow>
<dataflow id="125" from="StgValue_124" to="specpipeline_ln0" fromId="124" toId="27">
</dataflow>
<dataflow id="126" from="StgValue_107" to="specpipeline_ln0" fromId="107" toId="27">
</dataflow>
<dataflow id="127" from="StgValue_124" to="specpipeline_ln0" fromId="124" toId="27">
</dataflow>
<dataflow id="129" from="p_str" to="specpipeline_ln0" fromId="128" toId="27">
</dataflow>
<dataflow id="130" from="i_1" to="icmp_ln22" fromId="26" toId="28">
</dataflow>
<dataflow id="132" from="StgValue_131" to="icmp_ln22" fromId="131" toId="28">
</dataflow>
<dataflow id="134" from="_ssdm_op_SpecLoopTripCount" to="empty" fromId="133" toId="29">
</dataflow>
<dataflow id="136" from="StgValue_135" to="empty" fromId="135" toId="29">
</dataflow>
<dataflow id="137" from="StgValue_135" to="empty" fromId="135" toId="29">
</dataflow>
<dataflow id="138" from="StgValue_135" to="empty" fromId="135" toId="29">
</dataflow>
<dataflow id="139" from="i_1" to="add_ln22" fromId="26" toId="30">
</dataflow>
<dataflow id="141" from="StgValue_140" to="add_ln22" fromId="140" toId="30">
</dataflow>
<dataflow id="142" from="icmp_ln22" to="br_ln22" fromId="28" toId="31">
</dataflow>
<dataflow id="143" from="i_1" to="i_1_cast" fromId="26" toId="32">
</dataflow>
<dataflow id="144" from="input_r" to="input_addr" fromId="101" toId="33">
</dataflow>
<dataflow id="146" from="StgValue_145" to="input_addr" fromId="145" toId="33">
</dataflow>
<dataflow id="147" from="i_1_cast" to="input_addr" fromId="32" toId="33">
</dataflow>
<dataflow id="148" from="input_addr" to="input_load" fromId="33" toId="34">
</dataflow>
<dataflow id="149" from="add_ln22" to="store_ln22" fromId="30" toId="35">
</dataflow>
<dataflow id="150" from="i" to="store_ln22" fromId="21" toId="35">
</dataflow>
<dataflow id="151" from="input_addr" to="input_load" fromId="33" toId="36">
</dataflow>
<dataflow id="152" from="input_load" to="x_V" fromId="36" toId="37">
</dataflow>
<dataflow id="153" from="m_V_1_reload_read" to="x_V" fromId="22" toId="37">
</dataflow>
<dataflow id="155" from="exp<24, 10>" to="op2_V" fromId="154" toId="38">
</dataflow>
<dataflow id="156" from="x_V" to="op2_V" fromId="37" toId="38">
</dataflow>
<dataflow id="157" from="f_x_msb_3_table_V" to="op2_V" fromId="104" toId="38">
</dataflow>
<dataflow id="158" from="f_x_msb_2_table_V" to="op2_V" fromId="105" toId="38">
</dataflow>
<dataflow id="159" from="exp_x_msb_1_table_V" to="op2_V" fromId="106" toId="38">
</dataflow>
<dataflow id="160" from="exp<24, 10>" to="op2_V" fromId="154" toId="39">
</dataflow>
<dataflow id="161" from="x_V" to="op2_V" fromId="37" toId="39">
</dataflow>
<dataflow id="162" from="f_x_msb_3_table_V" to="op2_V" fromId="104" toId="39">
</dataflow>
<dataflow id="163" from="f_x_msb_2_table_V" to="op2_V" fromId="105" toId="39">
</dataflow>
<dataflow id="164" from="exp_x_msb_1_table_V" to="op2_V" fromId="106" toId="39">
</dataflow>
<dataflow id="165" from="exp<24, 10>" to="op2_V" fromId="154" toId="40">
</dataflow>
<dataflow id="166" from="x_V" to="op2_V" fromId="37" toId="40">
</dataflow>
<dataflow id="167" from="f_x_msb_3_table_V" to="op2_V" fromId="104" toId="40">
</dataflow>
<dataflow id="168" from="f_x_msb_2_table_V" to="op2_V" fromId="105" toId="40">
</dataflow>
<dataflow id="169" from="exp_x_msb_1_table_V" to="op2_V" fromId="106" toId="40">
</dataflow>
<dataflow id="170" from="exp<24, 10>" to="op2_V" fromId="154" toId="41">
</dataflow>
<dataflow id="171" from="x_V" to="op2_V" fromId="37" toId="41">
</dataflow>
<dataflow id="172" from="f_x_msb_3_table_V" to="op2_V" fromId="104" toId="41">
</dataflow>
<dataflow id="173" from="f_x_msb_2_table_V" to="op2_V" fromId="105" toId="41">
</dataflow>
<dataflow id="174" from="exp_x_msb_1_table_V" to="op2_V" fromId="106" toId="41">
</dataflow>
<dataflow id="175" from="exp<24, 10>" to="op2_V" fromId="154" toId="42">
</dataflow>
<dataflow id="176" from="x_V" to="op2_V" fromId="37" toId="42">
</dataflow>
<dataflow id="177" from="f_x_msb_3_table_V" to="op2_V" fromId="104" toId="42">
</dataflow>
<dataflow id="178" from="f_x_msb_2_table_V" to="op2_V" fromId="105" toId="42">
</dataflow>
<dataflow id="179" from="exp_x_msb_1_table_V" to="op2_V" fromId="106" toId="42">
</dataflow>
<dataflow id="180" from="exp<24, 10>" to="op2_V" fromId="154" toId="43">
</dataflow>
<dataflow id="181" from="x_V" to="op2_V" fromId="37" toId="43">
</dataflow>
<dataflow id="182" from="f_x_msb_3_table_V" to="op2_V" fromId="104" toId="43">
</dataflow>
<dataflow id="183" from="f_x_msb_2_table_V" to="op2_V" fromId="105" toId="43">
</dataflow>
<dataflow id="184" from="exp_x_msb_1_table_V" to="op2_V" fromId="106" toId="43">
</dataflow>
<dataflow id="185" from="exp<24, 10>" to="op2_V" fromId="154" toId="44">
</dataflow>
<dataflow id="186" from="x_V" to="op2_V" fromId="37" toId="44">
</dataflow>
<dataflow id="187" from="f_x_msb_3_table_V" to="op2_V" fromId="104" toId="44">
</dataflow>
<dataflow id="188" from="f_x_msb_2_table_V" to="op2_V" fromId="105" toId="44">
</dataflow>
<dataflow id="189" from="exp_x_msb_1_table_V" to="op2_V" fromId="106" toId="44">
</dataflow>
<dataflow id="190" from="exp<24, 10>" to="op2_V" fromId="154" toId="45">
</dataflow>
<dataflow id="191" from="x_V" to="op2_V" fromId="37" toId="45">
</dataflow>
<dataflow id="192" from="f_x_msb_3_table_V" to="op2_V" fromId="104" toId="45">
</dataflow>
<dataflow id="193" from="f_x_msb_2_table_V" to="op2_V" fromId="105" toId="45">
</dataflow>
<dataflow id="194" from="exp_x_msb_1_table_V" to="op2_V" fromId="106" toId="45">
</dataflow>
<dataflow id="195" from="exp<24, 10>" to="op2_V" fromId="154" toId="46">
</dataflow>
<dataflow id="196" from="x_V" to="op2_V" fromId="37" toId="46">
</dataflow>
<dataflow id="197" from="f_x_msb_3_table_V" to="op2_V" fromId="104" toId="46">
</dataflow>
<dataflow id="198" from="f_x_msb_2_table_V" to="op2_V" fromId="105" toId="46">
</dataflow>
<dataflow id="199" from="exp_x_msb_1_table_V" to="op2_V" fromId="106" toId="46">
</dataflow>
<dataflow id="200" from="exp<24, 10>" to="op2_V" fromId="154" toId="47">
</dataflow>
<dataflow id="201" from="x_V" to="op2_V" fromId="37" toId="47">
</dataflow>
<dataflow id="202" from="f_x_msb_3_table_V" to="op2_V" fromId="104" toId="47">
</dataflow>
<dataflow id="203" from="f_x_msb_2_table_V" to="op2_V" fromId="105" toId="47">
</dataflow>
<dataflow id="204" from="exp_x_msb_1_table_V" to="op2_V" fromId="106" toId="47">
</dataflow>
<dataflow id="205" from="exp<24, 10>" to="op2_V" fromId="154" toId="48">
</dataflow>
<dataflow id="206" from="x_V" to="op2_V" fromId="37" toId="48">
</dataflow>
<dataflow id="207" from="f_x_msb_3_table_V" to="op2_V" fromId="104" toId="48">
</dataflow>
<dataflow id="208" from="f_x_msb_2_table_V" to="op2_V" fromId="105" toId="48">
</dataflow>
<dataflow id="209" from="exp_x_msb_1_table_V" to="op2_V" fromId="106" toId="48">
</dataflow>
<dataflow id="210" from="exp<24, 10>" to="op2_V" fromId="154" toId="49">
</dataflow>
<dataflow id="211" from="x_V" to="op2_V" fromId="37" toId="49">
</dataflow>
<dataflow id="212" from="f_x_msb_3_table_V" to="op2_V" fromId="104" toId="49">
</dataflow>
<dataflow id="213" from="f_x_msb_2_table_V" to="op2_V" fromId="105" toId="49">
</dataflow>
<dataflow id="214" from="exp_x_msb_1_table_V" to="op2_V" fromId="106" toId="49">
</dataflow>
<dataflow id="215" from="exp<24, 10>" to="op2_V" fromId="154" toId="50">
</dataflow>
<dataflow id="216" from="x_V" to="op2_V" fromId="37" toId="50">
</dataflow>
<dataflow id="217" from="f_x_msb_3_table_V" to="op2_V" fromId="104" toId="50">
</dataflow>
<dataflow id="218" from="f_x_msb_2_table_V" to="op2_V" fromId="105" toId="50">
</dataflow>
<dataflow id="219" from="exp_x_msb_1_table_V" to="op2_V" fromId="106" toId="50">
</dataflow>
<dataflow id="220" from="exp<24, 10>" to="op2_V" fromId="154" toId="51">
</dataflow>
<dataflow id="221" from="x_V" to="op2_V" fromId="37" toId="51">
</dataflow>
<dataflow id="222" from="f_x_msb_3_table_V" to="op2_V" fromId="104" toId="51">
</dataflow>
<dataflow id="223" from="f_x_msb_2_table_V" to="op2_V" fromId="105" toId="51">
</dataflow>
<dataflow id="224" from="exp_x_msb_1_table_V" to="op2_V" fromId="106" toId="51">
</dataflow>
<dataflow id="225" from="sum_V" to="sum_V_load" fromId="20" toId="52">
</dataflow>
<dataflow id="227" from="_ssdm_op_SpecLoopName" to="specloopname_ln11" fromId="226" toId="53">
</dataflow>
<dataflow id="229" from="empty_7" to="specloopname_ln11" fromId="228" toId="53">
</dataflow>
<dataflow id="230" from="exp<24, 10>" to="op2_V" fromId="154" toId="54">
</dataflow>
<dataflow id="231" from="x_V" to="op2_V" fromId="37" toId="54">
</dataflow>
<dataflow id="232" from="f_x_msb_3_table_V" to="op2_V" fromId="104" toId="54">
</dataflow>
<dataflow id="233" from="f_x_msb_2_table_V" to="op2_V" fromId="105" toId="54">
</dataflow>
<dataflow id="234" from="exp_x_msb_1_table_V" to="op2_V" fromId="106" toId="54">
</dataflow>
<dataflow id="235" from="op2_V" to="zext_ln712" fromId="54" toId="55">
</dataflow>
<dataflow id="236" from="zext_ln712" to="sum_V_1" fromId="55" toId="56">
</dataflow>
<dataflow id="237" from="sum_V_load" to="sum_V_1" fromId="52" toId="56">
</dataflow>
<dataflow id="238" from="sum_V_1" to="store_ln712" fromId="56" toId="57">
</dataflow>
<dataflow id="239" from="sum_V" to="store_ln712" fromId="20" toId="57">
</dataflow>
<dataflow id="240" from="sum_V" to="sum_V_load_1" fromId="20" toId="59">
</dataflow>
<dataflow id="242" from="_ssdm_op_Write.ap_auto.i24P0A" to="write_ln0" fromId="241" toId="60">
</dataflow>
<dataflow id="243" from="sum_V_out" to="write_ln0" fromId="103" toId="60">
</dataflow>
<dataflow id="244" from="sum_V_load_1" to="write_ln0" fromId="59" toId="60">
</dataflow>
<dataflow id="245" from="icmp_ln22" to="StgValue_2" fromId="28" toId="2">
</dataflow>
<dataflow id="246" from="icmp_ln22" to="StgValue_17" fromId="28" toId="17">
</dataflow>
</dataflows>


</stg>
