<stg><name>softmax</name>


<trans_list>

<trans id="108" from="1" to="2">
<condition id="-1">
<or_exp><and_exp></and_exp></or_exp>
</condition>
</trans>

<trans id="109" from="2" to="3">
<condition id="-1">
<or_exp><and_exp></and_exp></or_exp>
</condition>
</trans>

<trans id="110" from="3" to="4">
<condition id="-1">
<or_exp><and_exp></and_exp></or_exp>
</condition>
</trans>

<trans id="111" from="4" to="5">
<condition id="-1">
<or_exp><and_exp></and_exp></or_exp>
</condition>
</trans>

<trans id="112" from="5" to="6">
<condition id="-1">
<or_exp><and_exp></and_exp></or_exp>
</condition>
</trans>

<trans id="113" from="6" to="7">
<condition id="-1">
<or_exp><and_exp></and_exp></or_exp>
</condition>
</trans>

<trans id="114" from="7" to="8">
<condition id="-1">
<or_exp><and_exp></and_exp></or_exp>
</condition>
</trans>

<trans id="115" from="8" to="9">
<condition id="-1">
<or_exp><and_exp></and_exp></or_exp>
</condition>
</trans>

<trans id="116" from="9" to="10">
<condition id="-1">
<or_exp><and_exp></and_exp></or_exp>
</condition>
</trans>

<trans id="117" from="10" to="11">
<condition id="-1">
<or_exp><and_exp></and_exp></or_exp>
</condition>
</trans>

<trans id="118" from="11" to="12">
<condition id="-1">
<or_exp><and_exp></and_exp></or_exp>
</condition>
</trans>

<trans id="119" from="12" to="13">
<condition id="-1">
<or_exp><and_exp></and_exp></or_exp>
</condition>
</trans>

<trans id="120" from="13" to="14">
<condition id="-1">
<or_exp><and_exp></and_exp></or_exp>
</condition>
</trans>

<trans id="121" from="14" to="15">
<condition id="-1">
<or_exp><and_exp></and_exp></or_exp>
</condition>
</trans>

<trans id="122" from="15" to="16">
<condition id="-1">
<or_exp><and_exp></and_exp></or_exp>
</condition>
</trans>

<trans id="123" from="16" to="17">
<condition id="-1">
<or_exp><and_exp></and_exp></or_exp>
</condition>
</trans>

<trans id="124" from="17" to="18">
<condition id="-1">
<or_exp><and_exp></and_exp></or_exp>
</condition>
</trans>

<trans id="125" from="18" to="19">
<condition id="-1">
<or_exp><and_exp></and_exp></or_exp>
</condition>
</trans>

<trans id="126" from="19" to="20">
<condition id="-1">
<or_exp><and_exp></and_exp></or_exp>
</condition>
</trans>

<trans id="127" from="20" to="21">
<condition id="-1">
<or_exp><and_exp></and_exp></or_exp>
</condition>
</trans>

<trans id="128" from="21" to="22">
<condition id="-1">
<or_exp><and_exp></and_exp></or_exp>
</condition>
</trans>

<trans id="129" from="22" to="23">
<condition id="-1">
<or_exp><and_exp></and_exp></or_exp>
</condition>
</trans>

<trans id="130" from="23" to="24">
<condition id="-1">
<or_exp><and_exp></and_exp></or_exp>
</condition>
</trans>

<trans id="131" from="24" to="25">
<condition id="-1">
<or_exp><and_exp></and_exp></or_exp>
</condition>
</trans>
</trans_list>



<state_list>

<state id="1" st_id="1">

<operation id="26" st_id="1" stage="1" lat="1">
<core>NULL</core>
<MemPortIdVec></MemPortIdVec>
<condition id="-1">
<or_exp><and_exp></and_exp></or_exp>
</condition>

<Node id="8" bw="24" op_0_bw="64">
<![CDATA[
codeRepl:0 %sum_V_loc = alloca i64 1

]]></Node>
<StgValue><ssdm name="sum_V_loc"/></StgValue>
</operation>

<operation id="27" st_id="1" stage="1" lat="1">
<core>NULL</core>
<MemPortIdVec></MemPortIdVec>
<condition id="-1">
<or_exp><and_exp></and_exp></or_exp>
</condition>

<Node id="9" bw="24" op_0_bw="64">
<![CDATA[
codeRepl:1 %m_V_1_loc = alloca i64 1

]]></Node>
<StgValue><ssdm name="m_V_1_loc"/></StgValue>
</operation>

<operation id="28" st_id="1" stage="1" lat="1">
<core>NULL</core>
<MemPortIdVec></MemPortIdVec>
<condition id="-1">
<or_exp><and_exp></and_exp></or_exp>
</condition>

<Node id="10" bw="4" op_0_bw="24" op_1_bw="64" op_2_bw="64">
<![CDATA[
codeRepl:2 %input_addr = getelementptr i24 %input_r, i64 0, i64 0

]]></Node>
<StgValue><ssdm name="input_addr"/></StgValue>
</operation>

<operation id="29" st_id="1" stage="2" lat="2">
<core>RAM</core>
<MemPortIdVec>0 </MemPortIdVec>
<condition id="-1">
<or_exp><and_exp></and_exp></or_exp>
</condition>

<Node id="11" bw="24" op_0_bw="4">
<![CDATA[
codeRepl:3 %m_V = load i4 %input_addr

]]></Node>
<StgValue><ssdm name="m_V"/></StgValue>
</operation>
</state>

<state id="2" st_id="2">

<operation id="30" st_id="2" stage="1" lat="2">
<core>RAM</core>
<MemPortIdVec>0 </MemPortIdVec>
<condition id="-1">
<or_exp><and_exp></and_exp></or_exp>
</condition>

<Node id="11" bw="24" op_0_bw="4">
<![CDATA[
codeRepl:3 %m_V = load i4 %input_addr

]]></Node>
<StgValue><ssdm name="m_V"/></StgValue>
</operation>
</state>

<state id="3" st_id="3">

<operation id="31" st_id="3" stage="2" lat="2">
<core></core>
<MemPortIdVec></MemPortIdVec>
<condition id="-1">
<or_exp><and_exp></and_exp></or_exp>
</condition>

<Node id="12" bw="0" op_0_bw="0" op_1_bw="24" op_2_bw="24" op_3_bw="24" op_4_bw="0">
<![CDATA[
codeRepl:4 %call_ln13 = call void @softmax_Pipeline_VITIS_LOOP_15_1, i24 %m_V, i24 %input_r, i24 %m_V_1_loc

]]></Node>
<StgValue><ssdm name="call_ln13"/></StgValue>
</operation>
</state>

<state id="4" st_id="4">

<operation id="32" st_id="4" stage="1" lat="2">
<core></core>
<MemPortIdVec></MemPortIdVec>
<condition id="-1">
<or_exp><and_exp></and_exp></or_exp>
</condition>

<Node id="12" bw="0" op_0_bw="0" op_1_bw="24" op_2_bw="24" op_3_bw="24" op_4_bw="0">
<![CDATA[
codeRepl:4 %call_ln13 = call void @softmax_Pipeline_VITIS_LOOP_15_1, i24 %m_V, i24 %input_r, i24 %m_V_1_loc

]]></Node>
<StgValue><ssdm name="call_ln13"/></StgValue>
</operation>
</state>

<state id="5" st_id="5">

<operation id="33" st_id="5" stage="1" lat="1">
<core>NULL</core>
<MemPortIdVec></MemPortIdVec>
<condition id="-1">
<or_exp><and_exp></and_exp></or_exp>
</condition>

<Node id="13" bw="24" op_0_bw="24" op_1_bw="0">
<![CDATA[
codeRepl:5 %m_V_1_loc_load = load i24 %m_V_1_loc

]]></Node>
<StgValue><ssdm name="m_V_1_loc_load"/></StgValue>
</operation>

<operation id="34" st_id="5" stage="2" lat="2">
<core></core>
<MemPortIdVec></MemPortIdVec>
<condition id="-1">
<or_exp><and_exp></and_exp></or_exp>
</condition>

<Node id="14" bw="0" op_0_bw="0" op_1_bw="24" op_2_bw="24" op_3_bw="24" op_4_bw="32" op_5_bw="46" op_6_bw="50" op_7_bw="0" op_8_bw="0">
<![CDATA[
codeRepl:6 %call_ln0 = call void @softmax_Pipeline_softmax_sum, i24 %input_r, i24 %m_V_1_loc_load, i24 %sum_V_loc, i32 %f_x_msb_3_table_V, i46 %f_x_msb_2_table_V, i50 %exp_x_msb_1_table_V

]]></Node>
<StgValue><ssdm name="call_ln0"/></StgValue>
</operation>
</state>

<state id="6" st_id="6">

<operation id="35" st_id="6" stage="1" lat="2">
<core></core>
<MemPortIdVec></MemPortIdVec>
<condition id="-1">
<or_exp><and_exp></and_exp></or_exp>
</condition>

<Node id="14" bw="0" op_0_bw="0" op_1_bw="24" op_2_bw="24" op_3_bw="24" op_4_bw="32" op_5_bw="46" op_6_bw="50" op_7_bw="0" op_8_bw="0">
<![CDATA[
codeRepl:6 %call_ln0 = call void @softmax_Pipeline_softmax_sum, i24 %input_r, i24 %m_V_1_loc_load, i24 %sum_V_loc, i32 %f_x_msb_3_table_V, i46 %f_x_msb_2_table_V, i50 %exp_x_msb_1_table_V

]]></Node>
<StgValue><ssdm name="call_ln0"/></StgValue>
</operation>
</state>

<state id="7" st_id="7">

<operation id="36" st_id="7" stage="1" lat="1">
<core>NULL</core>
<MemPortIdVec></MemPortIdVec>
<condition id="-1">
<or_exp><and_exp></and_exp></or_exp>
</condition>

<Node id="15" bw="24" op_0_bw="24" op_1_bw="0">
<![CDATA[
codeRepl:7 %sum_V_loc_load = load i24 %sum_V_loc

]]></Node>
<StgValue><ssdm name="sum_V_loc_load"/></StgValue>
</operation>

<operation id="37" st_id="7" stage="1" lat="1">
<core>NULL</core>
<MemPortIdVec></MemPortIdVec>
<condition id="-1">
<or_exp><and_exp></and_exp></or_exp>
</condition>

<Node id="17" bw="1" op_0_bw="1" op_1_bw="24" op_2_bw="32">
<![CDATA[
codeRepl:9 %p_Result_7 = bitselect i1 @_ssdm_op_BitSelect.i1.i24.i32, i24 %sum_V_loc_load, i32 23

]]></Node>
<StgValue><ssdm name="p_Result_7"/></StgValue>
</operation>

<operation id="38" st_id="7" stage="1" lat="1">
<core>Adder</core>
<MemPortIdVec></MemPortIdVec>
<condition id="-1">
<or_exp><and_exp></and_exp></or_exp>
</condition>

<Node id="18" bw="24" op_0_bw="24" op_1_bw="24">
<![CDATA[
codeRepl:10 %tmp_V = sub i24 0, i24 %sum_V_loc_load

]]></Node>
<StgValue><ssdm name="tmp_V"/></StgValue>
</operation>

<operation id="39" st_id="7" stage="1" lat="1">
<core>Sel</core>
<MemPortIdVec></MemPortIdVec>
<condition id="-1">
<or_exp><and_exp></and_exp></or_exp>
</condition>

<Node id="19" bw="24" op_0_bw="1" op_1_bw="24" op_2_bw="24">
<![CDATA[
codeRepl:11 %m_5 = select i1 %p_Result_7, i24 %tmp_V, i24 %sum_V_loc_load

]]></Node>
<StgValue><ssdm name="m_5"/></StgValue>
</operation>

<operation id="40" st_id="7" stage="1" lat="1">
<core>NULL</core>
<MemPortIdVec></MemPortIdVec>
<condition id="-1">
<or_exp><and_exp></and_exp></or_exp>
</condition>

<Node id="20" bw="24" op_0_bw="24" op_1_bw="24" op_2_bw="32" op_3_bw="32">
<![CDATA[
codeRepl:12 %p_Result_s = partselect i24 @llvm.part.select.i24, i24 %m_5, i32 23, i32 0

]]></Node>
<StgValue><ssdm name="p_Result_s"/></StgValue>
</operation>

<operation id="41" st_id="7" stage="1" lat="1">
<core>NULL</core>
<MemPortIdVec></MemPortIdVec>
<condition id="-1">
<or_exp><and_exp></and_exp></or_exp>
</condition>

<Node id="21" bw="32" op_0_bw="32" op_1_bw="8" op_2_bw="24">
<![CDATA[
codeRepl:13 %p_Result_8 = bitconcatenate i32 @_ssdm_op_BitConcatenate.i32.i8.i24, i8 255, i24 %p_Result_s

]]></Node>
<StgValue><ssdm name="p_Result_8"/></StgValue>
</operation>

<operation id="42" st_id="7" stage="1" lat="1">
<core>NULL</core>
<MemPortIdVec></MemPortIdVec>
<condition id="-1">
<or_exp><and_exp></and_exp></or_exp>
</condition>

<Node id="22" bw="32" op_0_bw="32" op_1_bw="32" op_2_bw="1">
<![CDATA[
codeRepl:14 %l = cttz i32 @llvm.cttz.i32, i32 %p_Result_8, i1 1

]]></Node>
<StgValue><ssdm name="l"/></StgValue>
</operation>

<operation id="43" st_id="7" stage="1" lat="1">
<core>Adder</core>
<MemPortIdVec></MemPortIdVec>
<condition id="-1">
<or_exp><and_exp></and_exp></or_exp>
</condition>

<Node id="23" bw="32" op_0_bw="32" op_1_bw="32">
<![CDATA[
codeRepl:15 %sub_ln947 = sub i32 24, i32 %l

]]></Node>
<StgValue><ssdm name="sub_ln947"/></StgValue>
</operation>

<operation id="44" st_id="7" stage="1" lat="1">
<core>NULL</core>
<MemPortIdVec></MemPortIdVec>
<condition id="-1">
<or_exp><and_exp></and_exp></or_exp>
</condition>

<Node id="24" bw="24" op_0_bw="32">
<![CDATA[
codeRepl:16 %trunc_ln947 = trunc i32 %sub_ln947

]]></Node>
<StgValue><ssdm name="trunc_ln947"/></StgValue>
</operation>

<operation id="45" st_id="7" stage="1" lat="1">
<core>NULL</core>
<MemPortIdVec></MemPortIdVec>
<condition id="-1">
<or_exp><and_exp></and_exp></or_exp>
</condition>

<Node id="28" bw="5" op_0_bw="32">
<![CDATA[
codeRepl:20 %trunc_ln950 = trunc i32 %sub_ln947

]]></Node>
<StgValue><ssdm name="trunc_ln950"/></StgValue>
</operation>

<operation id="46" st_id="7" stage="1" lat="1">
<core>NULL</core>
<MemPortIdVec></MemPortIdVec>
<condition id="-1">
<or_exp><and_exp></and_exp></or_exp>
</condition>

<Node id="56" bw="11" op_0_bw="32">
<![CDATA[
codeRepl:48 %trunc_ln946 = trunc i32 %l

]]></Node>
<StgValue><ssdm name="trunc_ln946"/></StgValue>
</operation>
</state>

<state id="8" st_id="8">

<operation id="47" st_id="8" stage="1" lat="1">
<core>Adder</core>
<MemPortIdVec></MemPortIdVec>
<condition id="-1">
<or_exp><and_exp></and_exp></or_exp>
</condition>

<Node id="25" bw="32" op_0_bw="32" op_1_bw="32">
<![CDATA[
codeRepl:17 %lsb_index = add i32 %sub_ln947, i32 4294967243

]]></Node>
<StgValue><ssdm name="lsb_index"/></StgValue>
</operation>

<operation id="48" st_id="8" stage="1" lat="1">
<core>NULL</core>
<MemPortIdVec></MemPortIdVec>
<condition id="-1">
<or_exp><and_exp></and_exp></or_exp>
</condition>

<Node id="26" bw="31" op_0_bw="31" op_1_bw="32" op_2_bw="32" op_3_bw="32">
<![CDATA[
codeRepl:18 %tmp_3 = partselect i31 @_ssdm_op_PartSelect.i31.i32.i32.i32, i32 %lsb_index, i32 1, i32 31

]]></Node>
<StgValue><ssdm name="tmp_3"/></StgValue>
</operation>

<operation id="49" st_id="8" stage="1" lat="1">
<core>Cmp</core>
<MemPortIdVec></MemPortIdVec>
<condition id="-1">
<or_exp><and_exp></and_exp></or_exp>
</condition>

<Node id="27" bw="1" op_0_bw="31" op_1_bw="31">
<![CDATA[
codeRepl:19 %icmp_ln949 = icmp_sgt  i31 %tmp_3, i31 0

]]></Node>
<StgValue><ssdm name="icmp_ln949"/></StgValue>
</operation>

<operation id="50" st_id="8" stage="1" lat="1">
<core>Adder</core>
<MemPortIdVec></MemPortIdVec>
<condition id="-1">
<or_exp><and_exp></and_exp></or_exp>
</condition>

<Node id="29" bw="5" op_0_bw="5" op_1_bw="5">
<![CDATA[
codeRepl:21 %sub_ln950 = sub i5 14, i5 %trunc_ln950

]]></Node>
<StgValue><ssdm name="sub_ln950"/></StgValue>
</operation>

<operation id="51" st_id="8" stage="1" lat="1">
<core>NULL</core>
<MemPortIdVec></MemPortIdVec>
<condition id="-1">
<or_exp><and_exp></and_exp></or_exp>
</condition>

<Node id="30" bw="24" op_0_bw="5">
<![CDATA[
codeRepl:22 %zext_ln950 = zext i5 %sub_ln950

]]></Node>
<StgValue><ssdm name="zext_ln950"/></StgValue>
</operation>

<operation id="52" st_id="8" stage="1" lat="1">
<core>Shifter</core>
<MemPortIdVec></MemPortIdVec>
<condition id="-1">
<or_exp><and_exp></and_exp></or_exp>
</condition>

<Node id="31" bw="24" op_0_bw="24" op_1_bw="24">
<![CDATA[
codeRepl:23 %lshr_ln950 = lshr i24 16777215, i24 %zext_ln950

]]></Node>
<StgValue><ssdm name="lshr_ln950"/></StgValue>
</operation>

<operation id="53" st_id="8" stage="1" lat="1">
<core>LogicGate</core>
<MemPortIdVec></MemPortIdVec>
<condition id="-1">
<or_exp><and_exp></and_exp></or_exp>
</condition>

<Node id="32" bw="24" op_0_bw="24" op_1_bw="24">
<![CDATA[
codeRepl:24 %p_Result_4 = and i24 %m_5, i24 %lshr_ln950

]]></Node>
<StgValue><ssdm name="p_Result_4"/></StgValue>
</operation>

<operation id="54" st_id="8" stage="1" lat="1">
<core>Cmp</core>
<MemPortIdVec></MemPortIdVec>
<condition id="-1">
<or_exp><and_exp></and_exp></or_exp>
</condition>

<Node id="33" bw="1" op_0_bw="24" op_1_bw="24">
<![CDATA[
codeRepl:25 %icmp_ln950 = icmp_ne  i24 %p_Result_4, i24 0

]]></Node>
<StgValue><ssdm name="icmp_ln950"/></StgValue>
</operation>

<operation id="55" st_id="8" stage="1" lat="1">
<core>NULL</core>
<MemPortIdVec></MemPortIdVec>
<condition id="-1">
<or_exp><and_exp></and_exp></or_exp>
</condition>

<Node id="34" bw="1" op_0_bw="1" op_1_bw="32" op_2_bw="32">
<![CDATA[
codeRepl:26 %tmp_4 = bitselect i1 @_ssdm_op_BitSelect.i1.i32.i32, i32 %lsb_index, i32 31

]]></Node>
<StgValue><ssdm name="tmp_4"/></StgValue>
</operation>

<operation id="56" st_id="8" stage="1" lat="1">
<core>LogicGate</core>
<MemPortIdVec></MemPortIdVec>
<condition id="-1">
<or_exp><and_exp></and_exp></or_exp>
</condition>

<Node id="35" bw="1" op_0_bw="1" op_1_bw="1">
<![CDATA[
codeRepl:27 %xor_ln952 = xor i1 %tmp_4, i1 1

]]></Node>
<StgValue><ssdm name="xor_ln952"/></StgValue>
</operation>

<operation id="57" st_id="8" stage="1" lat="1">
<core>LogicGate</core>
<MemPortIdVec></MemPortIdVec>
<condition id="-1">
<or_exp><and_exp></and_exp></or_exp>
</condition>

<Node id="36" bw="1" op_0_bw="1" op_1_bw="1">
<![CDATA[
codeRepl:28 %and_ln949 = and i1 %icmp_ln949, i1 %icmp_ln950

]]></Node>
<StgValue><ssdm name="and_ln949"/></StgValue>
</operation>

<operation id="58" st_id="8" stage="1" lat="1">
<core>Adder</core>
<MemPortIdVec></MemPortIdVec>
<condition id="-1">
<or_exp><and_exp></and_exp></or_exp>
</condition>

<Node id="37" bw="24" op_0_bw="24" op_1_bw="24">
<![CDATA[
codeRepl:29 %add_ln952 = add i24 %trunc_ln947, i24 16777163

]]></Node>
<StgValue><ssdm name="add_ln952"/></StgValue>
</operation>

<operation id="59" st_id="8" stage="1" lat="1">
<core>NULL</core>
<MemPortIdVec></MemPortIdVec>
<condition id="-1">
<or_exp><and_exp></and_exp></or_exp>
</condition>

<Node id="38" bw="1" op_0_bw="1" op_1_bw="24" op_2_bw="24">
<![CDATA[
codeRepl:30 %p_Result_3 = bitselect i1 @_ssdm_op_BitSelect.i1.i24.i24, i24 %m_5, i24 %add_ln952

]]></Node>
<StgValue><ssdm name="p_Result_3"/></StgValue>
</operation>

<operation id="60" st_id="8" stage="1" lat="1">
<core>LogicGate</core>
<MemPortIdVec></MemPortIdVec>
<condition id="-1">
<or_exp><and_exp></and_exp></or_exp>
</condition>

<Node id="39" bw="1" op_0_bw="1" op_1_bw="1">
<![CDATA[
codeRepl:31 %a = or i1 %p_Result_3, i1 %and_ln949

]]></Node>
<StgValue><ssdm name="a"/></StgValue>
</operation>

<operation id="61" st_id="8" stage="1" lat="1">
<core>Cmp</core>
<MemPortIdVec></MemPortIdVec>
<condition id="-1">
<or_exp><and_exp></and_exp></or_exp>
</condition>

<Node id="41" bw="1" op_0_bw="32" op_1_bw="32">
<![CDATA[
codeRepl:33 %icmp_ln961 = icmp_sgt  i32 %lsb_index, i32 0

]]></Node>
<StgValue><ssdm name="icmp_ln961"/></StgValue>
</operation>

<operation id="62" st_id="8" stage="1" lat="1">
<core>LogicGate</core>
<MemPortIdVec></MemPortIdVec>
<condition id="-1">
<or_exp><and_exp></and_exp></or_exp>
</condition>

<Node id="48" bw="1" op_0_bw="1" op_1_bw="1">
<![CDATA[
codeRepl:40 %and_ln952 = and i1 %a, i1 %xor_ln952

]]></Node>
<StgValue><ssdm name="and_ln952"/></StgValue>
</operation>
</state>

<state id="9" st_id="9">

<operation id="63" st_id="9" stage="1" lat="1">
<core>NULL</core>
<MemPortIdVec></MemPortIdVec>
<condition id="-1">
<or_exp><and_exp></and_exp></or_exp>
</condition>

<Node id="40" bw="64" op_0_bw="24">
<![CDATA[
codeRepl:32 %zext_ln960 = zext i24 %m_5

]]></Node>
<StgValue><ssdm name="zext_ln960"/></StgValue>
</operation>

<operation id="64" st_id="9" stage="1" lat="1">
<core>Adder</core>
<MemPortIdVec></MemPortIdVec>
<condition id="-1">
<or_exp><and_exp><literal name="icmp_ln961" val="0"/>
</and_exp></or_exp>
</condition>

<Node id="42" bw="32" op_0_bw="32" op_1_bw="32">
<![CDATA[
codeRepl:34 %sub_ln962 = sub i32 54, i32 %sub_ln947

]]></Node>
<StgValue><ssdm name="sub_ln962"/></StgValue>
</operation>

<operation id="65" st_id="9" stage="1" lat="1">
<core>NULL</core>
<MemPortIdVec></MemPortIdVec>
<condition id="-1">
<or_exp><and_exp><literal name="icmp_ln961" val="0"/>
</and_exp></or_exp>
</condition>

<Node id="43" bw="64" op_0_bw="32">
<![CDATA[
codeRepl:35 %zext_ln962 = zext i32 %sub_ln962

]]></Node>
<StgValue><ssdm name="zext_ln962"/></StgValue>
</operation>

<operation id="66" st_id="9" stage="1" lat="1">
<core>Shifter</core>
<MemPortIdVec></MemPortIdVec>
<condition id="-1">
<or_exp><and_exp><literal name="icmp_ln961" val="0"/>
</and_exp></or_exp>
</condition>

<Node id="44" bw="64" op_0_bw="64" op_1_bw="64">
<![CDATA[
codeRepl:36 %shl_ln962 = shl i64 %zext_ln960, i64 %zext_ln962

]]></Node>
<StgValue><ssdm name="shl_ln962"/></StgValue>
</operation>

<operation id="67" st_id="9" stage="1" lat="1">
<core>Adder</core>
<MemPortIdVec></MemPortIdVec>
<condition id="-1">
<or_exp><and_exp><literal name="icmp_ln961" val="1"/>
</and_exp></or_exp>
</condition>

<Node id="45" bw="32" op_0_bw="32" op_1_bw="32">
<![CDATA[
codeRepl:37 %add_ln961 = add i32 %sub_ln947, i32 4294967242

]]></Node>
<StgValue><ssdm name="add_ln961"/></StgValue>
</operation>

<operation id="68" st_id="9" stage="1" lat="1">
<core>NULL</core>
<MemPortIdVec></MemPortIdVec>
<condition id="-1">
<or_exp><and_exp><literal name="icmp_ln961" val="1"/>
</and_exp></or_exp>
</condition>

<Node id="46" bw="64" op_0_bw="32">
<![CDATA[
codeRepl:38 %zext_ln961 = zext i32 %add_ln961

]]></Node>
<StgValue><ssdm name="zext_ln961"/></StgValue>
</operation>

<operation id="69" st_id="9" stage="1" lat="1">
<core>Shifter</core>
<MemPortIdVec></MemPortIdVec>
<condition id="-1">
<or_exp><and_exp><literal name="icmp_ln961" val="1"/>
</and_exp></or_exp>
</condition>

<Node id="47" bw="64" op_0_bw="64" op_1_bw="64">
<![CDATA[
codeRepl:39 %lshr_ln961 = lshr i64 %zext_ln960, i64 %zext_ln961

]]></Node>
<StgValue><ssdm name="lshr_ln961"/></StgValue>
</operation>

<operation id="70" st_id="9" stage="1" lat="1">
<core>Sel</core>
<MemPortIdVec></MemPortIdVec>
<condition id="-1">
<or_exp><and_exp></and_exp></or_exp>
</condition>

<Node id="49" bw="64" op_0_bw="1" op_1_bw="64" op_2_bw="64">
<![CDATA[
codeRepl:41 %m = select i1 %icmp_ln961, i64 %lshr_ln961, i64 %shl_ln962

]]></Node>
<StgValue><ssdm name="m"/></StgValue>
</operation>

<operation id="71" st_id="9" stage="1" lat="1">
<core>NULL</core>
<MemPortIdVec></MemPortIdVec>
<condition id="-1">
<or_exp><and_exp></and_exp></or_exp>
</condition>

<Node id="50" bw="64" op_0_bw="1">
<![CDATA[
codeRepl:42 %zext_ln964 = zext i1 %and_ln952

]]></Node>
<StgValue><ssdm name="zext_ln964"/></StgValue>
</operation>

<operation id="72" st_id="9" stage="1" lat="1">
<core>Adder</core>
<MemPortIdVec></MemPortIdVec>
<condition id="-1">
<or_exp><and_exp></and_exp></or_exp>
</condition>

<Node id="51" bw="64" op_0_bw="64" op_1_bw="64">
<![CDATA[
codeRepl:43 %m_2 = add i64 %m, i64 %zext_ln964

]]></Node>
<StgValue><ssdm name="m_2"/></StgValue>
</operation>

<operation id="73" st_id="9" stage="1" lat="1">
<core>NULL</core>
<MemPortIdVec></MemPortIdVec>
<condition id="-1">
<or_exp><and_exp></and_exp></or_exp>
</condition>

<Node id="52" bw="63" op_0_bw="63" op_1_bw="64" op_2_bw="32" op_3_bw="32">
<![CDATA[
codeRepl:44 %m_6 = partselect i63 @_ssdm_op_PartSelect.i63.i64.i32.i32, i64 %m_2, i32 1, i32 63

]]></Node>
<StgValue><ssdm name="m_6"/></StgValue>
</operation>

<operation id="74" st_id="9" stage="1" lat="1">
<core>NULL</core>
<MemPortIdVec></MemPortIdVec>
<condition id="-1">
<or_exp><and_exp></and_exp></or_exp>
</condition>

<Node id="54" bw="1" op_0_bw="1" op_1_bw="64" op_2_bw="32">
<![CDATA[
codeRepl:46 %p_Result_5 = bitselect i1 @_ssdm_op_BitSelect.i1.i64.i32, i64 %m_2, i32 54

]]></Node>
<StgValue><ssdm name="p_Result_5"/></StgValue>
</operation>

<operation id="75" st_id="9" stage="1" lat="1">
<core>NULL</core>
<MemPortIdVec></MemPortIdVec>
<condition id="-1">
<or_exp><and_exp></and_exp></or_exp>
</condition>

<Node id="62" bw="52" op_0_bw="52" op_1_bw="64" op_2_bw="32" op_3_bw="32">
<![CDATA[
codeRepl:54 %trunc_ln3 = partselect i52 @_ssdm_op_PartSelect.i52.i64.i32.i32, i64 %m_2, i32 1, i32 52

]]></Node>
<StgValue><ssdm name="trunc_ln3"/></StgValue>
</operation>
</state>

<state id="10" st_id="10">

<operation id="76" st_id="10" stage="1" lat="1">
<core>NULL</core>
<MemPortIdVec></MemPortIdVec>
<condition id="-1">
<or_exp><and_exp></and_exp></or_exp>
</condition>

<Node id="53" bw="64" op_0_bw="63">
<![CDATA[
codeRepl:45 %zext_ln965 = zext i63 %m_6

]]></Node>
<StgValue><ssdm name="zext_ln965"/></StgValue>
</operation>

<operation id="77" st_id="10" stage="1" lat="1">
<core>Sel</core>
<MemPortIdVec></MemPortIdVec>
<condition id="-1">
<or_exp><and_exp></and_exp></or_exp>
</condition>

<Node id="55" bw="11" op_0_bw="1" op_1_bw="11" op_2_bw="11">
<![CDATA[
codeRepl:47 %select_ln946 = select i1 %p_Result_5, i11 1023, i11 1022

]]></Node>
<StgValue><ssdm name="select_ln946"/></StgValue>
</operation>

<operation id="78" st_id="10" stage="1" lat="1">
<core>TAddSub</core>
<MemPortIdVec></MemPortIdVec>
<condition id="-1">
<or_exp><and_exp></and_exp></or_exp>
</condition>

<Node id="57" bw="11" op_0_bw="11" op_1_bw="11">
<![CDATA[
codeRepl:49 %sub_ln968 = sub i11 10, i11 %trunc_ln946

]]></Node>
<StgValue><ssdm name="sub_ln968"/></StgValue>
</operation>

<operation id="79" st_id="10" stage="1" lat="1">
<core>TAddSub</core>
<MemPortIdVec></MemPortIdVec>
<condition id="-1">
<or_exp><and_exp></and_exp></or_exp>
</condition>

<Node id="58" bw="11" op_0_bw="11" op_1_bw="11">
<![CDATA[
codeRepl:50 %add_ln968 = add i11 %sub_ln968, i11 %select_ln946

]]></Node>
<StgValue><ssdm name="add_ln968"/></StgValue>
</operation>

<operation id="80" st_id="10" stage="1" lat="1">
<core>NULL</core>
<MemPortIdVec></MemPortIdVec>
<condition id="-1">
<or_exp><and_exp></and_exp></or_exp>
</condition>

<Node id="59" bw="12" op_0_bw="12" op_1_bw="1" op_2_bw="11">
<![CDATA[
codeRepl:51 %tmp = bitconcatenate i12 @_ssdm_op_BitConcatenate.i12.i1.i11, i1 %p_Result_7, i11 %add_ln968

]]></Node>
<StgValue><ssdm name="tmp"/></StgValue>
</operation>

<operation id="81" st_id="10" stage="1" lat="1">
<core>NULL</core>
<MemPortIdVec></MemPortIdVec>
<condition id="-1">
<or_exp><and_exp></and_exp></or_exp>
</condition>

<Node id="60" bw="64" op_0_bw="64" op_1_bw="64" op_2_bw="12" op_3_bw="32" op_4_bw="32">
<![CDATA[
codeRepl:52 %p_Result_9 = partset i64 @_ssdm_op_PartSet.i64.i64.i12.i32.i32, i64 %zext_ln965, i12 %tmp, i32 52, i32 63

]]></Node>
<StgValue><ssdm name="p_Result_9"/></StgValue>
</operation>

<operation id="82" st_id="10" stage="1" lat="1">
<core>Cmp</core>
<MemPortIdVec></MemPortIdVec>
<condition id="-1">
<or_exp><and_exp></and_exp></or_exp>
</condition>

<Node id="63" bw="1" op_0_bw="11" op_1_bw="11">
<![CDATA[
codeRepl:55 %icmp_ln1559 = icmp_ne  i11 %add_ln968, i11 2047

]]></Node>
<StgValue><ssdm name="icmp_ln1559"/></StgValue>
</operation>

<operation id="83" st_id="10" stage="1" lat="1">
<core>Cmp</core>
<MemPortIdVec></MemPortIdVec>
<condition id="-1">
<or_exp><and_exp></and_exp></or_exp>
</condition>

<Node id="64" bw="1" op_0_bw="52" op_1_bw="52">
<![CDATA[
codeRepl:56 %icmp_ln1559_1 = icmp_eq  i52 %trunc_ln3, i52 0

]]></Node>
<StgValue><ssdm name="icmp_ln1559_1"/></StgValue>
</operation>
</state>

<state id="11" st_id="11">

<operation id="84" st_id="11" stage="1" lat="1">
<core>NULL</core>
<MemPortIdVec></MemPortIdVec>
<condition id="-1">
<or_exp><and_exp></and_exp></or_exp>
</condition>

<Node id="61" bw="64" op_0_bw="64">
<![CDATA[
codeRepl:53 %bitcast_ln746 = bitcast i64 %p_Result_9

]]></Node>
<StgValue><ssdm name="bitcast_ln746"/></StgValue>
</operation>

<operation id="85" st_id="11" stage="2" lat="2">
<core>DCompare</core>
<MemPortIdVec></MemPortIdVec>
<condition id="-1">
<or_exp><and_exp></and_exp></or_exp>
</condition>

<Node id="66" bw="1" op_0_bw="64" op_1_bw="64">
<![CDATA[
codeRepl:58 %tmp_1 = fcmp_olt  i64 %bitcast_ln746, i64 0.001

]]></Node>
<StgValue><ssdm name="tmp_1"/></StgValue>
</operation>
</state>

<state id="12" st_id="12">

<operation id="86" st_id="12" stage="1" lat="1">
<core>Cmp</core>
<MemPortIdVec></MemPortIdVec>
<condition id="-1">
<or_exp><and_exp></and_exp></or_exp>
</condition>

<Node id="16" bw="1" op_0_bw="24" op_1_bw="24">
<![CDATA[
codeRepl:8 %icmp_ln938 = icmp_eq  i24 %sum_V_loc_load, i24 0

]]></Node>
<StgValue><ssdm name="icmp_ln938"/></StgValue>
</operation>

<operation id="87" st_id="12" stage="1" lat="1">
<core>LogicGate</core>
<MemPortIdVec></MemPortIdVec>
<condition id="-1">
<or_exp><and_exp></and_exp></or_exp>
</condition>

<Node id="65" bw="1" op_0_bw="1" op_1_bw="1">
<![CDATA[
codeRepl:57 %or_ln1559 = or i1 %icmp_ln1559_1, i1 %icmp_ln1559

]]></Node>
<StgValue><ssdm name="or_ln1559"/></StgValue>
</operation>

<operation id="88" st_id="12" stage="1" lat="2">
<core>DCompare</core>
<MemPortIdVec></MemPortIdVec>
<condition id="-1">
<or_exp><and_exp></and_exp></or_exp>
</condition>

<Node id="66" bw="1" op_0_bw="64" op_1_bw="64">
<![CDATA[
codeRepl:58 %tmp_1 = fcmp_olt  i64 %bitcast_ln746, i64 0.001

]]></Node>
<StgValue><ssdm name="tmp_1"/></StgValue>
</operation>

<operation id="89" st_id="12" stage="1" lat="1">
<core>LogicGate</core>
<MemPortIdVec></MemPortIdVec>
<condition id="-1">
<or_exp><and_exp></and_exp></or_exp>
</condition>

<Node id="67" bw="1" op_0_bw="1" op_1_bw="1">
<![CDATA[
codeRepl:59 %and_ln1559 = and i1 %or_ln1559, i1 %tmp_1

]]></Node>
<StgValue><ssdm name="and_ln1559"/></StgValue>
</operation>

<operation id="90" st_id="12" stage="1" lat="1">
<core>LogicGate</core>
<MemPortIdVec></MemPortIdVec>
<condition id="-1">
<or_exp><and_exp></and_exp></or_exp>
</condition>

<Node id="68" bw="1" op_0_bw="1" op_1_bw="1">
<![CDATA[
codeRepl:60 %or_ln1559_1 = or i1 %icmp_ln938, i1 %and_ln1559

]]></Node>
<StgValue><ssdm name="or_ln1559_1"/></StgValue>
</operation>

<operation id="91" st_id="12" stage="1" lat="1">
<core>Sel</core>
<MemPortIdVec></MemPortIdVec>
<condition id="-1">
<or_exp><and_exp></and_exp></or_exp>
</condition>

<Node id="69" bw="24" op_0_bw="1" op_1_bw="24" op_2_bw="24">
<![CDATA[
codeRepl:61 %sum_V = select i1 %or_ln1559_1, i24 16, i24 %sum_V_loc_load

]]></Node>
<StgValue><ssdm name="sum_V"/></StgValue>
</operation>
</state>

<state id="13" st_id="13">

<operation id="92" st_id="13" stage="12" lat="12">
<core></core>
<MemPortIdVec></MemPortIdVec>
<condition id="-1">
<or_exp><and_exp></and_exp></or_exp>
</condition>

<Node id="70" bw="24" op_0_bw="24" op_1_bw="24" op_2_bw="6" op_3_bw="22" op_4_bw="18">
<![CDATA[
codeRepl:62 %temp = call i24 @log<24, 10>, i24 %sum_V, i6 %log_apfixed_reduce_log_inverse_lut_table_array_V, i22 %log_apfixed_reduce_log0_lut_table_ap_fixed_29_7_ap_q_mode_5_ap_o_mode_3_0_0_5_64_array_V, i18 %log_apfixed_reduce_log_lut_table_ap_fixed_29_7_ap_q_mode_5_ap_o_mode_3_0_4_4_16_array_V

]]></Node>
<StgValue><ssdm name="temp"/></StgValue>
</operation>
</state>

<state id="14" st_id="14">

<operation id="93" st_id="14" stage="11" lat="12">
<core></core>
<MemPortIdVec></MemPortIdVec>
<condition id="-1">
<or_exp><and_exp></and_exp></or_exp>
</condition>

<Node id="70" bw="24" op_0_bw="24" op_1_bw="24" op_2_bw="6" op_3_bw="22" op_4_bw="18">
<![CDATA[
codeRepl:62 %temp = call i24 @log<24, 10>, i24 %sum_V, i6 %log_apfixed_reduce_log_inverse_lut_table_array_V, i22 %log_apfixed_reduce_log0_lut_table_ap_fixed_29_7_ap_q_mode_5_ap_o_mode_3_0_0_5_64_array_V, i18 %log_apfixed_reduce_log_lut_table_ap_fixed_29_7_ap_q_mode_5_ap_o_mode_3_0_4_4_16_array_V

]]></Node>
<StgValue><ssdm name="temp"/></StgValue>
</operation>
</state>

<state id="15" st_id="15">

<operation id="94" st_id="15" stage="10" lat="12">
<core></core>
<MemPortIdVec></MemPortIdVec>
<condition id="-1">
<or_exp><and_exp></and_exp></or_exp>
</condition>

<Node id="70" bw="24" op_0_bw="24" op_1_bw="24" op_2_bw="6" op_3_bw="22" op_4_bw="18">
<![CDATA[
codeRepl:62 %temp = call i24 @log<24, 10>, i24 %sum_V, i6 %log_apfixed_reduce_log_inverse_lut_table_array_V, i22 %log_apfixed_reduce_log0_lut_table_ap_fixed_29_7_ap_q_mode_5_ap_o_mode_3_0_0_5_64_array_V, i18 %log_apfixed_reduce_log_lut_table_ap_fixed_29_7_ap_q_mode_5_ap_o_mode_3_0_4_4_16_array_V

]]></Node>
<StgValue><ssdm name="temp"/></StgValue>
</operation>
</state>

<state id="16" st_id="16">

<operation id="95" st_id="16" stage="9" lat="12">
<core></core>
<MemPortIdVec></MemPortIdVec>
<condition id="-1">
<or_exp><and_exp></and_exp></or_exp>
</condition>

<Node id="70" bw="24" op_0_bw="24" op_1_bw="24" op_2_bw="6" op_3_bw="22" op_4_bw="18">
<![CDATA[
codeRepl:62 %temp = call i24 @log<24, 10>, i24 %sum_V, i6 %log_apfixed_reduce_log_inverse_lut_table_array_V, i22 %log_apfixed_reduce_log0_lut_table_ap_fixed_29_7_ap_q_mode_5_ap_o_mode_3_0_0_5_64_array_V, i18 %log_apfixed_reduce_log_lut_table_ap_fixed_29_7_ap_q_mode_5_ap_o_mode_3_0_4_4_16_array_V

]]></Node>
<StgValue><ssdm name="temp"/></StgValue>
</operation>
</state>

<state id="17" st_id="17">

<operation id="96" st_id="17" stage="8" lat="12">
<core></core>
<MemPortIdVec></MemPortIdVec>
<condition id="-1">
<or_exp><and_exp></and_exp></or_exp>
</condition>

<Node id="70" bw="24" op_0_bw="24" op_1_bw="24" op_2_bw="6" op_3_bw="22" op_4_bw="18">
<![CDATA[
codeRepl:62 %temp = call i24 @log<24, 10>, i24 %sum_V, i6 %log_apfixed_reduce_log_inverse_lut_table_array_V, i22 %log_apfixed_reduce_log0_lut_table_ap_fixed_29_7_ap_q_mode_5_ap_o_mode_3_0_0_5_64_array_V, i18 %log_apfixed_reduce_log_lut_table_ap_fixed_29_7_ap_q_mode_5_ap_o_mode_3_0_4_4_16_array_V

]]></Node>
<StgValue><ssdm name="temp"/></StgValue>
</operation>
</state>

<state id="18" st_id="18">

<operation id="97" st_id="18" stage="7" lat="12">
<core></core>
<MemPortIdVec></MemPortIdVec>
<condition id="-1">
<or_exp><and_exp></and_exp></or_exp>
</condition>

<Node id="70" bw="24" op_0_bw="24" op_1_bw="24" op_2_bw="6" op_3_bw="22" op_4_bw="18">
<![CDATA[
codeRepl:62 %temp = call i24 @log<24, 10>, i24 %sum_V, i6 %log_apfixed_reduce_log_inverse_lut_table_array_V, i22 %log_apfixed_reduce_log0_lut_table_ap_fixed_29_7_ap_q_mode_5_ap_o_mode_3_0_0_5_64_array_V, i18 %log_apfixed_reduce_log_lut_table_ap_fixed_29_7_ap_q_mode_5_ap_o_mode_3_0_4_4_16_array_V

]]></Node>
<StgValue><ssdm name="temp"/></StgValue>
</operation>
</state>

<state id="19" st_id="19">

<operation id="98" st_id="19" stage="6" lat="12">
<core></core>
<MemPortIdVec></MemPortIdVec>
<condition id="-1">
<or_exp><and_exp></and_exp></or_exp>
</condition>

<Node id="70" bw="24" op_0_bw="24" op_1_bw="24" op_2_bw="6" op_3_bw="22" op_4_bw="18">
<![CDATA[
codeRepl:62 %temp = call i24 @log<24, 10>, i24 %sum_V, i6 %log_apfixed_reduce_log_inverse_lut_table_array_V, i22 %log_apfixed_reduce_log0_lut_table_ap_fixed_29_7_ap_q_mode_5_ap_o_mode_3_0_0_5_64_array_V, i18 %log_apfixed_reduce_log_lut_table_ap_fixed_29_7_ap_q_mode_5_ap_o_mode_3_0_4_4_16_array_V

]]></Node>
<StgValue><ssdm name="temp"/></StgValue>
</operation>
</state>

<state id="20" st_id="20">

<operation id="99" st_id="20" stage="5" lat="12">
<core></core>
<MemPortIdVec></MemPortIdVec>
<condition id="-1">
<or_exp><and_exp></and_exp></or_exp>
</condition>

<Node id="70" bw="24" op_0_bw="24" op_1_bw="24" op_2_bw="6" op_3_bw="22" op_4_bw="18">
<![CDATA[
codeRepl:62 %temp = call i24 @log<24, 10>, i24 %sum_V, i6 %log_apfixed_reduce_log_inverse_lut_table_array_V, i22 %log_apfixed_reduce_log0_lut_table_ap_fixed_29_7_ap_q_mode_5_ap_o_mode_3_0_0_5_64_array_V, i18 %log_apfixed_reduce_log_lut_table_ap_fixed_29_7_ap_q_mode_5_ap_o_mode_3_0_4_4_16_array_V

]]></Node>
<StgValue><ssdm name="temp"/></StgValue>
</operation>
</state>

<state id="21" st_id="21">

<operation id="100" st_id="21" stage="4" lat="12">
<core></core>
<MemPortIdVec></MemPortIdVec>
<condition id="-1">
<or_exp><and_exp></and_exp></or_exp>
</condition>

<Node id="70" bw="24" op_0_bw="24" op_1_bw="24" op_2_bw="6" op_3_bw="22" op_4_bw="18">
<![CDATA[
codeRepl:62 %temp = call i24 @log<24, 10>, i24 %sum_V, i6 %log_apfixed_reduce_log_inverse_lut_table_array_V, i22 %log_apfixed_reduce_log0_lut_table_ap_fixed_29_7_ap_q_mode_5_ap_o_mode_3_0_0_5_64_array_V, i18 %log_apfixed_reduce_log_lut_table_ap_fixed_29_7_ap_q_mode_5_ap_o_mode_3_0_4_4_16_array_V

]]></Node>
<StgValue><ssdm name="temp"/></StgValue>
</operation>
</state>

<state id="22" st_id="22">

<operation id="101" st_id="22" stage="3" lat="12">
<core></core>
<MemPortIdVec></MemPortIdVec>
<condition id="-1">
<or_exp><and_exp></and_exp></or_exp>
</condition>

<Node id="70" bw="24" op_0_bw="24" op_1_bw="24" op_2_bw="6" op_3_bw="22" op_4_bw="18">
<![CDATA[
codeRepl:62 %temp = call i24 @log<24, 10>, i24 %sum_V, i6 %log_apfixed_reduce_log_inverse_lut_table_array_V, i22 %log_apfixed_reduce_log0_lut_table_ap_fixed_29_7_ap_q_mode_5_ap_o_mode_3_0_0_5_64_array_V, i18 %log_apfixed_reduce_log_lut_table_ap_fixed_29_7_ap_q_mode_5_ap_o_mode_3_0_4_4_16_array_V

]]></Node>
<StgValue><ssdm name="temp"/></StgValue>
</operation>
</state>

<state id="23" st_id="23">

<operation id="102" st_id="23" stage="2" lat="12">
<core></core>
<MemPortIdVec></MemPortIdVec>
<condition id="-1">
<or_exp><and_exp></and_exp></or_exp>
</condition>

<Node id="70" bw="24" op_0_bw="24" op_1_bw="24" op_2_bw="6" op_3_bw="22" op_4_bw="18">
<![CDATA[
codeRepl:62 %temp = call i24 @log<24, 10>, i24 %sum_V, i6 %log_apfixed_reduce_log_inverse_lut_table_array_V, i22 %log_apfixed_reduce_log0_lut_table_ap_fixed_29_7_ap_q_mode_5_ap_o_mode_3_0_0_5_64_array_V, i18 %log_apfixed_reduce_log_lut_table_ap_fixed_29_7_ap_q_mode_5_ap_o_mode_3_0_4_4_16_array_V

]]></Node>
<StgValue><ssdm name="temp"/></StgValue>
</operation>
</state>

<state id="24" st_id="24">

<operation id="103" st_id="24" stage="1" lat="12">
<core></core>
<MemPortIdVec></MemPortIdVec>
<condition id="-1">
<or_exp><and_exp></and_exp></or_exp>
</condition>

<Node id="70" bw="24" op_0_bw="24" op_1_bw="24" op_2_bw="6" op_3_bw="22" op_4_bw="18">
<![CDATA[
codeRepl:62 %temp = call i24 @log<24, 10>, i24 %sum_V, i6 %log_apfixed_reduce_log_inverse_lut_table_array_V, i22 %log_apfixed_reduce_log0_lut_table_ap_fixed_29_7_ap_q_mode_5_ap_o_mode_3_0_0_5_64_array_V, i18 %log_apfixed_reduce_log_lut_table_ap_fixed_29_7_ap_q_mode_5_ap_o_mode_3_0_4_4_16_array_V

]]></Node>
<StgValue><ssdm name="temp"/></StgValue>
</operation>

<operation id="104" st_id="24" stage="1" lat="1">
<core>Adder</core>
<MemPortIdVec></MemPortIdVec>
<condition id="-1">
<or_exp><and_exp></and_exp></or_exp>
</condition>

<Node id="71" bw="24" op_0_bw="24" op_1_bw="24">
<![CDATA[
codeRepl:63 %add_ln712 = add i24 %temp, i24 %m_V_1_loc_load

]]></Node>
<StgValue><ssdm name="add_ln712"/></StgValue>
</operation>

<operation id="105" st_id="24" stage="2" lat="2">
<core></core>
<MemPortIdVec></MemPortIdVec>
<condition id="-1">
<or_exp><and_exp></and_exp></or_exp>
</condition>

<Node id="72" bw="0" op_0_bw="0" op_1_bw="24" op_2_bw="24" op_3_bw="32" op_4_bw="46" op_5_bw="50" op_6_bw="0" op_7_bw="0">
<![CDATA[
codeRepl:64 %call_ln712 = call void @softmax_Pipeline_softmax_exp, i24 %input_r, i24 %add_ln712, i32 %f_x_msb_3_table_V, i46 %f_x_msb_2_table_V, i50 %exp_x_msb_1_table_V

]]></Node>
<StgValue><ssdm name="call_ln712"/></StgValue>
</operation>
</state>

<state id="25" st_id="25">

<operation id="106" st_id="25" stage="1" lat="2">
<core></core>
<MemPortIdVec></MemPortIdVec>
<condition id="-1">
<or_exp><and_exp></and_exp></or_exp>
</condition>

<Node id="72" bw="0" op_0_bw="0" op_1_bw="24" op_2_bw="24" op_3_bw="32" op_4_bw="46" op_5_bw="50" op_6_bw="0" op_7_bw="0">
<![CDATA[
codeRepl:64 %call_ln712 = call void @softmax_Pipeline_softmax_exp, i24 %input_r, i24 %add_ln712, i32 %f_x_msb_3_table_V, i46 %f_x_msb_2_table_V, i50 %exp_x_msb_1_table_V

]]></Node>
<StgValue><ssdm name="call_ln712"/></StgValue>
</operation>

<operation id="107" st_id="25" stage="1" lat="1">
<core>NULL</core>
<MemPortIdVec></MemPortIdVec>
<condition id="-1">
<or_exp><and_exp></and_exp></or_exp>
</condition>

<Node id="73" bw="0">
<![CDATA[
codeRepl:65 %ret_ln34 = ret

]]></Node>
<StgValue><ssdm name="ret_ln34"/></StgValue>
</operation>
</state>
</state_list>


<ports>
<port id="132" name="input_r" dir="2" iftype="1">
<core>RAM</core><StgValue><ssdm name="input_r"/><MemPortTyVec>2 1 </MemPortTyVec>
</StgValue>
</port>
<port id="133" name="f_x_msb_3_table_V" dir="0" iftype="1">
<core>ROM</core><StgValue><ssdm name="f_x_msb_3_table_V"/><MemPortTyVec>1 </MemPortTyVec>
</StgValue>
</port>
<port id="134" name="f_x_msb_2_table_V" dir="0" iftype="1">
<core>ROM</core><StgValue><ssdm name="f_x_msb_2_table_V"/><MemPortTyVec>1 </MemPortTyVec>
</StgValue>
</port>
<port id="135" name="exp_x_msb_1_table_V" dir="0" iftype="1">
<core>ROM</core><StgValue><ssdm name="exp_x_msb_1_table_V"/><MemPortTyVec>1 </MemPortTyVec>
</StgValue>
</port>
<port id="136" name="log_apfixed_reduce_log_inverse_lut_table_array_V" dir="0" iftype="1">
<core>ROM</core><StgValue><ssdm name="log_apfixed_reduce_log_inverse_lut_table_array_V"/><MemPortTyVec>1 </MemPortTyVec>
</StgValue>
</port>
<port id="137" name="log_apfixed_reduce_log0_lut_table_ap_fixed_29_7_ap_q_mode_5_ap_o_mode_3_0_0_5_64_array_V" dir="0" iftype="1">
<core>ROM</core><StgValue><ssdm name="log_apfixed_reduce_log0_lut_table_ap_fixed_29_7_ap_q_mode_5_ap_o_mode_3_0_0_5_64_array_V"/><MemPortTyVec>1 </MemPortTyVec>
</StgValue>
</port>
<port id="138" name="log_apfixed_reduce_log_lut_table_ap_fixed_29_7_ap_q_mode_5_ap_o_mode_3_0_4_4_16_array_V" dir="0" iftype="1">
<core>ROM</core><StgValue><ssdm name="log_apfixed_reduce_log_lut_table_ap_fixed_29_7_ap_q_mode_5_ap_o_mode_3_0_4_4_16_array_V"/><MemPortTyVec>1 </MemPortTyVec>
</StgValue>
</port>
</ports>


<dataflows>
<dataflow id="140" from="StgValue_139" to="sum_V_loc" fromId="139" toId="26">
</dataflow>
<dataflow id="141" from="StgValue_139" to="m_V_1_loc" fromId="139" toId="27">
</dataflow>
<dataflow id="142" from="input_r" to="input_addr" fromId="132" toId="28">
</dataflow>
<dataflow id="144" from="StgValue_143" to="input_addr" fromId="143" toId="28">
</dataflow>
<dataflow id="145" from="StgValue_143" to="input_addr" fromId="143" toId="28">
</dataflow>
<dataflow id="146" from="input_addr" to="m_V" fromId="28" toId="29">
</dataflow>
<dataflow id="147" from="input_addr" to="m_V" fromId="28" toId="30">
</dataflow>
<dataflow id="149" from="softmax_Pipeline_VITIS_LOOP_15_1" to="call_ln13" fromId="148" toId="31">
</dataflow>
<dataflow id="150" from="m_V" to="call_ln13" fromId="30" toId="31">
</dataflow>
<dataflow id="151" from="input_r" to="call_ln13" fromId="132" toId="31">
</dataflow>
<dataflow id="152" from="m_V_1_loc" to="call_ln13" fromId="27" toId="31">
</dataflow>
<dataflow id="153" from="softmax_Pipeline_VITIS_LOOP_15_1" to="call_ln13" fromId="148" toId="32">
</dataflow>
<dataflow id="154" from="m_V" to="call_ln13" fromId="30" toId="32">
</dataflow>
<dataflow id="155" from="input_r" to="call_ln13" fromId="132" toId="32">
</dataflow>
<dataflow id="156" from="m_V_1_loc" to="call_ln13" fromId="27" toId="32">
</dataflow>
<dataflow id="157" from="m_V_1_loc" to="m_V_1_loc_load" fromId="27" toId="33">
</dataflow>
<dataflow id="159" from="softmax_Pipeline_softmax_sum" to="call_ln0" fromId="158" toId="34">
</dataflow>
<dataflow id="160" from="input_r" to="call_ln0" fromId="132" toId="34">
</dataflow>
<dataflow id="161" from="m_V_1_loc_load" to="call_ln0" fromId="33" toId="34">
</dataflow>
<dataflow id="162" from="sum_V_loc" to="call_ln0" fromId="26" toId="34">
</dataflow>
<dataflow id="163" from="f_x_msb_3_table_V" to="call_ln0" fromId="133" toId="34">
</dataflow>
<dataflow id="164" from="f_x_msb_2_table_V" to="call_ln0" fromId="134" toId="34">
</dataflow>
<dataflow id="165" from="exp_x_msb_1_table_V" to="call_ln0" fromId="135" toId="34">
</dataflow>
<dataflow id="166" from="softmax_Pipeline_softmax_sum" to="call_ln0" fromId="158" toId="35">
</dataflow>
<dataflow id="167" from="input_r" to="call_ln0" fromId="132" toId="35">
</dataflow>
<dataflow id="168" from="m_V_1_loc_load" to="call_ln0" fromId="33" toId="35">
</dataflow>
<dataflow id="169" from="sum_V_loc" to="call_ln0" fromId="26" toId="35">
</dataflow>
<dataflow id="170" from="f_x_msb_3_table_V" to="call_ln0" fromId="133" toId="35">
</dataflow>
<dataflow id="171" from="f_x_msb_2_table_V" to="call_ln0" fromId="134" toId="35">
</dataflow>
<dataflow id="172" from="exp_x_msb_1_table_V" to="call_ln0" fromId="135" toId="35">
</dataflow>
<dataflow id="173" from="sum_V_loc" to="sum_V_loc_load" fromId="26" toId="36">
</dataflow>
<dataflow id="175" from="_ssdm_op_BitSelect.i1.i24.i32" to="p_Result_7" fromId="174" toId="37">
</dataflow>
<dataflow id="176" from="sum_V_loc_load" to="p_Result_7" fromId="36" toId="37">
</dataflow>
<dataflow id="178" from="StgValue_177" to="p_Result_7" fromId="177" toId="37">
</dataflow>
<dataflow id="180" from="StgValue_179" to="tmp_V" fromId="179" toId="38">
</dataflow>
<dataflow id="181" from="sum_V_loc_load" to="tmp_V" fromId="36" toId="38">
</dataflow>
<dataflow id="182" from="p_Result_7" to="m_5" fromId="37" toId="39">
</dataflow>
<dataflow id="183" from="tmp_V" to="m_5" fromId="38" toId="39">
</dataflow>
<dataflow id="184" from="sum_V_loc_load" to="m_5" fromId="36" toId="39">
</dataflow>
<dataflow id="186" from="llvm.part.select.i24" to="p_Result_s" fromId="185" toId="40">
</dataflow>
<dataflow id="187" from="m_5" to="p_Result_s" fromId="39" toId="40">
</dataflow>
<dataflow id="188" from="StgValue_177" to="p_Result_s" fromId="177" toId="40">
</dataflow>
<dataflow id="190" from="StgValue_189" to="p_Result_s" fromId="189" toId="40">
</dataflow>
<dataflow id="192" from="_ssdm_op_BitConcatenate.i32.i8.i24" to="p_Result_8" fromId="191" toId="41">
</dataflow>
<dataflow id="194" from="StgValue_193" to="p_Result_8" fromId="193" toId="41">
</dataflow>
<dataflow id="195" from="p_Result_s" to="p_Result_8" fromId="40" toId="41">
</dataflow>
<dataflow id="197" from="llvm.cttz.i32" to="l" fromId="196" toId="42">
</dataflow>
<dataflow id="198" from="p_Result_8" to="l" fromId="41" toId="42">
</dataflow>
<dataflow id="200" from="StgValue_199" to="l" fromId="199" toId="42">
</dataflow>
<dataflow id="202" from="StgValue_201" to="sub_ln947" fromId="201" toId="43">
</dataflow>
<dataflow id="203" from="l" to="sub_ln947" fromId="42" toId="43">
</dataflow>
<dataflow id="204" from="sub_ln947" to="trunc_ln947" fromId="43" toId="44">
</dataflow>
<dataflow id="205" from="sub_ln947" to="trunc_ln950" fromId="43" toId="45">
</dataflow>
<dataflow id="206" from="l" to="trunc_ln946" fromId="42" toId="46">
</dataflow>
<dataflow id="207" from="sub_ln947" to="lsb_index" fromId="43" toId="47">
</dataflow>
<dataflow id="209" from="StgValue_208" to="lsb_index" fromId="208" toId="47">
</dataflow>
<dataflow id="211" from="_ssdm_op_PartSelect.i31.i32.i32.i32" to="tmp_3" fromId="210" toId="48">
</dataflow>
<dataflow id="212" from="lsb_index" to="tmp_3" fromId="47" toId="48">
</dataflow>
<dataflow id="214" from="StgValue_213" to="tmp_3" fromId="213" toId="48">
</dataflow>
<dataflow id="216" from="StgValue_215" to="tmp_3" fromId="215" toId="48">
</dataflow>
<dataflow id="217" from="tmp_3" to="icmp_ln949" fromId="48" toId="49">
</dataflow>
<dataflow id="219" from="StgValue_218" to="icmp_ln949" fromId="218" toId="49">
</dataflow>
<dataflow id="221" from="StgValue_220" to="sub_ln950" fromId="220" toId="50">
</dataflow>
<dataflow id="222" from="trunc_ln950" to="sub_ln950" fromId="45" toId="50">
</dataflow>
<dataflow id="223" from="sub_ln950" to="zext_ln950" fromId="50" toId="51">
</dataflow>
<dataflow id="225" from="StgValue_224" to="lshr_ln950" fromId="224" toId="52">
</dataflow>
<dataflow id="226" from="zext_ln950" to="lshr_ln950" fromId="51" toId="52">
</dataflow>
<dataflow id="227" from="m_5" to="p_Result_4" fromId="39" toId="53">
</dataflow>
<dataflow id="228" from="lshr_ln950" to="p_Result_4" fromId="52" toId="53">
</dataflow>
<dataflow id="229" from="p_Result_4" to="icmp_ln950" fromId="53" toId="54">
</dataflow>
<dataflow id="230" from="StgValue_179" to="icmp_ln950" fromId="179" toId="54">
</dataflow>
<dataflow id="232" from="_ssdm_op_BitSelect.i1.i32.i32" to="tmp_4" fromId="231" toId="55">
</dataflow>
<dataflow id="233" from="lsb_index" to="tmp_4" fromId="47" toId="55">
</dataflow>
<dataflow id="234" from="StgValue_215" to="tmp_4" fromId="215" toId="55">
</dataflow>
<dataflow id="235" from="tmp_4" to="xor_ln952" fromId="55" toId="56">
</dataflow>
<dataflow id="236" from="StgValue_199" to="xor_ln952" fromId="199" toId="56">
</dataflow>
<dataflow id="237" from="icmp_ln949" to="and_ln949" fromId="49" toId="57">
</dataflow>
<dataflow id="238" from="icmp_ln950" to="and_ln949" fromId="54" toId="57">
</dataflow>
<dataflow id="239" from="trunc_ln947" to="add_ln952" fromId="44" toId="58">
</dataflow>
<dataflow id="241" from="StgValue_240" to="add_ln952" fromId="240" toId="58">
</dataflow>
<dataflow id="243" from="_ssdm_op_BitSelect.i1.i24.i24" to="p_Result_3" fromId="242" toId="59">
</dataflow>
<dataflow id="244" from="m_5" to="p_Result_3" fromId="39" toId="59">
</dataflow>
<dataflow id="245" from="add_ln952" to="p_Result_3" fromId="58" toId="59">
</dataflow>
<dataflow id="246" from="p_Result_3" to="a" fromId="59" toId="60">
</dataflow>
<dataflow id="247" from="and_ln949" to="a" fromId="57" toId="60">
</dataflow>
<dataflow id="248" from="lsb_index" to="icmp_ln961" fromId="47" toId="61">
</dataflow>
<dataflow id="249" from="StgValue_189" to="icmp_ln961" fromId="189" toId="61">
</dataflow>
<dataflow id="250" from="a" to="and_ln952" fromId="60" toId="62">
</dataflow>
<dataflow id="251" from="xor_ln952" to="and_ln952" fromId="56" toId="62">
</dataflow>
<dataflow id="252" from="m_5" to="zext_ln960" fromId="39" toId="63">
</dataflow>
<dataflow id="254" from="StgValue_253" to="sub_ln962" fromId="253" toId="64">
</dataflow>
<dataflow id="255" from="sub_ln947" to="sub_ln962" fromId="43" toId="64">
</dataflow>
<dataflow id="256" from="sub_ln962" to="zext_ln962" fromId="64" toId="65">
</dataflow>
<dataflow id="257" from="zext_ln960" to="shl_ln962" fromId="63" toId="66">
</dataflow>
<dataflow id="258" from="zext_ln962" to="shl_ln962" fromId="65" toId="66">
</dataflow>
<dataflow id="259" from="sub_ln947" to="add_ln961" fromId="43" toId="67">
</dataflow>
<dataflow id="261" from="StgValue_260" to="add_ln961" fromId="260" toId="67">
</dataflow>
<dataflow id="262" from="add_ln961" to="zext_ln961" fromId="67" toId="68">
</dataflow>
<dataflow id="263" from="zext_ln960" to="lshr_ln961" fromId="63" toId="69">
</dataflow>
<dataflow id="264" from="zext_ln961" to="lshr_ln961" fromId="68" toId="69">
</dataflow>
<dataflow id="265" from="icmp_ln961" to="m" fromId="61" toId="70">
</dataflow>
<dataflow id="266" from="lshr_ln961" to="m" fromId="69" toId="70">
</dataflow>
<dataflow id="267" from="shl_ln962" to="m" fromId="66" toId="70">
</dataflow>
<dataflow id="268" from="and_ln952" to="zext_ln964" fromId="62" toId="71">
</dataflow>
<dataflow id="269" from="m" to="m_2" fromId="70" toId="72">
</dataflow>
<dataflow id="270" from="zext_ln964" to="m_2" fromId="71" toId="72">
</dataflow>
<dataflow id="272" from="_ssdm_op_PartSelect.i63.i64.i32.i32" to="m_6" fromId="271" toId="73">
</dataflow>
<dataflow id="273" from="m_2" to="m_6" fromId="72" toId="73">
</dataflow>
<dataflow id="274" from="StgValue_213" to="m_6" fromId="213" toId="73">
</dataflow>
<dataflow id="276" from="StgValue_275" to="m_6" fromId="275" toId="73">
</dataflow>
<dataflow id="278" from="_ssdm_op_BitSelect.i1.i64.i32" to="p_Result_5" fromId="277" toId="74">
</dataflow>
<dataflow id="279" from="m_2" to="p_Result_5" fromId="72" toId="74">
</dataflow>
<dataflow id="280" from="StgValue_253" to="p_Result_5" fromId="253" toId="74">
</dataflow>
<dataflow id="282" from="_ssdm_op_PartSelect.i52.i64.i32.i32" to="trunc_ln3" fromId="281" toId="75">
</dataflow>
<dataflow id="283" from="m_2" to="trunc_ln3" fromId="72" toId="75">
</dataflow>
<dataflow id="284" from="StgValue_213" to="trunc_ln3" fromId="213" toId="75">
</dataflow>
<dataflow id="286" from="StgValue_285" to="trunc_ln3" fromId="285" toId="75">
</dataflow>
<dataflow id="287" from="m_6" to="zext_ln965" fromId="73" toId="76">
</dataflow>
<dataflow id="288" from="p_Result_5" to="select_ln946" fromId="74" toId="77">
</dataflow>
<dataflow id="290" from="StgValue_289" to="select_ln946" fromId="289" toId="77">
</dataflow>
<dataflow id="292" from="StgValue_291" to="select_ln946" fromId="291" toId="77">
</dataflow>
<dataflow id="294" from="StgValue_293" to="sub_ln968" fromId="293" toId="78">
</dataflow>
<dataflow id="295" from="trunc_ln946" to="sub_ln968" fromId="46" toId="78">
</dataflow>
<dataflow id="296" from="sub_ln968" to="add_ln968" fromId="78" toId="79">
</dataflow>
<dataflow id="297" from="select_ln946" to="add_ln968" fromId="77" toId="79">
</dataflow>
<dataflow id="299" from="_ssdm_op_BitConcatenate.i12.i1.i11" to="tmp" fromId="298" toId="80">
</dataflow>
<dataflow id="300" from="p_Result_7" to="tmp" fromId="37" toId="80">
</dataflow>
<dataflow id="301" from="add_ln968" to="tmp" fromId="79" toId="80">
</dataflow>
<dataflow id="303" from="_ssdm_op_PartSet.i64.i64.i12.i32.i32" to="p_Result_9" fromId="302" toId="81">
</dataflow>
<dataflow id="304" from="zext_ln965" to="p_Result_9" fromId="76" toId="81">
</dataflow>
<dataflow id="305" from="tmp" to="p_Result_9" fromId="80" toId="81">
</dataflow>
<dataflow id="306" from="StgValue_285" to="p_Result_9" fromId="285" toId="81">
</dataflow>
<dataflow id="307" from="StgValue_275" to="p_Result_9" fromId="275" toId="81">
</dataflow>
<dataflow id="308" from="add_ln968" to="icmp_ln1559" fromId="79" toId="82">
</dataflow>
<dataflow id="310" from="StgValue_309" to="icmp_ln1559" fromId="309" toId="82">
</dataflow>
<dataflow id="311" from="trunc_ln3" to="icmp_ln1559_1" fromId="75" toId="83">
</dataflow>
<dataflow id="313" from="StgValue_312" to="icmp_ln1559_1" fromId="312" toId="83">
</dataflow>
<dataflow id="314" from="p_Result_9" to="bitcast_ln746" fromId="81" toId="84">
</dataflow>
<dataflow id="315" from="bitcast_ln746" to="tmp_1" fromId="84" toId="85">
</dataflow>
<dataflow id="317" from="StgValue_316" to="tmp_1" fromId="316" toId="85">
</dataflow>
<dataflow id="318" from="sum_V_loc_load" to="icmp_ln938" fromId="36" toId="86">
</dataflow>
<dataflow id="319" from="StgValue_179" to="icmp_ln938" fromId="179" toId="86">
</dataflow>
<dataflow id="320" from="icmp_ln1559_1" to="or_ln1559" fromId="83" toId="87">
</dataflow>
<dataflow id="321" from="icmp_ln1559" to="or_ln1559" fromId="82" toId="87">
</dataflow>
<dataflow id="322" from="bitcast_ln746" to="tmp_1" fromId="84" toId="88">
</dataflow>
<dataflow id="323" from="StgValue_316" to="tmp_1" fromId="316" toId="88">
</dataflow>
<dataflow id="324" from="or_ln1559" to="and_ln1559" fromId="87" toId="89">
</dataflow>
<dataflow id="325" from="tmp_1" to="and_ln1559" fromId="88" toId="89">
</dataflow>
<dataflow id="326" from="icmp_ln938" to="or_ln1559_1" fromId="86" toId="90">
</dataflow>
<dataflow id="327" from="and_ln1559" to="or_ln1559_1" fromId="89" toId="90">
</dataflow>
<dataflow id="328" from="or_ln1559_1" to="sum_V" fromId="90" toId="91">
</dataflow>
<dataflow id="330" from="StgValue_329" to="sum_V" fromId="329" toId="91">
</dataflow>
<dataflow id="331" from="sum_V_loc_load" to="sum_V" fromId="36" toId="91">
</dataflow>
<dataflow id="333" from="log<24, 10>" to="temp" fromId="332" toId="92">
</dataflow>
<dataflow id="334" from="sum_V" to="temp" fromId="91" toId="92">
</dataflow>
<dataflow id="335" from="log_apfixed_reduce_log_inverse_lut_table_array_V" to="temp" fromId="136" toId="92">
</dataflow>
<dataflow id="336" from="log_apfixed_reduce_log0_lut_table_ap_fixed_29_7_ap_q_mode_5_ap_o_mode_3_0_0_5_64_array_V" to="temp" fromId="137" toId="92">
</dataflow>
<dataflow id="337" from="log_apfixed_reduce_log_lut_table_ap_fixed_29_7_ap_q_mode_5_ap_o_mode_3_0_4_4_16_array_V" to="temp" fromId="138" toId="92">
</dataflow>
<dataflow id="338" from="log<24, 10>" to="temp" fromId="332" toId="93">
</dataflow>
<dataflow id="339" from="sum_V" to="temp" fromId="91" toId="93">
</dataflow>
<dataflow id="340" from="log_apfixed_reduce_log_inverse_lut_table_array_V" to="temp" fromId="136" toId="93">
</dataflow>
<dataflow id="341" from="log_apfixed_reduce_log0_lut_table_ap_fixed_29_7_ap_q_mode_5_ap_o_mode_3_0_0_5_64_array_V" to="temp" fromId="137" toId="93">
</dataflow>
<dataflow id="342" from="log_apfixed_reduce_log_lut_table_ap_fixed_29_7_ap_q_mode_5_ap_o_mode_3_0_4_4_16_array_V" to="temp" fromId="138" toId="93">
</dataflow>
<dataflow id="343" from="log<24, 10>" to="temp" fromId="332" toId="94">
</dataflow>
<dataflow id="344" from="sum_V" to="temp" fromId="91" toId="94">
</dataflow>
<dataflow id="345" from="log_apfixed_reduce_log_inverse_lut_table_array_V" to="temp" fromId="136" toId="94">
</dataflow>
<dataflow id="346" from="log_apfixed_reduce_log0_lut_table_ap_fixed_29_7_ap_q_mode_5_ap_o_mode_3_0_0_5_64_array_V" to="temp" fromId="137" toId="94">
</dataflow>
<dataflow id="347" from="log_apfixed_reduce_log_lut_table_ap_fixed_29_7_ap_q_mode_5_ap_o_mode_3_0_4_4_16_array_V" to="temp" fromId="138" toId="94">
</dataflow>
<dataflow id="348" from="log<24, 10>" to="temp" fromId="332" toId="95">
</dataflow>
<dataflow id="349" from="sum_V" to="temp" fromId="91" toId="95">
</dataflow>
<dataflow id="350" from="log_apfixed_reduce_log_inverse_lut_table_array_V" to="temp" fromId="136" toId="95">
</dataflow>
<dataflow id="351" from="log_apfixed_reduce_log0_lut_table_ap_fixed_29_7_ap_q_mode_5_ap_o_mode_3_0_0_5_64_array_V" to="temp" fromId="137" toId="95">
</dataflow>
<dataflow id="352" from="log_apfixed_reduce_log_lut_table_ap_fixed_29_7_ap_q_mode_5_ap_o_mode_3_0_4_4_16_array_V" to="temp" fromId="138" toId="95">
</dataflow>
<dataflow id="353" from="log<24, 10>" to="temp" fromId="332" toId="96">
</dataflow>
<dataflow id="354" from="sum_V" to="temp" fromId="91" toId="96">
</dataflow>
<dataflow id="355" from="log_apfixed_reduce_log_inverse_lut_table_array_V" to="temp" fromId="136" toId="96">
</dataflow>
<dataflow id="356" from="log_apfixed_reduce_log0_lut_table_ap_fixed_29_7_ap_q_mode_5_ap_o_mode_3_0_0_5_64_array_V" to="temp" fromId="137" toId="96">
</dataflow>
<dataflow id="357" from="log_apfixed_reduce_log_lut_table_ap_fixed_29_7_ap_q_mode_5_ap_o_mode_3_0_4_4_16_array_V" to="temp" fromId="138" toId="96">
</dataflow>
<dataflow id="358" from="log<24, 10>" to="temp" fromId="332" toId="97">
</dataflow>
<dataflow id="359" from="sum_V" to="temp" fromId="91" toId="97">
</dataflow>
<dataflow id="360" from="log_apfixed_reduce_log_inverse_lut_table_array_V" to="temp" fromId="136" toId="97">
</dataflow>
<dataflow id="361" from="log_apfixed_reduce_log0_lut_table_ap_fixed_29_7_ap_q_mode_5_ap_o_mode_3_0_0_5_64_array_V" to="temp" fromId="137" toId="97">
</dataflow>
<dataflow id="362" from="log_apfixed_reduce_log_lut_table_ap_fixed_29_7_ap_q_mode_5_ap_o_mode_3_0_4_4_16_array_V" to="temp" fromId="138" toId="97">
</dataflow>
<dataflow id="363" from="log<24, 10>" to="temp" fromId="332" toId="98">
</dataflow>
<dataflow id="364" from="sum_V" to="temp" fromId="91" toId="98">
</dataflow>
<dataflow id="365" from="log_apfixed_reduce_log_inverse_lut_table_array_V" to="temp" fromId="136" toId="98">
</dataflow>
<dataflow id="366" from="log_apfixed_reduce_log0_lut_table_ap_fixed_29_7_ap_q_mode_5_ap_o_mode_3_0_0_5_64_array_V" to="temp" fromId="137" toId="98">
</dataflow>
<dataflow id="367" from="log_apfixed_reduce_log_lut_table_ap_fixed_29_7_ap_q_mode_5_ap_o_mode_3_0_4_4_16_array_V" to="temp" fromId="138" toId="98">
</dataflow>
<dataflow id="368" from="log<24, 10>" to="temp" fromId="332" toId="99">
</dataflow>
<dataflow id="369" from="sum_V" to="temp" fromId="91" toId="99">
</dataflow>
<dataflow id="370" from="log_apfixed_reduce_log_inverse_lut_table_array_V" to="temp" fromId="136" toId="99">
</dataflow>
<dataflow id="371" from="log_apfixed_reduce_log0_lut_table_ap_fixed_29_7_ap_q_mode_5_ap_o_mode_3_0_0_5_64_array_V" to="temp" fromId="137" toId="99">
</dataflow>
<dataflow id="372" from="log_apfixed_reduce_log_lut_table_ap_fixed_29_7_ap_q_mode_5_ap_o_mode_3_0_4_4_16_array_V" to="temp" fromId="138" toId="99">
</dataflow>
<dataflow id="373" from="log<24, 10>" to="temp" fromId="332" toId="100">
</dataflow>
<dataflow id="374" from="sum_V" to="temp" fromId="91" toId="100">
</dataflow>
<dataflow id="375" from="log_apfixed_reduce_log_inverse_lut_table_array_V" to="temp" fromId="136" toId="100">
</dataflow>
<dataflow id="376" from="log_apfixed_reduce_log0_lut_table_ap_fixed_29_7_ap_q_mode_5_ap_o_mode_3_0_0_5_64_array_V" to="temp" fromId="137" toId="100">
</dataflow>
<dataflow id="377" from="log_apfixed_reduce_log_lut_table_ap_fixed_29_7_ap_q_mode_5_ap_o_mode_3_0_4_4_16_array_V" to="temp" fromId="138" toId="100">
</dataflow>
<dataflow id="378" from="log<24, 10>" to="temp" fromId="332" toId="101">
</dataflow>
<dataflow id="379" from="sum_V" to="temp" fromId="91" toId="101">
</dataflow>
<dataflow id="380" from="log_apfixed_reduce_log_inverse_lut_table_array_V" to="temp" fromId="136" toId="101">
</dataflow>
<dataflow id="381" from="log_apfixed_reduce_log0_lut_table_ap_fixed_29_7_ap_q_mode_5_ap_o_mode_3_0_0_5_64_array_V" to="temp" fromId="137" toId="101">
</dataflow>
<dataflow id="382" from="log_apfixed_reduce_log_lut_table_ap_fixed_29_7_ap_q_mode_5_ap_o_mode_3_0_4_4_16_array_V" to="temp" fromId="138" toId="101">
</dataflow>
<dataflow id="383" from="log<24, 10>" to="temp" fromId="332" toId="102">
</dataflow>
<dataflow id="384" from="sum_V" to="temp" fromId="91" toId="102">
</dataflow>
<dataflow id="385" from="log_apfixed_reduce_log_inverse_lut_table_array_V" to="temp" fromId="136" toId="102">
</dataflow>
<dataflow id="386" from="log_apfixed_reduce_log0_lut_table_ap_fixed_29_7_ap_q_mode_5_ap_o_mode_3_0_0_5_64_array_V" to="temp" fromId="137" toId="102">
</dataflow>
<dataflow id="387" from="log_apfixed_reduce_log_lut_table_ap_fixed_29_7_ap_q_mode_5_ap_o_mode_3_0_4_4_16_array_V" to="temp" fromId="138" toId="102">
</dataflow>
<dataflow id="388" from="log<24, 10>" to="temp" fromId="332" toId="103">
</dataflow>
<dataflow id="389" from="sum_V" to="temp" fromId="91" toId="103">
</dataflow>
<dataflow id="390" from="log_apfixed_reduce_log_inverse_lut_table_array_V" to="temp" fromId="136" toId="103">
</dataflow>
<dataflow id="391" from="log_apfixed_reduce_log0_lut_table_ap_fixed_29_7_ap_q_mode_5_ap_o_mode_3_0_0_5_64_array_V" to="temp" fromId="137" toId="103">
</dataflow>
<dataflow id="392" from="log_apfixed_reduce_log_lut_table_ap_fixed_29_7_ap_q_mode_5_ap_o_mode_3_0_4_4_16_array_V" to="temp" fromId="138" toId="103">
</dataflow>
<dataflow id="393" from="temp" to="add_ln712" fromId="103" toId="104">
</dataflow>
<dataflow id="394" from="m_V_1_loc_load" to="add_ln712" fromId="33" toId="104">
</dataflow>
<dataflow id="396" from="softmax_Pipeline_softmax_exp" to="call_ln712" fromId="395" toId="105">
</dataflow>
<dataflow id="397" from="input_r" to="call_ln712" fromId="132" toId="105">
</dataflow>
<dataflow id="398" from="add_ln712" to="call_ln712" fromId="104" toId="105">
</dataflow>
<dataflow id="399" from="f_x_msb_3_table_V" to="call_ln712" fromId="133" toId="105">
</dataflow>
<dataflow id="400" from="f_x_msb_2_table_V" to="call_ln712" fromId="134" toId="105">
</dataflow>
<dataflow id="401" from="exp_x_msb_1_table_V" to="call_ln712" fromId="135" toId="105">
</dataflow>
<dataflow id="402" from="softmax_Pipeline_softmax_exp" to="call_ln712" fromId="395" toId="106">
</dataflow>
<dataflow id="403" from="input_r" to="call_ln712" fromId="132" toId="106">
</dataflow>
<dataflow id="404" from="add_ln712" to="call_ln712" fromId="104" toId="106">
</dataflow>
<dataflow id="405" from="f_x_msb_3_table_V" to="call_ln712" fromId="133" toId="106">
</dataflow>
<dataflow id="406" from="f_x_msb_2_table_V" to="call_ln712" fromId="134" toId="106">
</dataflow>
<dataflow id="407" from="exp_x_msb_1_table_V" to="call_ln712" fromId="135" toId="106">
</dataflow>
<dataflow id="408" from="icmp_ln961" to="StgValue_9" fromId="61" toId="9">
</dataflow>
</dataflows>


</stg>
