<stg><name>softmax_Pipeline_VITIS_LOOP_15_1</name>


<trans_list>

<trans id="39" from="1" to="2">
<condition id="-1">
<or_exp><and_exp></and_exp></or_exp>
</condition>
</trans>
</trans_list>



<state_list>

<state id="1" st_id="2">

<operation id="5" st_id="1" stage="1" lat="1">
<core>NULL</core>
<MemPortIdVec></MemPortIdVec>
<condition id="-1">
<or_exp><and_exp></and_exp></or_exp>
</condition>

<Node id="4" bw="24" op_0_bw="32">
<![CDATA[
newFuncRoot:0 %m_V_1 = alloca i32 1

]]></Node>
<StgValue><ssdm name="m_V_1"/></StgValue>
</operation>

<operation id="6" st_id="1" stage="1" lat="1">
<core>NULL</core>
<MemPortIdVec></MemPortIdVec>
<condition id="-1">
<or_exp><and_exp></and_exp></or_exp>
</condition>

<Node id="5" bw="4" op_0_bw="32">
<![CDATA[
newFuncRoot:1 %i = alloca i32 1

]]></Node>
<StgValue><ssdm name="i"/></StgValue>
</operation>

<operation id="7" st_id="1" stage="1" lat="1">
<core>NULL</core>
<MemPortIdVec></MemPortIdVec>
<condition id="-1">
<or_exp><and_exp></and_exp></or_exp>
</condition>

<Node id="6" bw="24" op_0_bw="24" op_1_bw="24">
<![CDATA[
newFuncRoot:2 %m_V_read = read i24 @_ssdm_op_Read.ap_auto.i24, i24 %m_V

]]></Node>
<StgValue><ssdm name="m_V_read"/></StgValue>
</operation>

<operation id="8" st_id="1" stage="1" lat="1">
<core>NULL</core>
<MemPortIdVec></MemPortIdVec>
<condition id="-1">
<or_exp><and_exp></and_exp></or_exp>
</condition>

<Node id="7" bw="0" op_0_bw="4" op_1_bw="4">
<![CDATA[
newFuncRoot:3 %store_ln0 = store i4 0, i4 %i

]]></Node>
<StgValue><ssdm name="store_ln0"/></StgValue>
</operation>

<operation id="9" st_id="1" stage="1" lat="1">
<core>NULL</core>
<MemPortIdVec></MemPortIdVec>
<condition id="-1">
<or_exp><and_exp></and_exp></or_exp>
</condition>

<Node id="8" bw="0" op_0_bw="24" op_1_bw="24">
<![CDATA[
newFuncRoot:4 %store_ln0 = store i24 %m_V_read, i24 %m_V_1

]]></Node>
<StgValue><ssdm name="store_ln0"/></StgValue>
</operation>

<operation id="10" st_id="1" stage="1" lat="1">
<core>NULL</core>
<MemPortIdVec></MemPortIdVec>
<condition id="-1">
<or_exp><and_exp></and_exp></or_exp>
</condition>

<Node id="9" bw="0" op_0_bw="0">
<![CDATA[
newFuncRoot:5 %br_ln0 = br void

]]></Node>
<StgValue><ssdm name="br_ln0"/></StgValue>
</operation>

<operation id="11" st_id="1" stage="1" lat="1">
<core>NULL</core>
<MemPortIdVec></MemPortIdVec>
<condition id="-1">
<or_exp><and_exp></and_exp></or_exp>
</condition>

<Node id="11" bw="4" op_0_bw="4" op_1_bw="0">
<![CDATA[
:0 %i_3 = load i4 %i

]]></Node>
<StgValue><ssdm name="i_3"/></StgValue>
</operation>

<operation id="12" st_id="1" stage="1" lat="1">
<core>NULL</core>
<MemPortIdVec></MemPortIdVec>
<condition id="-1">
<or_exp><and_exp></and_exp></or_exp>
</condition>

<Node id="12" bw="0" op_0_bw="0" op_1_bw="32" op_2_bw="32" op_3_bw="32" op_4_bw="32" op_5_bw="0">
<![CDATA[
:1 %specpipeline_ln0 = specpipeline void @_ssdm_op_SpecPipeline, i32 4294967295, i32 0, i32 1, i32 0, void @p_str

]]></Node>
<StgValue><ssdm name="specpipeline_ln0"/></StgValue>
</operation>

<operation id="13" st_id="1" stage="1" lat="1">
<core>Cmp</core>
<MemPortIdVec></MemPortIdVec>
<condition id="-1">
<or_exp><and_exp></and_exp></or_exp>
</condition>

<Node id="13" bw="1" op_0_bw="4" op_1_bw="4">
<![CDATA[
:2 %icmp_ln15 = icmp_eq  i4 %i_3, i4 10

]]></Node>
<StgValue><ssdm name="icmp_ln15"/></StgValue>
</operation>

<operation id="14" st_id="1" stage="1" lat="1">
<core>NULL</core>
<MemPortIdVec></MemPortIdVec>
<condition id="-1">
<or_exp><and_exp></and_exp></or_exp>
</condition>

<Node id="14" bw="32" op_0_bw="32" op_1_bw="64" op_2_bw="64" op_3_bw="64">
<![CDATA[
:3 %empty = speclooptripcount i32 @_ssdm_op_SpecLoopTripCount, i64 10, i64 10, i64 10

]]></Node>
<StgValue><ssdm name="empty"/></StgValue>
</operation>

<operation id="15" st_id="1" stage="1" lat="1">
<core>Adder</core>
<MemPortIdVec></MemPortIdVec>
<condition id="-1">
<or_exp><and_exp></and_exp></or_exp>
</condition>

<Node id="15" bw="4" op_0_bw="4" op_1_bw="4">
<![CDATA[
:4 %add_ln15 = add i4 %i_3, i4 1

]]></Node>
<StgValue><ssdm name="add_ln15"/></StgValue>
</operation>

<operation id="16" st_id="1" stage="1" lat="1">
<core>NULL</core>
<MemPortIdVec></MemPortIdVec>
<condition id="-1">
<or_exp><and_exp></and_exp></or_exp>
</condition>

<Node id="16" bw="0" op_0_bw="1" op_1_bw="0" op_2_bw="0">
<![CDATA[
:5 %br_ln15 = br i1 %icmp_ln15, void %.split, void %_ZN13ap_fixed_baseILi25ELi11ELb1EL9ap_q_mode5EL9ap_o_mode3ELi0EEC2ILi24ELi10ELb1ELS0_0ELS1_3ELi0EEERKS_IXT_EXT0_EXT1_EXT2_EXT3_EXT4_EE.exit.i.preheader.exitStub

]]></Node>
<StgValue><ssdm name="br_ln15"/></StgValue>
</operation>

<operation id="17" st_id="1" stage="1" lat="1">
<core>NULL</core>
<MemPortIdVec></MemPortIdVec>
<condition id="-1">
<or_exp><and_exp><literal name="icmp_ln15" val="0"/>
</and_exp></or_exp>
</condition>

<Node id="19" bw="64" op_0_bw="4">
<![CDATA[
.split:1 %i_cast = zext i4 %i_3

]]></Node>
<StgValue><ssdm name="i_cast"/></StgValue>
</operation>

<operation id="18" st_id="1" stage="1" lat="1">
<core>NULL</core>
<MemPortIdVec></MemPortIdVec>
<condition id="-1">
<or_exp><and_exp><literal name="icmp_ln15" val="0"/>
</and_exp></or_exp>
</condition>

<Node id="21" bw="4" op_0_bw="24" op_1_bw="64" op_2_bw="64">
<![CDATA[
.split:3 %input_addr = getelementptr i24 %input_r, i64 0, i64 %i_cast

]]></Node>
<StgValue><ssdm name="input_addr"/></StgValue>
</operation>

<operation id="19" st_id="1" stage="2" lat="2">
<core>RAM</core>
<MemPortIdVec>0 </MemPortIdVec>
<condition id="-1">
<or_exp><and_exp><literal name="icmp_ln15" val="0"/>
</and_exp></or_exp>
</condition>

<Node id="22" bw="24" op_0_bw="4">
<![CDATA[
.split:4 %input_load = load i4 %input_addr

]]></Node>
<StgValue><ssdm name="input_load"/></StgValue>
</operation>

<operation id="20" st_id="1" stage="1" lat="1">
<core>NULL</core>
<MemPortIdVec></MemPortIdVec>
<condition id="-1">
<or_exp><and_exp><literal name="icmp_ln15" val="0"/>
</and_exp></or_exp>
</condition>

<Node id="25" bw="0" op_0_bw="4" op_1_bw="4" op_2_bw="0" op_3_bw="0">
<![CDATA[
.split:7 %store_ln15 = store i4 %add_ln15, i4 %i

]]></Node>
<StgValue><ssdm name="store_ln15"/></StgValue>
</operation>

<operation id="28" st_id="1" stage="1" lat="1">
<core>NULL</core>
<MemPortIdVec></MemPortIdVec>
<condition id="-1">
<or_exp><and_exp><literal name="icmp_ln15" val="1"/>
</and_exp></or_exp>
</condition>

<Node id="29" bw="24" op_0_bw="24" op_1_bw="0">
<![CDATA[
_ZN13ap_fixed_baseILi25ELi11ELb1EL9ap_q_mode5EL9ap_o_mode3ELi0EEC2ILi24ELi10ELb1ELS0_0ELS1_3ELi0EEERKS_IXT_EXT0_EXT1_EXT2_EXT3_EXT4_EE.exit.i.preheader.exitStub:0 %m_V_1_load = load i24 %m_V_1

]]></Node>
<StgValue><ssdm name="m_V_1_load"/></StgValue>
</operation>

<operation id="29" st_id="1" stage="1" lat="1">
<core>NULL</core>
<MemPortIdVec></MemPortIdVec>
<condition id="-1">
<or_exp><and_exp><literal name="icmp_ln15" val="1"/>
</and_exp></or_exp>
</condition>

<Node id="30" bw="0" op_0_bw="0" op_1_bw="24" op_2_bw="24">
<![CDATA[
_ZN13ap_fixed_baseILi25ELi11ELb1EL9ap_q_mode5EL9ap_o_mode3ELi0EEC2ILi24ELi10ELb1ELS0_0ELS1_3ELi0EEERKS_IXT_EXT0_EXT1_EXT2_EXT3_EXT4_EE.exit.i.preheader.exitStub:1 %write_ln0 = write void @_ssdm_op_Write.ap_auto.i24P0A, i24 %m_V_1_out, i24 %m_V_1_load

]]></Node>
<StgValue><ssdm name="write_ln0"/></StgValue>
</operation>

<operation id="30" st_id="1" stage="1" lat="1">
<core>NULL</core>
<MemPortIdVec></MemPortIdVec>
<condition id="-1">
<or_exp><and_exp><literal name="icmp_ln15" val="1"/>
</and_exp></or_exp>
</condition>

<Node id="31" bw="0">
<![CDATA[
_ZN13ap_fixed_baseILi25ELi11ELb1EL9ap_q_mode5EL9ap_o_mode3ELi0EEC2ILi24ELi10ELb1ELS0_0ELS1_3ELi0EEERKS_IXT_EXT0_EXT1_EXT2_EXT3_EXT4_EE.exit.i.preheader.exitStub:2 %ret_ln0 = ret

]]></Node>
<StgValue><ssdm name="ret_ln0"/></StgValue>
</operation>
</state>

<state id="2" st_id="3">

<operation id="21" st_id="2" stage="1" lat="1">
<core>NULL</core>
<MemPortIdVec></MemPortIdVec>
<condition id="-1">
<or_exp><and_exp></and_exp></or_exp>
</condition>

<Node id="18" bw="24" op_0_bw="24" op_1_bw="0">
<![CDATA[
.split:0 %m_V_1_load_1 = load i24 %m_V_1

]]></Node>
<StgValue><ssdm name="m_V_1_load_1"/></StgValue>
</operation>

<operation id="22" st_id="2" stage="1" lat="1">
<core>NULL</core>
<MemPortIdVec></MemPortIdVec>
<condition id="-1">
<or_exp><and_exp></and_exp></or_exp>
</condition>

<Node id="20" bw="0" op_0_bw="0" op_1_bw="0">
<![CDATA[
.split:2 %specloopname_ln11 = specloopname void @_ssdm_op_SpecLoopName, void @empty_6

]]></Node>
<StgValue><ssdm name="specloopname_ln11"/></StgValue>
</operation>

<operation id="23" st_id="2" stage="1" lat="2">
<core>RAM</core>
<MemPortIdVec>0 </MemPortIdVec>
<condition id="-1">
<or_exp><and_exp></and_exp></or_exp>
</condition>

<Node id="22" bw="24" op_0_bw="4">
<![CDATA[
.split:4 %input_load = load i4 %input_addr

]]></Node>
<StgValue><ssdm name="input_load"/></StgValue>
</operation>

<operation id="24" st_id="2" stage="1" lat="1">
<core>Cmp</core>
<MemPortIdVec></MemPortIdVec>
<condition id="-1">
<or_exp><and_exp></and_exp></or_exp>
</condition>

<Node id="23" bw="1" op_0_bw="24" op_1_bw="24">
<![CDATA[
.split:5 %icmp_ln1548 = icmp_slt  i24 %m_V_1_load_1, i24 %input_load

]]></Node>
<StgValue><ssdm name="icmp_ln1548"/></StgValue>
</operation>

<operation id="25" st_id="2" stage="1" lat="1">
<core>Sel</core>
<MemPortIdVec></MemPortIdVec>
<condition id="-1">
<or_exp><and_exp></and_exp></or_exp>
</condition>

<Node id="24" bw="24" op_0_bw="1" op_1_bw="24" op_2_bw="24">
<![CDATA[
.split:6 %m_V_2 = select i1 %icmp_ln1548, i24 %input_load, i24 %m_V_1_load_1

]]></Node>
<StgValue><ssdm name="m_V_2"/></StgValue>
</operation>

<operation id="26" st_id="2" stage="1" lat="1">
<core>NULL</core>
<MemPortIdVec></MemPortIdVec>
<condition id="-1">
<or_exp><and_exp></and_exp></or_exp>
</condition>

<Node id="26" bw="0" op_0_bw="24" op_1_bw="24" op_2_bw="0" op_3_bw="0">
<![CDATA[
.split:8 %store_ln16 = store i24 %m_V_2, i24 %m_V_1

]]></Node>
<StgValue><ssdm name="store_ln16"/></StgValue>
</operation>

<operation id="27" st_id="2" stage="1" lat="1">
<core>NULL</core>
<MemPortIdVec></MemPortIdVec>
<condition id="-1">
<or_exp><and_exp></and_exp></or_exp>
</condition>

<Node id="27" bw="0" op_0_bw="0">
<![CDATA[
.split:9 %br_ln0 = br void

]]></Node>
<StgValue><ssdm name="br_ln0"/></StgValue>
</operation>
</state>
</state_list>


<ports>
<port id="40" name="m_V" dir="0" iftype="0">
<core>NULL</core><StgValue><ssdm name="m_V"/></StgValue>
</port>
<port id="41" name="input_r" dir="0" iftype="1">
<core>RAM</core><StgValue><ssdm name="input_r"/><MemPortTyVec>1 3 </MemPortTyVec>
</StgValue>
</port>
<port id="42" name="m_V_1_out" dir="1" iftype="0">
<core>NULL</core><StgValue><ssdm name="m_V_1_out"/></StgValue>
</port>
</ports>


<dataflows>
<dataflow id="44" from="StgValue_43" to="m_V_1" fromId="43" toId="5">
</dataflow>
<dataflow id="45" from="StgValue_43" to="i" fromId="43" toId="6">
</dataflow>
<dataflow id="47" from="_ssdm_op_Read.ap_auto.i24" to="m_V_read" fromId="46" toId="7">
</dataflow>
<dataflow id="48" from="m_V" to="m_V_read" fromId="40" toId="7">
</dataflow>
<dataflow id="50" from="StgValue_49" to="store_ln0" fromId="49" toId="8">
</dataflow>
<dataflow id="51" from="i" to="store_ln0" fromId="6" toId="8">
</dataflow>
<dataflow id="52" from="m_V_read" to="store_ln0" fromId="7" toId="9">
</dataflow>
<dataflow id="53" from="m_V_1" to="store_ln0" fromId="5" toId="9">
</dataflow>
<dataflow id="54" from="i" to="i_3" fromId="6" toId="11">
</dataflow>
<dataflow id="56" from="_ssdm_op_SpecPipeline" to="specpipeline_ln0" fromId="55" toId="12">
</dataflow>
<dataflow id="58" from="StgValue_57" to="specpipeline_ln0" fromId="57" toId="12">
</dataflow>
<dataflow id="60" from="StgValue_59" to="specpipeline_ln0" fromId="59" toId="12">
</dataflow>
<dataflow id="61" from="StgValue_43" to="specpipeline_ln0" fromId="43" toId="12">
</dataflow>
<dataflow id="62" from="StgValue_59" to="specpipeline_ln0" fromId="59" toId="12">
</dataflow>
<dataflow id="64" from="p_str" to="specpipeline_ln0" fromId="63" toId="12">
</dataflow>
<dataflow id="65" from="i_3" to="icmp_ln15" fromId="11" toId="13">
</dataflow>
<dataflow id="67" from="StgValue_66" to="icmp_ln15" fromId="66" toId="13">
</dataflow>
<dataflow id="69" from="_ssdm_op_SpecLoopTripCount" to="empty" fromId="68" toId="14">
</dataflow>
<dataflow id="71" from="StgValue_70" to="empty" fromId="70" toId="14">
</dataflow>
<dataflow id="72" from="StgValue_70" to="empty" fromId="70" toId="14">
</dataflow>
<dataflow id="73" from="StgValue_70" to="empty" fromId="70" toId="14">
</dataflow>
<dataflow id="74" from="i_3" to="add_ln15" fromId="11" toId="15">
</dataflow>
<dataflow id="76" from="StgValue_75" to="add_ln15" fromId="75" toId="15">
</dataflow>
<dataflow id="77" from="icmp_ln15" to="br_ln15" fromId="13" toId="16">
</dataflow>
<dataflow id="78" from="i_3" to="i_cast" fromId="11" toId="17">
</dataflow>
<dataflow id="79" from="input_r" to="input_addr" fromId="41" toId="18">
</dataflow>
<dataflow id="81" from="StgValue_80" to="input_addr" fromId="80" toId="18">
</dataflow>
<dataflow id="82" from="i_cast" to="input_addr" fromId="17" toId="18">
</dataflow>
<dataflow id="83" from="input_addr" to="input_load" fromId="18" toId="19">
</dataflow>
<dataflow id="84" from="add_ln15" to="store_ln15" fromId="15" toId="20">
</dataflow>
<dataflow id="85" from="i" to="store_ln15" fromId="6" toId="20">
</dataflow>
<dataflow id="86" from="m_V_1" to="m_V_1_load_1" fromId="5" toId="21">
</dataflow>
<dataflow id="88" from="_ssdm_op_SpecLoopName" to="specloopname_ln11" fromId="87" toId="22">
</dataflow>
<dataflow id="90" from="empty_6" to="specloopname_ln11" fromId="89" toId="22">
</dataflow>
<dataflow id="91" from="input_addr" to="input_load" fromId="18" toId="23">
</dataflow>
<dataflow id="92" from="m_V_1_load_1" to="icmp_ln1548" fromId="21" toId="24">
</dataflow>
<dataflow id="93" from="input_load" to="icmp_ln1548" fromId="23" toId="24">
</dataflow>
<dataflow id="94" from="icmp_ln1548" to="m_V_2" fromId="24" toId="25">
</dataflow>
<dataflow id="95" from="input_load" to="m_V_2" fromId="23" toId="25">
</dataflow>
<dataflow id="96" from="m_V_1_load_1" to="m_V_2" fromId="21" toId="25">
</dataflow>
<dataflow id="97" from="m_V_2" to="store_ln16" fromId="25" toId="26">
</dataflow>
<dataflow id="98" from="m_V_1" to="store_ln16" fromId="5" toId="26">
</dataflow>
<dataflow id="99" from="m_V_1" to="m_V_1_load" fromId="5" toId="28">
</dataflow>
<dataflow id="101" from="_ssdm_op_Write.ap_auto.i24P0A" to="write_ln0" fromId="100" toId="29">
</dataflow>
<dataflow id="102" from="m_V_1_out" to="write_ln0" fromId="42" toId="29">
</dataflow>
<dataflow id="103" from="m_V_1_load" to="write_ln0" fromId="28" toId="29">
</dataflow>
<dataflow id="104" from="icmp_ln15" to="StgValue_2" fromId="13" toId="2">
</dataflow>
</dataflows>


</stg>
