<root versionMajor = "1" versionMinor = "5">
  <kernel src_name="nnet" language="c" hwCtrl="ap_ctrl_hs" mem_layout="fpga64-xilinx-none">
    <args>
      <arg id="0" access_type="r" src_name="in" src_type="stream&lt;ap_fixed&lt;24, 10, AP_RND, AP_WRAP, 0&gt;, 0&gt;&amp;" src_isptr="1" src_bitwidth="32" src_size_or_depth="1">
        <hw hw_usage="data" hw_interface="FIFO" hw_name="in_r" hw_bitwidth="24" hw_size_or_depth="0">
          <constraint constraint_type="pragma interface" mode="ap_fifo" register_option="0"/>
        </hw>
      </arg>
      <arg id="1" access_type="w" src_name="out" src_type="stream&lt;ap_fixed&lt;24, 10, AP_RND, AP_WRAP, 0&gt;, 0&gt;&amp;" src_isptr="1" src_bitwidth="32" src_size_or_depth="1">
        <hw hw_usage="data" hw_interface="FIFO" hw_name="out_r" hw_bitwidth="24" hw_size_or_depth="0">
          <constraint constraint_type="pragma interface" mode="ap_fifo" register_option="0"/>
        </hw>
      </arg>
    </args>
    <return src_type="void" src_bitwidth="0" offset="0x0">
      <hw hw_usage="data" hw_interface="" hw_name="" hw_bitwidth="0"/>
    </return>
  </kernel>
</root>
